id,author,description,guid,to,likecount,link,pubdate,replycount,title,authorChannelUrl
1,@DansXEdits,"""Nikola tesla 2.0""",UgxGgTSzLBXVTdC3TwZ4AaABAg,,0,https://www.youtube.com/watch?v=lT3vGaOLWqE&lc=UgxGgTSzLBXVTdC3TwZ4AaABAg,6/19/2024 9:22,0,"""Nikola tesla 2.0""",http://www.youtube.com/@DansXEdits
2,@Bacon_Protogen1111,Evrey video is almot his last video,Ugx6aPHcfnkr9EmBmgN4AaABAg,,0,https://www.youtube.com/watch?v=lT3vGaOLWqE&lc=Ugx6aPHcfnkr9EmBmgN4AaABAg,6/19/2024 5:27,0,Evrey video is almot his last video,http://www.youtube.com/@Bacon_Protogen1111
3,@I_Like_Da_hood99,7:59,UgxWTC4FZhSeUbYaPhl4AaABAg,,0,https://www.youtube.com/watch?v=lT3vGaOLWqE&lc=UgxWTC4FZhSeUbYaPhl4AaABAg,6/18/2024 23:24,0,7:59,http://www.youtube.com/@I_Like_Da_hood99
4,@AhmedAlghaithy,6:46 Jumpstart it scared and it was 2 am,UgwyeShUnlC2TAdFmsV4AaABAg,,0,https://www.youtube.com/watch?v=lT3vGaOLWqE&lc=UgwyeShUnlC2TAdFmsV4AaABAg,6/18/2024 4:13,0,6:46 Jumpstart it scared and it was 2 am,http://www.youtube.com/@AhmedAlghaithy
5,@Preetisingh-mo6bh,Mike marcum 2.0 ???,Ugw7fnjc1x6h6sy0U3h4AaABAg,,0,https://www.youtube.com/watch?v=lT3vGaOLWqE&lc=Ugw7fnjc1x6h6sy0U3h4AaABAg,6/17/2024 12:04,0,Mike marcum 2.0 ???,http://www.youtube.com/@Preetisingh-mo6bh
6,@kushagramishra5241,Bro is Killua from hunterxhunter,UgxLQTx_xFcEjwinQZZ4AaABAg,,0,https://www.youtube.com/watch?v=lT3vGaOLWqE&lc=UgxLQTx_xFcEjwinQZZ4AaABAg,6/16/2024 5:28,0,Bro is Killua from hunterxhunter,http://www.youtube.com/@kushagramishra5241
7,@JakeSuderman9,I also need one.,Ugx5-W7Rvq78Xjtw9p54AaABAg,,0,https://www.youtube.com/watch?v=lT3vGaOLWqE&lc=Ugx5-W7Rvq78Xjtw9p54AaABAg,6/15/2024 17:43,0,I also need one.,http://www.youtube.com/@JakeSuderman9
8,@TylerVogel,The only way to heaven is through Jesus Christ.,UgxtY_yD2MbINDeXGt14AaABAg,,0,https://www.youtube.com/watch?v=lT3vGaOLWqE&lc=UgxtY_yD2MbINDeXGt14AaABAg,6/15/2024 15:49,0,The only way to heaven is through Jesus Christ.,http://www.youtube.com/@TylerVogel
9,@cupperstacker3730,This is the type of safety I wanna have when I‚??m older,UgyIqGNRlqC2wG2QWwN4AaABAg,,0,https://www.youtube.com/watch?v=lT3vGaOLWqE&lc=UgyIqGNRlqC2wG2QWwN4AaABAg,6/15/2024 3:39,0,This is the type of safety I wanna have when I‚??m older,http://www.youtube.com/@cupperstacker3730
10,@shawnasaar3134,Bro invented green fire ???,Ugw0G-GMWFw9FNney494AaABAg,,0,https://www.youtube.com/watch?v=lT3vGaOLWqE&lc=Ugw0G-GMWFw9FNney494AaABAg,6/13/2024 16:18,0,Bro invented green fire ???,http://www.youtube.com/@shawnasaar3134
11,@BlackSuitACE,when will he stop touching ts ??≠??≠,UgxCstQ34FrxGxSk6-Z4AaABAg,,0,https://www.youtube.com/watch?v=lT3vGaOLWqE&lc=UgxCstQ34FrxGxSk6-Z4AaABAg,6/11/2024 17:01,0,when will he stop touching ts ??≠??≠,http://www.youtube.com/@BlackSuitACE
12,@BasicThings.981,u have 7.33M subs now,UgzeG8lO8dQkvm6zEVN4AaABAg,,0,https://www.youtube.com/watch?v=lT3vGaOLWqE&lc=UgzeG8lO8dQkvm6zEVN4AaABAg,6/8/2024 20:31,0,u have 7.33M subs now,http://www.youtube.com/@BasicThings.981
13,@markojovanovic165,One of the best episodes!,UgyQk2aba4SmDf5csp14AaABAg,,0,https://www.youtube.com/watch?v=lT3vGaOLWqE&lc=UgyQk2aba4SmDf5csp14AaABAg,6/8/2024 17:23,0,One of the best episodes!,http://www.youtube.com/@markojovanovic165
14,@choose_an_other_one,"Question.. Is he legit? I mean was it actually dangerous to catch it? What about all the other things, they ""look scary"" but they are harmless and he is just having fan fooling the crowd or he is a maniac and the fact that he is alive is a miracle??§?",UgwdYxZJdOuT_FSuxWh4AaABAg,,0,https://www.youtube.com/watch?v=lT3vGaOLWqE&lc=UgwdYxZJdOuT_FSuxWh4AaABAg,6/7/2024 12:03,0,"Question.. Is he legit? I mean was it actually dangerous to catch it? What about all the other things, they ""look scary"" but they are harmless and he is just having fan fooling the crowd or he is a maniac and the fact that he is alive is a miracle??§?",http://www.youtube.com/@choose_an_other_one
15,@pekkatoikkanen3996,This guy must have no nerves in his fingers left any more. All fried.,UgwIUwM1zhGV3P8XfeB4AaABAg,,0,https://www.youtube.com/watch?v=lT3vGaOLWqE&lc=UgwIUwM1zhGV3P8XfeB4AaABAg,6/6/2024 17:22,0,This guy must have no nerves in his fingers left any more. All fried.,http://www.youtube.com/@pekkatoikkanen3996
16,@linsteadpeck9288,I love your videos! Thanks for them‚?¶ and many more!,UgyvYjxShI_44Lv02Ct4AaABAg,,0,https://www.youtube.com/watch?v=lT3vGaOLWqE&lc=UgyvYjxShI_44Lv02Ct4AaABAg,6/6/2024 3:45,0,I love your videos! Thanks for them‚?¶ and many more!,http://www.youtube.com/@linsteadpeck9288
17,@thewestrailway,7:42,UgxrzrzFHslJ-P4zmIF4AaABAg,,0,https://www.youtube.com/watch?v=lT3vGaOLWqE&lc=UgxrzrzFHslJ-P4zmIF4AaABAg,6/5/2024 20:29,0,7:42,http://www.youtube.com/@thewestrailway
18,@BMW_MX,6:47 dont look at me like that?????????,UgylJgYjCL7GuJU0BK94AaABAg,,1,https://www.youtube.com/watch?v=lT3vGaOLWqE&lc=UgylJgYjCL7GuJU0BK94AaABAg,6/4/2024 9:32,0,6:47 dont look at me like that?????????,http://www.youtube.com/@BMW_MX
19,@INTEGRIDEAS,?•∂??µ?§Ø??±?•¥oh my god!!!,UgwrtNWS2eHnBywL1uB4AaABAg,,0,https://www.youtube.com/watch?v=lT3vGaOLWqE&lc=UgwrtNWS2eHnBywL1uB4AaABAg,6/4/2024 9:11,0,?•∂??µ?§Ø??±?•¥oh my god!!!,http://www.youtube.com/@INTEGRIDEAS
20,@sabeen283,Is bro immortal?,Ugz77Qy-tIg2JomMJc94AaABAg,,0,https://www.youtube.com/watch?v=lT3vGaOLWqE&lc=Ugz77Qy-tIg2JomMJc94AaABAg,6/3/2024 6:15,0,Is bro immortal?,http://www.youtube.com/@sabeen283
21,@JustinBrechtel-sd2wf,‚??Now you‚??d be watching a few hours of my corpse cooking to perfection.‚?ù ?§£,UgzluZGW2UASxzvbL094AaABAg,,0,https://www.youtube.com/watch?v=lT3vGaOLWqE&lc=UgzluZGW2UASxzvbL094AaABAg,6/2/2024 14:46,0,‚??Now you‚??d be watching a few hours of my corpse cooking to perfection.‚?ù ?§£,http://www.youtube.com/@JustinBrechtel-sd2wf
22,@DarwinmercaderDavid,J,UgycK6wODYLbzUwAa1F4AaABAg,,0,https://www.youtube.com/watch?v=lT3vGaOLWqE&lc=UgycK6wODYLbzUwAa1F4AaABAg,6/2/2024 10:57,0,J,http://www.youtube.com/@DarwinmercaderDavid
23,@drsteviejasengnsangma8739,Science with commedy is more hilarious??? 2in1 entertainment,UgznYoUjIli1oNRHOaF4AaABAg,,0,https://www.youtube.com/watch?v=lT3vGaOLWqE&lc=UgznYoUjIli1oNRHOaF4AaABAg,6/2/2024 2:15,0,Science with commedy is more hilarious??? 2in1 entertainment,http://www.youtube.com/@drsteviejasengnsangma8739
24,@user-ki7ic3kx4m,Lol 8:50,Ugz_YFsgVP2AbCy57AB4AaABAg,,0,https://www.youtube.com/watch?v=lT3vGaOLWqE&lc=Ugz_YFsgVP2AbCy57AB4AaABAg,6/1/2024 14:22,0,Lol 8:50,http://www.youtube.com/@user-ki7ic3kx4m
25,@gavinokunzsanchez6834,"Remember, fire is dangerous",UgwpWQku2ER-SHsWjAN4AaABAg,,0,https://www.youtube.com/watch?v=lT3vGaOLWqE&lc=UgwpWQku2ER-SHsWjAN4AaABAg,5/31/2024 16:02,0,"Remember, fire is dangerous",http://www.youtube.com/@gavinokunzsanchez6834
26,@zeusmir3579,You touched your 2 hands while wire falling why your not dead,UgyK3lX_0zT-2BuXcOF4AaABAg,,0,https://www.youtube.com/watch?v=lT3vGaOLWqE&lc=UgyK3lX_0zT-2BuXcOF4AaABAg,5/31/2024 4:50,0,You touched your 2 hands while wire falling why your not dead,http://www.youtube.com/@zeusmir3579
27,@zeusmir3579,Bro electro boom,UgwUahIHDX4tLYxQ48V4AaABAg,,0,https://www.youtube.com/watch?v=lT3vGaOLWqE&lc=UgwUahIHDX4tLYxQ48V4AaABAg,5/31/2024 4:49,0,Bro electro boom,http://www.youtube.com/@zeusmir3579
28,@onlylaiden4982,vim pelo Twitter,UgwHB8TmeHiyKoD3Ju94AaABAg,,0,https://www.youtube.com/watch?v=lT3vGaOLWqE&lc=UgwHB8TmeHiyKoD3Ju94AaABAg,5/30/2024 4:29,0,vim pelo Twitter,http://www.youtube.com/@onlylaiden4982
29,@jamalsahari5869,"As a electrical engineer, you must know to turn off your Supply.",Ugy4o8zyJ3qjqynyTA54AaABAg,,1,https://www.youtube.com/watch?v=lT3vGaOLWqE&lc=Ugy4o8zyJ3qjqynyTA54AaABAg,5/30/2024 3:25,2,"As a electrical engineer, you must know to turn off your Supply.",http://www.youtube.com/@jamalsahari5869
30,@jamalsahari5869,All the times.,Ugy4o8zyJ3qjqynyTA54AaABAg.A42tXdizio7A42tc7t3xJP,@jamalsahari5869,0,https://www.youtube.com/watch?v=lT3vGaOLWqE&lc=Ugy4o8zyJ3qjqynyTA54AaABAg.A42tXdizio7A42tc7t3xJP,5/30/2024 3:25,0,All the times.,http://www.youtube.com/@jamalsahari5869
31,@jamalsahari5869,All the times.,Ugy4o8zyJ3qjqynyTA54AaABAg.A42tXdizio7A42tgS_kEES,@jamalsahari5869,0,https://www.youtube.com/watch?v=lT3vGaOLWqE&lc=Ugy4o8zyJ3qjqynyTA54AaABAg.A42tXdizio7A42tgS_kEES,5/30/2024 3:26,0,All the times.,http://www.youtube.com/@jamalsahari5869
32,@Lukargaming246,2:59 umm click on c,UgzfNogfv2tVlj3Si1d4AaABAg,,0,https://www.youtube.com/watch?v=lT3vGaOLWqE&lc=UgzfNogfv2tVlj3Si1d4AaABAg,5/29/2024 13:35,0,2:59 umm click on c,http://www.youtube.com/@Lukargaming246
33,@Epik_Editz_4455,At 9 million subs : ???,UgxHR3iY5DGJ2kyMru94AaABAg,,0,https://www.youtube.com/watch?v=lT3vGaOLWqE&lc=UgxHR3iY5DGJ2kyMru94AaABAg,5/26/2024 2:32,0,At 9 million subs : ???,http://www.youtube.com/@Epik_Editz_4455
34,@germanelektronik6831,?§£?§£?§£?§£?§£?§£?§£?§£?§£?§£????????è?§©??è??è??è??è??è??è?§©?§©?§©?§©?§©?§©,UgzNlsJegNQCltinQcx4AaABAg,,0,https://www.youtube.com/watch?v=lT3vGaOLWqE&lc=UgzNlsJegNQCltinQcx4AaABAg,5/25/2024 16:15,0,?§£?§£?§£?§£?§£?§£?§£?§£?§£?§£????????è?§©??è??è??è??è??è??è?§©?§©?§©?§©?§©?§©,http://www.youtube.com/@germanelektronik6831
35,@gamer427,Bro made a quality 3,UgyEhsMeZ-IEXY3QksN4AaABAg,,0,https://www.youtube.com/watch?v=lT3vGaOLWqE&lc=UgyEhsMeZ-IEXY3QksN4AaABAg,5/25/2024 15:39,0,Bro made a quality 3,http://www.youtube.com/@gamer427
36,@PraviLukijanJC,Now throw a rock in it.,UgyJpSdaLXFAn0Ewo2d4AaABAg,,0,https://www.youtube.com/watch?v=lT3vGaOLWqE&lc=UgyJpSdaLXFAn0Ewo2d4AaABAg,5/25/2024 11:09,0,Now throw a rock in it.,http://www.youtube.com/@PraviLukijanJC
37,@bsvpratap4766,Anyone in 2024???,Ugyx2-rjFef1JbXkd6l4AaABAg,,0,https://www.youtube.com/watch?v=lT3vGaOLWqE&lc=Ugyx2-rjFef1JbXkd6l4AaABAg,5/25/2024 5:35,0,Anyone in 2024???,http://www.youtube.com/@bsvpratap4766
38,@kathybeam4222,Yo,UgxX-ZhvrMQGLkDSM2h4AaABAg,,0,https://www.youtube.com/watch?v=lT3vGaOLWqE&lc=UgxX-ZhvrMQGLkDSM2h4AaABAg,5/24/2024 21:43,0,Yo,http://www.youtube.com/@kathybeam4222
39,@RileyDawelder,My last name is Jacob....,UgwZwtXJXjDZPZZCALt4AaABAg,,0,https://www.youtube.com/watch?v=lT3vGaOLWqE&lc=UgwZwtXJXjDZPZZCALt4AaABAg,5/24/2024 19:13,0,My last name is Jacob....,http://www.youtube.com/@RileyDawelder
40,@marebuild,8:00 ?§£?§£??????,Ugz2vAnYHB81hrjRm-F4AaABAg,,0,https://www.youtube.com/watch?v=lT3vGaOLWqE&lc=Ugz2vAnYHB81hrjRm-F4AaABAg,5/24/2024 1:06,0,8:00 ?§£?§£??????,http://www.youtube.com/@marebuild
41,@DiggyDwarf-wc2qj,8:00 What was CaseOh doing with his weight landing on ElectroBOOM?,Ugz0dljrSu9i96sjPIp4AaABAg,,0,https://www.youtube.com/watch?v=lT3vGaOLWqE&lc=Ugz0dljrSu9i96sjPIp4AaABAg,5/23/2024 9:51,0,8:00 What was CaseOh doing with his weight landing on ElectroBOOM?,http://www.youtube.com/@DiggyDwarf-wc2qj
42,@subhaprabhatdan,I need a 3d printer ??®Ô∏è,UgxfDuONvSenq7cARKB4AaABAg,,0,https://www.youtube.com/watch?v=lT3vGaOLWqE&lc=UgxfDuONvSenq7cARKB4AaABAg,5/21/2024 4:51,0,I need a 3d printer ??®Ô∏è,http://www.youtube.com/@subhaprabhatdan
43,@wmcmullan,3-D printer ASAP,UgxJSvcTWdTrAfFVxnV4AaABAg,,0,https://www.youtube.com/watch?v=lT3vGaOLWqE&lc=UgxJSvcTWdTrAfFVxnV4AaABAg,5/20/2024 18:25,0,3-D printer ASAP,http://www.youtube.com/@wmcmullan
44,@chris26564,"""Luckily, I only sustained some 3rd degree burns"" He said it like it is something he gets on the daily",Ugybmyuip_UY6RNblo94AaABAg,,0,https://www.youtube.com/watch?v=lT3vGaOLWqE&lc=Ugybmyuip_UY6RNblo94AaABAg,5/20/2024 1:47,0,"""Luckily, I only sustained some 3rd degree burns"" He said it like it is something he gets on the daily",http://www.youtube.com/@chris26564
45,@jaranth9512,Electroboom I came from the future to tell you you\'ll get 7.24M subs by 2024 :),UgzuSg0DIBsG5U3oiv54AaABAg,,0,https://www.youtube.com/watch?v=lT3vGaOLWqE&lc=UgzuSg0DIBsG5U3oiv54AaABAg,5/19/2024 10:24,0,Electroboom I came from the future to tell you you\'ll get 7.24M subs by 2024 :),http://www.youtube.com/@jaranth9512
46,@AbhirupMistry-jv8zo,Fuck man!!,UgzzsuDjPPokWaI-zSl4AaABAg,,0,https://www.youtube.com/watch?v=lT3vGaOLWqE&lc=UgzzsuDjPPokWaI-zSl4AaABAg,5/18/2024 22:47,0,Fuck man!!,http://www.youtube.com/@AbhirupMistry-jv8zo
47,@alanmolox2095,"The hot air doesn\'t ""push the arc up"", the hot air rises and is more conductive than cold air, therefore the hot air becomes ionized by the high voltage and takes the available current away from the transformer\'s source preventing it from re-arcing until it reaches the top and can no longer ""see"" any more conductive air as it has floated away.",UgxpYmhiR-GsbBWMMSd4AaABAg,,3,https://www.youtube.com/watch?v=lT3vGaOLWqE&lc=UgxpYmhiR-GsbBWMMSd4AaABAg,5/18/2024 13:59,0,"The hot air doesn\'t ""push the arc up"", the hot air rises and is more conductive than cold air, therefore the hot air becomes ionized by the high voltage and takes the available current away from the transformer\'s source preventing it from re-arcing until it reaches the top and can no longer ""see"" any more conductive air as it has floated away.",http://www.youtube.com/@alanmolox2095
48,@ellenguitar7239,0:40 both metal rods are TV\'s antennas.,Ugy53FU3ZvDAzI4pemd4AaABAg,,0,https://www.youtube.com/watch?v=lT3vGaOLWqE&lc=Ugy53FU3ZvDAzI4pemd4AaABAg,5/17/2024 13:00,0,0:40 both metal rods are TV\'s antennas.,http://www.youtube.com/@ellenguitar7239
49,@memerbiki,Anybody time travel hre..,UgxA4SnUFufWj5j1o1J4AaABAg,,0,https://www.youtube.com/watch?v=lT3vGaOLWqE&lc=UgxA4SnUFufWj5j1o1J4AaABAg,5/17/2024 4:29,0,Anybody time travel hre..,http://www.youtube.com/@memerbiki
50,@Rlo817,imagine reaching 10 million subs,Ugxm6PWJ13zz21q4I2N4AaABAg,,0,https://www.youtube.com/watch?v=lT3vGaOLWqE&lc=Ugxm6PWJ13zz21q4I2N4AaABAg,5/15/2024 10:04,0,imagine reaching 10 million subs,http://www.youtube.com/@Rlo817
51,@eggwin1870,Why doesn‚??t he wear gloves? ?????????,UgwaCPi7mQNXCQT8t9l4AaABAg,,1,https://www.youtube.com/watch?v=lT3vGaOLWqE&lc=UgwaCPi7mQNXCQT8t9l4AaABAg,5/8/2024 18:43,1,Why doesn‚??t he wear gloves? ?????????,http://www.youtube.com/@eggwin1870
52,@Potatoincanada201,"He does wear gloves, except their really flammable gardening gloves ?????????",UgwaCPi7mQNXCQT8t9l4AaABAg.A3Bt75mKoWWA3SmWrlIbws,@eggwin1870,0,https://www.youtube.com/watch?v=lT3vGaOLWqE&lc=UgwaCPi7mQNXCQT8t9l4AaABAg.A3Bt75mKoWWA3SmWrlIbws,5/15/2024 8:12,0,"He does wear gloves, except their really flammable gardening gloves ?????????",http://www.youtube.com/@Potatoincanada201
53,@user-bc4tq8nf2s,Make a time machine,UgyRhNMmP4oLFa_3CGp4AaABAg,,2,https://www.youtube.com/watch?v=lT3vGaOLWqE&lc=UgyRhNMmP4oLFa_3CGp4AaABAg,5/7/2024 4:04,2,Make a time machine,http://www.youtube.com/@user-bc4tq8nf2s
54,@Mr.Anomaly-dg1dt,Yes!! You can stablize the end of it so that a portal of heat destortion opens up,UgyRhNMmP4oLFa_3CGp4AaABAg.A37jmb6Yuh8A3NT978wuCr,@user-bc4tq8nf2s,2,https://www.youtube.com/watch?v=lT3vGaOLWqE&lc=UgyRhNMmP4oLFa_3CGp4AaABAg.A37jmb6Yuh8A3NT978wuCr,5/13/2024 6:38,0,Yes!! You can stablize the end of it so that a portal of heat destortion opens up,http://www.youtube.com/@Mr.Anomaly-dg1dt
55,@Potatoincanada201,Yes!,UgyRhNMmP4oLFa_3CGp4AaABAg.A37jmb6Yuh8A3SmTQIe6-9,@user-bc4tq8nf2s,1,https://www.youtube.com/watch?v=lT3vGaOLWqE&lc=UgyRhNMmP4oLFa_3CGp4AaABAg.A37jmb6Yuh8A3SmTQIe6-9,5/15/2024 8:12,0,Yes!,http://www.youtube.com/@Potatoincanada201
56,@michjacky,Hey im so excitet to view your Videos im from Austria!! Keep forward!! These are the best watchtime after a day of work!!,UgzcPPb0pbZkzdZFH7l4AaABAg,,0,https://www.youtube.com/watch?v=lT3vGaOLWqE&lc=UgzcPPb0pbZkzdZFH7l4AaABAg,5/6/2024 16:58,0,Hey im so excitet to view your Videos im from Austria!! Keep forward!! These are the best watchtime after a day of work!!,http://www.youtube.com/@michjacky
57,@ueeaunglwint,Where are you can go to Singapore and go to science Centre they have a lot of electric science,UgzGf_WBIC3NMwMKqq94AaABAg,,0,https://www.youtube.com/watch?v=lT3vGaOLWqE&lc=UgzGf_WBIC3NMwMKqq94AaABAg,5/5/2024 1:36,0,Where are you can go to Singapore and go to science Centre they have a lot of electric science,http://www.youtube.com/@ueeaunglwint
58,@najo1357,This was the funniest thing Iv ever seen ???,UgyOH_CzTMvUcg-xgMt4AaABAg,,1,https://www.youtube.com/watch?v=lT3vGaOLWqE&lc=UgyOH_CzTMvUcg-xgMt4AaABAg,4/30/2024 22:58,0,This was the funniest thing Iv ever seen ???,http://www.youtube.com/@najo1357
59,@innerthreatcircus5651,It looks safe,Ugw6n4V7uzAlQeRJmgp4AaABAg,,1,https://www.youtube.com/watch?v=lT3vGaOLWqE&lc=Ugw6n4V7uzAlQeRJmgp4AaABAg,4/29/2024 21:47,0,It looks safe,http://www.youtube.com/@innerthreatcircus5651
60,@birdjaro1406_Oficial,"We need a full version of that song, I never get tired of this video ???",UgzWErlvLTg0kVyvqad4AaABAg,,0,https://www.youtube.com/watch?v=lT3vGaOLWqE&lc=UgzWErlvLTg0kVyvqad4AaABAg,4/29/2024 2:59,0,"We need a full version of that song, I never get tired of this video ???",http://www.youtube.com/@birdjaro1406_Oficial
61,@hrgaming7821,How much electricity bill do you pay sir,UgyeB4Jpt9gs05gOhut4AaABAg,,0,https://www.youtube.com/watch?v=lT3vGaOLWqE&lc=UgyeB4Jpt9gs05gOhut4AaABAg,4/28/2024 5:12,0,How much electricity bill do you pay sir,http://www.youtube.com/@hrgaming7821
62,@jamesrodemeyer7544,"I love this guy, may he live to tell his great grand children storys about when he almost killed himself, lol.",Ugw72OedpPK8dL6AQEB4AaABAg,,0,https://www.youtube.com/watch?v=lT3vGaOLWqE&lc=Ugw72OedpPK8dL6AQEB4AaABAg,4/27/2024 11:03,0,"I love this guy, may he live to tell his great grand children storys about when he almost killed himself, lol.",http://www.youtube.com/@jamesrodemeyer7544
63,@trollgeiscomeingforu,8:01 I CANT STOP LAUGHING BEFORE THIS PART,UgwELa2n_Ifmz2X1YpR4AaABAg,,0,https://www.youtube.com/watch?v=lT3vGaOLWqE&lc=UgwELa2n_Ifmz2X1YpR4AaABAg,4/27/2024 10:01,0,8:01 I CANT STOP LAUGHING BEFORE THIS PART,http://www.youtube.com/@trollgeiscomeingforu
64,@joeybuddy96,No one has mentioned his good vocal performance.,UgzfPt7f608G5W7-8jF4AaABAg,,0,https://www.youtube.com/watch?v=lT3vGaOLWqE&lc=UgzfPt7f608G5W7-8jF4AaABAg,4/25/2024 18:02,0,No one has mentioned his good vocal performance.,http://www.youtube.com/@joeybuddy96
65,@Minecraftrobloxgaming-py5sp,I love electricity I ton‚??t know,UgxDlC1TXqF-zke5J9x4AaABAg,,0,https://www.youtube.com/watch?v=lT3vGaOLWqE&lc=UgxDlC1TXqF-zke5J9x4AaABAg,4/25/2024 13:11,0,I love electricity I ton‚??t know,http://www.youtube.com/@Minecraftrobloxgaming-py5sp
66,@RetroGamer74,Even electroboom doesn\'t play with jacob\'s ladders lmao,UgxAkrF-FuPRnNuSKih4AaABAg,,0,https://www.youtube.com/watch?v=lT3vGaOLWqE&lc=UgxAkrF-FuPRnNuSKih4AaABAg,4/23/2024 16:05,0,Even electroboom doesn\'t play with jacob\'s ladders lmao,http://www.youtube.com/@RetroGamer74
67,@Ruvina9525,6:04 6:30,UgxupubH6B_haRT0S1l4AaABAg,,0,https://www.youtube.com/watch?v=lT3vGaOLWqE&lc=UgxupubH6B_haRT0S1l4AaABAg,4/22/2024 23:54,0,6:04 6:30,http://www.youtube.com/@Ruvina9525
68,@tylerperdido8481,Subbed,Ugw4sy8N8gB7GCy5Kyx4AaABAg,,0,https://www.youtube.com/watch?v=lT3vGaOLWqE&lc=Ugw4sy8N8gB7GCy5Kyx4AaABAg,4/22/2024 22:03,0,Subbed,http://www.youtube.com/@tylerperdido8481
69,@markjosemanders9778,"All Religions Are False! Soul does not exist! afterlife does not exist! jesus does not exist! satan does not exist! God does not exist! hope nonsense does exist!. everything has a cause! Can you make yourself? no! how can god make his own? can\'t! evidence! god doesn\'t exist! energy and matter cannot be created or destroyed, that is to say, it has always existed! and will always exist! universe has always existed and will always exist! evidence! god didn\'t create universe! can you prove or explain that god exists! no! then god doesn\'t exist! everything has a cause! but god has no cause? what nonsense! god making his own out of nothing! and god who makes everything out of nothing! without evidence! or explaining anything! is logic? no! is madness! Soul and afterlife! People talk about energy! and a soul! that goes to afterlife! while that energy which is nothing more than body heat! What cannot be destroyed that\'s right! spreading everywhere! and perishes in everything! so what! Not going anywhere specific! is not consciousness either! There is no evidence for soul! and there is no evidence for afterlife! You have to prove something like that first before you can say that! Evolution and origin of life! You really think god made a man in sand blew on it and there\'s adam grab a rib from adam and there you have eva! That\'s how it went? because that\'s nonsense You never looked up origin of life! You never looked up evolution! Even if they don\'t know everything yet! they try to explain! and prove things! which isn\'t easy! is better than nothing! And claim things without evidence or explanation! that\'s the easiest thing to do, but that doesn\'t make it true! Origin of life talk about blocks of life! who by circumstances! originated! Step by step! small changes over time! And small mutation over time! And that counts for evolution too! they don\'t claim that something came out of nothing! The bible does that without explanation! without evidence! God! you need evidence first! that god exists! and has always existed! you need evidence first! that god has created something! especially what cannot be created! energy! the cosmos! the universe! you need evidence first! how god made his own out of nothing! and made everything out of nothing! you need evidence first! what does it matter to anyone in this world! you still have a very long way to go! for proving something! let alone explain something! before you can say anything about it!",UgyzQckkEThCRATTSNh4AaABAg,,1,https://www.youtube.com/watch?v=lT3vGaOLWqE&lc=UgyzQckkEThCRATTSNh4AaABAg,4/22/2024 19:52,0,"All Religions Are False! Soul does not exist! afterlife does not exist! jesus does not exist! satan does not exist! God does not exist! hope nonsense does exist!. everything has a cause! Can you make yourself? no! how can god make his own? can\'t! evidence! god doesn\'t exist! energy and matter cannot be created or destroyed, that is to say, it has always existed! and will always exist! universe has always existed and will always exist! evidence! god didn\'t create universe! can you prove or explain that god exists! no! then god doesn\'t exist! everything has a cause! but god has no cause? what nonsense! god making his own out of nothing! and god who makes everything out of nothing! without evidence! or explaining anything! is logic? no! is madness! Soul and afterlife! People talk about energy! and a soul! that goes to afterlife! while that energy which is nothing more than body heat! What cannot be destroyed that\'s right! spreading everywhere! and perishes in everything! so what! Not going anywhere specific! is not consciousness either! There is no evidence for soul! and there is no evidence for afterlife! You have to prove something like that first before you can say that! Evolution and origin of life! You really think god made a man in sand blew on it and there\'s adam grab a rib from adam and there you have eva! That\'s how it went? because that\'s nonsense You never looked up origin of life! You never looked up evolution! Even if they don\'t know everything yet! they try to explain! and prove things! which isn\'t easy! is better than nothing! And claim things without evidence or explanation! that\'s the easiest thing to do, but that doesn\'t make it true! Origin of life talk about blocks of life! who by circumstances! originated! Step by step! small changes over time! And small mutation over time! And that counts for evolution too! they don\'t claim that something came out of nothing! The bible does that without explanation! without evidence! God! you need evidence first! that god exists! and has always existed! you need evidence first! that god has created something! especially what cannot be created! energy! the cosmos! the universe! you need evidence first! how god made his own out of nothing! and made everything out of nothing! you need evidence first! what does it matter to anyone in this world! you still have a very long way to go! for proving something! let alone explain something! before you can say anything about it!",http://www.youtube.com/@markjosemanders9778
70,@mateusal1,This is why men live less than women,UgwC1s5ZJM6Ru5POcAN4AaABAg,,0,https://www.youtube.com/watch?v=lT3vGaOLWqE&lc=UgwC1s5ZJM6Ru5POcAN4AaABAg,4/22/2024 11:52,0,This is why men live less than women,http://www.youtube.com/@mateusal1
71,@reecerinehart8419,grabbing the jacobs ladder like that is FREAKY,UgxRktVtwBhSSVBfMK54AaABAg,,0,https://www.youtube.com/watch?v=lT3vGaOLWqE&lc=UgxRktVtwBhSSVBfMK54AaABAg,4/21/2024 23:29,0,grabbing the jacobs ladder like that is FREAKY,http://www.youtube.com/@reecerinehart8419
72,@LucasAlmeida-dz5xh,1:45 it‚??s actually scary how close he came to being killed and he was definitely rattled by it for a few moments,UgyQHZSGgSgTof7p2vd4AaABAg,,0,https://www.youtube.com/watch?v=lT3vGaOLWqE&lc=UgyQHZSGgSgTof7p2vd4AaABAg,4/21/2024 2:34,0,1:45 it‚??s actually scary how close he came to being killed and he was definitely rattled by it for a few moments,http://www.youtube.com/@LucasAlmeida-dz5xh
73,@DanHAS2mbounty,7:59 got me dyin loll,UgzTIx-7TgOKjzMU8mN4AaABAg,,0,https://www.youtube.com/watch?v=lT3vGaOLWqE&lc=UgzTIx-7TgOKjzMU8mN4AaABAg,4/21/2024 0:47,0,7:59 got me dyin loll,http://www.youtube.com/@DanHAS2mbounty
74,@waltuh.9047,live leak is wild,UgzJ7pV2jZi2oVNqkeZ4AaABAg,,0,https://www.youtube.com/watch?v=lT3vGaOLWqE&lc=UgzJ7pV2jZi2oVNqkeZ4AaABAg,4/20/2024 16:49,0,live leak is wild,http://www.youtube.com/@waltuh.9047
75,@G07B,"at the rate it\'s going it will end up like electro, good content",UgxwLUUYABaPjd2k9pN4AaABAg,,0,https://www.youtube.com/watch?v=lT3vGaOLWqE&lc=UgxwLUUYABaPjd2k9pN4AaABAg,4/20/2024 10:41,0,"at the rate it\'s going it will end up like electro, good content",http://www.youtube.com/@G07B
76,@brutal_furor5776,????? Ïß?Ïß? Ï£ΩÏù?Îª?Ì??Ï??Ï???,UgyFqnggFC9ROUTLrad4AaABAg,,0,https://www.youtube.com/watch?v=lT3vGaOLWqE&lc=UgyFqnggFC9ROUTLrad4AaABAg,4/20/2024 1:07,0,????? Ïß?Ïß? Ï£ΩÏù?Îª?Ì??Ï??Ï???,http://www.youtube.com/@brutal_furor5776
77,@cyberphatos4835,Is the 3d printer still available?,UgzVGRltb1caKhf3wR14AaABAg,,0,https://www.youtube.com/watch?v=lT3vGaOLWqE&lc=UgzVGRltb1caKhf3wR14AaABAg,4/20/2024 0:18,0,Is the 3d printer still available?,http://www.youtube.com/@cyberphatos4835
78,@Hiddenicloud,Hi Dad =],Ugwcxed3H4EwDtCg1DF4AaABAg,,1,https://www.youtube.com/watch?v=lT3vGaOLWqE&lc=Ugwcxed3H4EwDtCg1DF4AaABAg,4/19/2024 2:58,0,Hi Dad =],http://www.youtube.com/@Hiddenicloud
79,@Desperate4Freedom.,"LIZ BIZZ 3D PRINT BOOM SHAKA LAKA, og Wait! I am late 6 years ;)",UgwzJMS0X7MAswKT2Dt4AaABAg,,1,https://www.youtube.com/watch?v=lT3vGaOLWqE&lc=UgwzJMS0X7MAswKT2Dt4AaABAg,4/16/2024 18:01,0,"LIZ BIZZ 3D PRINT BOOM SHAKA LAKA, og Wait! I am late 6 years ;)",http://www.youtube.com/@Desperate4Freedom.
80,@jasoncooley4008,7:58 He didn\'t die! ???,UgxT3yS9oPDBzjPhJ894AaABAg,,1,https://www.youtube.com/watch?v=lT3vGaOLWqE&lc=UgxT3yS9oPDBzjPhJ894AaABAg,4/14/2024 14:00,0,7:58 He didn\'t die! ???,http://www.youtube.com/@jasoncooley4008
81,@JeremyTheApe,"ElectroBOOM: I have a warranty claim for my insert appliance. Company: I know you. You‚??re trying to electrocute your phone right now, aren‚??t you.",UgxycusCVxJd4DYqYpZ4AaABAg,,1,https://www.youtube.com/watch?v=lT3vGaOLWqE&lc=UgxycusCVxJd4DYqYpZ4AaABAg,4/14/2024 4:50,0,"ElectroBOOM: I have a warranty claim for my insert appliance. Company: I know you. You‚??re trying to electrocute your phone right now, aren‚??t you.",http://www.youtube.com/@JeremyTheApe
82,@brevin9251,The fact that you can see his hands shaking after it fell on top of him honestly shows how scared and nervous he was. HE COULD OF DIED!,Ugzgg2lC6OG6-ydQkW14AaABAg,,1,https://www.youtube.com/watch?v=lT3vGaOLWqE&lc=Ugzgg2lC6OG6-ydQkW14AaABAg,4/14/2024 1:25,0,The fact that you can see his hands shaking after it fell on top of him honestly shows how scared and nervous he was. HE COULD OF DIED!,http://www.youtube.com/@brevin9251
83,@martinmeyer6341,"6 years later, 6 millions more subs ;)",UgzKM3CWHS1HdkoFDOZ4AaABAg,,0,https://www.youtube.com/watch?v=lT3vGaOLWqE&lc=UgzKM3CWHS1HdkoFDOZ4AaABAg,4/13/2024 18:43,0,"6 years later, 6 millions more subs ;)",http://www.youtube.com/@martinmeyer6341
84,@mahdiahmadi9511,ÿØŸ?ÿ™ ⁄Øÿ±Ÿ? ÿØÿßÿØÿßÿ¥ ÿπÿ¥Ÿ?€? ÿ∫ÿ¥Ÿ?,Ugzh_ju2vtiEFF-ySj14AaABAg,,0,https://www.youtube.com/watch?v=lT3vGaOLWqE&lc=Ugzh_ju2vtiEFF-ySj14AaABAg,4/13/2024 14:18,0,ÿØŸ?ÿ™ ⁄Øÿ±Ÿ? ÿØÿßÿØÿßÿ¥ ÿπÿ¥Ÿ?€? ÿ∫ÿ¥Ÿ?,http://www.youtube.com/@mahdiahmadi9511
85,@Lute_45,This guy almost dies in every video,UgxFCUkElcybBhmLBrJ4AaABAg,,1,https://www.youtube.com/watch?v=lT3vGaOLWqE&lc=UgxFCUkElcybBhmLBrJ4AaABAg,4/13/2024 0:15,0,This guy almost dies in every video,http://www.youtube.com/@Lute_45
86,@joao98_,"""That\'s not"" a Jacob\'s ladder, and it\'s definitely not deadly enough... This here is a deadly Jacob\'s ladder: https://youtu.be/BBEA29r85Hg?si=-5eXNNF3d90WeHAAt=870 Using discarded equipment from an electrical substation, 127V TO 36,000V. Now that\'s deadly.",UgzzDwdgkTGYE46qt_N4AaABAg,,0,https://www.youtube.com/watch?v=lT3vGaOLWqE&lc=UgzzDwdgkTGYE46qt_N4AaABAg,4/12/2024 1:17,0,"""That\'s not"" a Jacob\'s ladder, and it\'s definitely not deadly enough... This here is a deadly Jacob\'s ladder: https://youtu.be/BBEA29r85Hg?si=-5eXNNF3d90WeHAAt=870 Using discarded equipment from an electrical substation, 127V TO 36,000V. Now that\'s deadly.",http://www.youtube.com/@joao98_
87,@jacoblipp2946,Meeee???,Ugy_q7eAn4D5L5LYqul4AaABAg,,0,https://www.youtube.com/watch?v=lT3vGaOLWqE&lc=Ugy_q7eAn4D5L5LYqul4AaABAg,4/11/2024 19:39,0,Meeee???,http://www.youtube.com/@jacoblipp2946
88,@vishamuthu4927,??≠??≠??≠??≠??≠??≠??≠??≠??≠??≠??≠??≠??≠??≠??≠??≠??≠??≠???????????????,Ugz_p8HDaZOKnkDpGmR4AaABAg,,1,https://www.youtube.com/watch?v=lT3vGaOLWqE&lc=Ugz_p8HDaZOKnkDpGmR4AaABAg,4/11/2024 12:32,0,??≠??≠??≠??≠??≠??≠??≠??≠??≠??≠??≠??≠??≠??≠??≠??≠??≠??≠???????????????,http://www.youtube.com/@vishamuthu4927
89,@Slxavzy,anyone still here in 2024? ???,UgzPAqL7zhzPLBlNarF4AaABAg,,1,https://www.youtube.com/watch?v=lT3vGaOLWqE&lc=UgzPAqL7zhzPLBlNarF4AaABAg,4/11/2024 9:53,0,anyone still here in 2024? ???,http://www.youtube.com/@Slxavzy
90,@8.30am33.SITHUM,??¢‚ù§‚ù§‚ù§,UgwVT0Su1tWKRa5_7Gd4AaABAg,,0,https://www.youtube.com/watch?v=lT3vGaOLWqE&lc=UgwVT0Su1tWKRa5_7Gd4AaABAg,4/10/2024 14:52,0,??¢‚ù§‚ù§‚ù§,http://www.youtube.com/@8.30am33.SITHUM
91,@gamingzone4748,Hai can you make a frequency multiplier for ac source,UgzPnnIOdJNTNtSMiSh4AaABAg,,0,https://www.youtube.com/watch?v=lT3vGaOLWqE&lc=UgzPnnIOdJNTNtSMiSh4AaABAg,4/10/2024 7:05,0,Hai can you make a frequency multiplier for ac source,http://www.youtube.com/@gamingzone4748
92,@Nic966,I\'m dying of laughter???????????????,UgwWgxcRRZnkZzsi5bd4AaABAg,,0,https://www.youtube.com/watch?v=lT3vGaOLWqE&lc=UgwWgxcRRZnkZzsi5bd4AaABAg,4/9/2024 20:03,0,I\'m dying of laughter???????????????,http://www.youtube.com/@Nic966
93,@jackdavenport5011,8:01 you can really tell how terrifying that mistake was by how much his hands are shaking afterwards. that\'s how you this is a genuine mistake which almost could have killed him instead of just a planned gag,UgycfT9o7vhygX5OOkZ4AaABAg,,6,https://www.youtube.com/watch?v=lT3vGaOLWqE&lc=UgycfT9o7vhygX5OOkZ4AaABAg,4/8/2024 9:05,0,8:01 you can really tell how terrifying that mistake was by how much his hands are shaking afterwards. that\'s how you this is a genuine mistake which almost could have killed him instead of just a planned gag,http://www.youtube.com/@jackdavenport5011
94,@juannixs1524,"7:59 Man this made me laugh hard, I hope he\'s fine ???",UgzV3Tci6bHRrJfrmzx4AaABAg,,0,https://www.youtube.com/watch?v=lT3vGaOLWqE&lc=UgzV3Tci6bHRrJfrmzx4AaABAg,4/7/2024 22:47,0,"7:59 Man this made me laugh hard, I hope he\'s fine ???",http://www.youtube.com/@juannixs1524
95,@KylanMaier,1:41 Oooooooooowwwwwww bro barely reacted I would have been On the floor,UgxcrLa6H66XXn3D_8N4AaABAg,,1,https://www.youtube.com/watch?v=lT3vGaOLWqE&lc=UgxcrLa6H66XXn3D_8N4AaABAg,4/7/2024 18:12,0,1:41 Oooooooooowwwwwww bro barely reacted I would have been On the floor,http://www.youtube.com/@KylanMaier
96,@buraydaw1,???,UgwukMbvxc12EBYHx1R4AaABAg,,0,https://www.youtube.com/watch?v=lT3vGaOLWqE&lc=UgwukMbvxc12EBYHx1R4AaABAg,4/7/2024 17:15,0,???,http://www.youtube.com/@buraydaw1
97,@kazikmajster5650,I wonder how many EiA student will kill themselves because of this guy.,UgwoyOawNd_Kb1hbkCZ4AaABAg,,2,https://www.youtube.com/watch?v=lT3vGaOLWqE&lc=UgwoyOawNd_Kb1hbkCZ4AaABAg,4/7/2024 14:46,0,I wonder how many EiA student will kill themselves because of this guy.,http://www.youtube.com/@kazikmajster5650
98,@ryansarshad8542,Can you go to lkea and test the highest voltage,Ugy_UDCCDHpSyO6xMCF4AaABAg,,1,https://www.youtube.com/watch?v=lT3vGaOLWqE&lc=Ugy_UDCCDHpSyO6xMCF4AaABAg,4/7/2024 10:25,0,Can you go to lkea and test the highest voltage,http://www.youtube.com/@ryansarshad8542
99,@user-tu5nw7vo2q,"Because when they threw a piece of metal in it, it would disappear for a few seconds and reappear on the other side",UgxrzpQHOQ88z--nEhl4AaABAg,,1,https://www.youtube.com/watch?v=lT3vGaOLWqE&lc=UgxrzpQHOQ88z--nEhl4AaABAg,4/6/2024 7:11,0,"Because when they threw a piece of metal in it, it would disappear for a few seconds and reappear on the other side",http://www.youtube.com/@user-tu5nw7vo2q
100,@user-tu5nw7vo2q,You know somebody used a Jacobs ladder to time travel,Ugwd2b5DGfgFPTFvkq54AaABAg,,0,https://www.youtube.com/watch?v=lT3vGaOLWqE&lc=Ugwd2b5DGfgFPTFvkq54AaABAg,4/6/2024 7:10,0,You know somebody used a Jacobs ladder to time travel,http://www.youtube.com/@user-tu5nw7vo2q
101,@user-ki7ic3kx4m,I feel bad for you you got eleuted,Ugxr5k6NmsDqRDiQr9p4AaABAg,,0,https://www.youtube.com/watch?v=lT3vGaOLWqE&lc=Ugxr5k6NmsDqRDiQr9p4AaABAg,4/5/2024 15:17,0,I feel bad for you you got eleuted,http://www.youtube.com/@user-ki7ic3kx4m
102,@user-ki7ic3kx4m,6:23 lol plz put funny stuff in the replies,UgzpFPkzglTTTz55Cax4AaABAg,,0,https://www.youtube.com/watch?v=lT3vGaOLWqE&lc=UgzpFPkzglTTTz55Cax4AaABAg,4/5/2024 15:08,1,6:23 lol plz put funny stuff in the replies,http://www.youtube.com/@user-ki7ic3kx4m
103,@user-ki7ic3kx4m,7:58,UgzpFPkzglTTTz55Cax4AaABAg.A1rXIo6-pk-A1rXf4JlvZa,@user-ki7ic3kx4m,0,https://www.youtube.com/watch?v=lT3vGaOLWqE&lc=UgzpFPkzglTTTz55Cax4AaABAg.A1rXIo6-pk-A1rXf4JlvZa,4/5/2024 15:11,0,7:58,http://www.youtube.com/@user-ki7ic3kx4m
104,@5amDBZDante,"""of all people it fell right on top of me"" the only one there to fall on lmao",Ugy2P5f6_bdz9NsIm3h4AaABAg,,2,https://www.youtube.com/watch?v=lT3vGaOLWqE&lc=Ugy2P5f6_bdz9NsIm3h4AaABAg,4/5/2024 10:37,0,"""of all people it fell right on top of me"" the only one there to fall on lmao",http://www.youtube.com/@5amDBZDante
105,@user-kx8xm1ix2t,??????,UgwDgvXz0xFJrAIc5K94AaABAg,,0,https://www.youtube.com/watch?v=lT3vGaOLWqE&lc=UgwDgvXz0xFJrAIc5K94AaABAg,4/5/2024 0:13,0,??????,http://www.youtube.com/@user-kx8xm1ix2t
106,@obnox7601,"I know you fake a lot of the shocks and burns, but showing how to build a jacob\'s ladder with a microwave transformer is the most reckless thing you could suggest. I sincerely hope you will take down this video. People who know little about electricity will be tempted to try this, and may pay the ultimate price. And for all the other commenters that think they know what they are doing, please just google, ""deaths from microwave oven transformers"". I am also an electrical engineer with 45 years experience, including working with Navy shipboard high power radar systems. I have literately seen people killed because they don\'t understand electricity.",UgyPnadwPrSm4Up14UB4AaABAg,,2,https://www.youtube.com/watch?v=lT3vGaOLWqE&lc=UgyPnadwPrSm4Up14UB4AaABAg,4/4/2024 21:42,2,"I know you fake a lot of the shocks and burns, but showing how to build a jacob\'s ladder with a microwave transformer is the most reckless thing you could suggest. I sincerely hope you will take down this video. People who know little about electricity will be tempted to try this, and may pay the ultimate price. And for all the other commenters that think they know what they are doing, please just google, ""deaths from microwave oven transformers"". I am also an electrical engineer with 45 years experience, including working with Navy shipboard high power radar systems. I have literately seen people killed because they don\'t understand electricity.",http://www.youtube.com/@obnox7601
107,@skrkttrqzq9984,"1:06 he doesnt suggest anything, its like you were telling pepole to stop making documentary\'s about criminals just cause someone may try to do something similar",UgyPnadwPrSm4Up14UB4AaABAg.A1pedeBLyNCA1tCSvdt9tR,@obnox7601,2,https://www.youtube.com/watch?v=lT3vGaOLWqE&lc=UgyPnadwPrSm4Up14UB4AaABAg.A1pedeBLyNCA1tCSvdt9tR,4/6/2024 6:44,0,"1:06 he doesnt suggest anything, its like you were telling pepole to stop making documentary\'s about criminals just cause someone may try to do something similar",http://www.youtube.com/@skrkttrqzq9984
108,@Dell-ol6hb,what moron would try to make this without any electrical experience? At that point they were going to mess around with a microwave transformer anyway regardless of this video existing or not and there\'s nothing you can do about people deciding to rip open a microwave and rip out the transformer,UgyPnadwPrSm4Up14UB4AaABAg.A1pedeBLyNCA1xY4KNKrRv,@obnox7601,1,https://www.youtube.com/watch?v=lT3vGaOLWqE&lc=UgyPnadwPrSm4Up14UB4AaABAg.A1pedeBLyNCA1xY4KNKrRv,4/7/2024 23:10,0,what moron would try to make this without any electrical experience? At that point they were going to mess around with a microwave transformer anyway regardless of this video existing or not and there\'s nothing you can do about people deciding to rip open a microwave and rip out the transformer,http://www.youtube.com/@Dell-ol6hb
109,@mauroramoscontreras6070,Use safty gloves and don\'t burn yourself??ç??ç??ç??ç??ê?•?,UgxVhaaM-3kJOZDMffV4AaABAg,,0,https://www.youtube.com/watch?v=lT3vGaOLWqE&lc=UgxVhaaM-3kJOZDMffV4AaABAg,4/4/2024 17:33,0,Use safty gloves and don\'t burn yourself??ç??ç??ç??ç??ê?•?,http://www.youtube.com/@mauroramoscontreras6070
110,@jack-er2wm,wow u were lucky those wires broke or um yea like u said,Ugx1Wr2dz8e_wg-9jOd4AaABAg,,0,https://www.youtube.com/watch?v=lT3vGaOLWqE&lc=Ugx1Wr2dz8e_wg-9jOd4AaABAg,4/4/2024 17:25,0,wow u were lucky those wires broke or um yea like u said,http://www.youtube.com/@jack-er2wm
111,@DusankaKomnenic,Why didn‚??t they call it Lulzass. I want it,UgwgFnk2S90gxY6d2H54AaABAg,,1,https://www.youtube.com/watch?v=lT3vGaOLWqE&lc=UgwgFnk2S90gxY6d2H54AaABAg,4/4/2024 12:28,0,Why didn‚??t they call it Lulzass. I want it,http://www.youtube.com/@DusankaKomnenic
112,@MaskiePXD,god wants you to live,Ugx3-Y2lmH07_Sz3eFZ4AaABAg,,1,https://www.youtube.com/watch?v=lT3vGaOLWqE&lc=Ugx3-Y2lmH07_Sz3eFZ4AaABAg,4/4/2024 8:55,0,god wants you to live,http://www.youtube.com/@MaskiePXD
113,@JRumgay,I‚??m so sorry,UgwB4gOi_L14DM4zBJh4AaABAg,,0,https://www.youtube.com/watch?v=lT3vGaOLWqE&lc=UgwB4gOi_L14DM4zBJh4AaABAg,4/3/2024 17:30,0,I‚??m so sorry,http://www.youtube.com/@JRumgay
114,@josuerfregoso6230,How is this guy still alive?,UgyWqlHxNL8vuZt1MBt4AaABAg,,0,https://www.youtube.com/watch?v=lT3vGaOLWqE&lc=UgyWqlHxNL8vuZt1MBt4AaABAg,4/3/2024 13:27,0,How is this guy still alive?,http://www.youtube.com/@josuerfregoso6230
115,@Heikinnen0301,Let\'s go with 10M subscribers! Let\'s build a super large Tesla tower in the backyard,UgzBh4loRKm4tKp5Lf14AaABAg,,0,https://www.youtube.com/watch?v=lT3vGaOLWqE&lc=UgzBh4loRKm4tKp5Lf14AaABAg,4/3/2024 13:14,0,Let\'s go with 10M subscribers! Let\'s build a super large Tesla tower in the backyard,http://www.youtube.com/@Heikinnen0301
116,@bestagox,the song sound like a mix of french and napoletano,Ugxc_KGWHrVK5TW6TIJ4AaABAg,,0,https://www.youtube.com/watch?v=lT3vGaOLWqE&lc=Ugxc_KGWHrVK5TW6TIJ4AaABAg,4/2/2024 20:58,0,the song sound like a mix of french and napoletano,http://www.youtube.com/@bestagox
117,@lalalalla2364,peter war hier,Ugzb4Kno8h5Qad0NLp94AaABAg,,0,https://www.youtube.com/watch?v=lT3vGaOLWqE&lc=Ugzb4Kno8h5Qad0NLp94AaABAg,4/2/2024 14:49,0,peter war hier,http://www.youtube.com/@lalalalla2364
118,@Dangerdogs,3:19 bro made GREEN fire,UgzZBj9s-J5EGvmYDah4AaABAg,,0,https://www.youtube.com/watch?v=lT3vGaOLWqE&lc=UgzZBj9s-J5EGvmYDah4AaABAg,4/2/2024 2:11,0,3:19 bro made GREEN fire,http://www.youtube.com/@Dangerdogs
119,@user-dj3dg4nu9x,You now ha 7 million subs what are you going to do,UgzPGBAWN60XTtqfx594AaABAg,,0,https://www.youtube.com/watch?v=lT3vGaOLWqE&lc=UgzPGBAWN60XTtqfx594AaABAg,4/1/2024 13:14,0,You now ha 7 million subs what are you going to do,http://www.youtube.com/@user-dj3dg4nu9x
120,@myeongsu377,how did he alive?,UgzA3kJLMIo5d3xHocV4AaABAg,,0,https://www.youtube.com/watch?v=lT3vGaOLWqE&lc=UgzA3kJLMIo5d3xHocV4AaABAg,4/1/2024 9:58,0,how did he alive?,http://www.youtube.com/@myeongsu377
121,@YousufandUmar,Now I‚??ll always make flimsy connections. ???,UgzqejGZPWw_LzJ1Cjl4AaABAg,,0,https://www.youtube.com/watch?v=lT3vGaOLWqE&lc=UgzqejGZPWw_LzJ1Cjl4AaABAg,4/1/2024 6:53,0,Now I‚??ll always make flimsy connections. ???,http://www.youtube.com/@YousufandUmar
122,@maerd1956,Now it‚??s 7 million,Ugy-ePskvv8dVZmrV6t4AaABAg,,1,https://www.youtube.com/watch?v=lT3vGaOLWqE&lc=Ugy-ePskvv8dVZmrV6t4AaABAg,4/1/2024 6:48,0,Now it‚??s 7 million,http://www.youtube.com/@maerd1956
123,@parsaashrafi1018,Ÿ?€?ÿ¥Ÿ? €?Ÿ? Ÿ?€?ÿØ€?Ÿ? €? ŸÅÿßÿ±ÿ≥ÿ® Ÿ?Ÿ? ÿ®ÿ≥ÿßÿ≤€? Ÿ?ÿ∑ŸÅÿß??è??è,UgxGNwTIhDGUL-tvldJ4AaABAg,,0,https://www.youtube.com/watch?v=lT3vGaOLWqE&lc=UgxGNwTIhDGUL-tvldJ4AaABAg,3/31/2024 15:51,0,Ÿ?€?ÿ¥Ÿ? €?Ÿ? Ÿ?€?ÿØ€?Ÿ? €? ŸÅÿßÿ±ÿ≥ÿ® Ÿ?Ÿ? ÿ®ÿ≥ÿßÿ≤€? Ÿ?ÿ∑ŸÅÿß??è??è,http://www.youtube.com/@parsaashrafi1018
124,@VahidTohidi-bh3yt,ÿØÿ±Ÿ?ÿØ ÿ®ÿ± ÿ¢Ÿ?ÿß€? Ÿ?Ÿ?Ÿ?ÿØÿ≥ ÿµÿØŸ? ÿØÿßÿ± Ÿ?Ÿ? ÿ®ÿ±ÿß€? ÿ≥ÿßÿÆÿ™ ÿßÿ≤Ÿ? ⁄?Ÿ?ÿ±ÿßÿ™Ÿ?ÿ± Ÿ?€?ÿßÿ≤Ÿ?Ÿ?ÿØ ÿ®ÿ±Ÿ? ÿ≠ÿØŸ?ÿØ €≤€∞ Ÿ?ÿ≤ÿßÿ± Ÿ?Ÿ?ÿ™ ÿ®ÿß ÿ¢Ÿ?Ÿæÿ± €∞.€± Ÿ?€?ÿ®ÿßÿ¥Ÿ? Ÿ?ÿØÿßÿ± ÿÆÿßÿµ€? ÿ®Ÿ? Ÿ?Ÿ? Ÿæ€?ÿ¥Ÿ?Ÿ?ÿßÿØ Ÿ?€?ÿØŸ?€?ÿØ ÿ?,UgyhGwN7nMy3QB7CCAF4AaABAg,,0,https://www.youtube.com/watch?v=lT3vGaOLWqE&lc=UgyhGwN7nMy3QB7CCAF4AaABAg,3/31/2024 11:02,0,ÿØÿ±Ÿ?ÿØ ÿ®ÿ± ÿ¢Ÿ?ÿß€? Ÿ?Ÿ?Ÿ?ÿØÿ≥ ÿµÿØŸ? ÿØÿßÿ± Ÿ?Ÿ? ÿ®ÿ±ÿß€? ÿ≥ÿßÿÆÿ™ ÿßÿ≤Ÿ? ⁄?Ÿ?ÿ±ÿßÿ™Ÿ?ÿ± Ÿ?€?ÿßÿ≤Ÿ?Ÿ?ÿØ ÿ®ÿ±Ÿ? ÿ≠ÿØŸ?ÿØ €≤€∞ Ÿ?ÿ≤ÿßÿ± Ÿ?Ÿ?ÿ™ ÿ®ÿß ÿ¢Ÿ?Ÿæÿ± €∞.€± Ÿ?€?ÿ®ÿßÿ¥Ÿ? Ÿ?ÿØÿßÿ± ÿÆÿßÿµ€? ÿ®Ÿ? Ÿ?Ÿ? Ÿæ€?ÿ¥Ÿ?Ÿ?ÿßÿØ Ÿ?€?ÿØŸ?€?ÿØ ÿ?,http://www.youtube.com/@VahidTohidi-bh3yt
125,@SergheiCamenko,–?–Ω –∑–∞–Ω–∏–º–∞–µ—?—Å—è –≤—Å–µ–≥–¥–∞ —Å —?–∞–∫–∏–º–∏ ?,UgxVmsPYvTNvoBEb1vt4AaABAg,,0,https://www.youtube.com/watch?v=lT3vGaOLWqE&lc=UgxVmsPYvTNvoBEb1vt4AaABAg,3/31/2024 8:27,0,–?–Ω –∑–∞–Ω–∏–º–∞–µ—?—Å—è –≤—Å–µ–≥–¥–∞ —Å —?–∞–∫–∏–º–∏ ?,http://www.youtube.com/@SergheiCamenko
126,@user-lu8iu6of4d,Ÿ?ÿ±ÿØÿ®ÿßŸ? €?ÿπŸ?Ÿ?ÿ®,UgxMOqtLVQo8uws8ind4AaABAg,,0,https://www.youtube.com/watch?v=lT3vGaOLWqE&lc=UgxMOqtLVQo8uws8ind4AaABAg,3/31/2024 6:03,0,Ÿ?ÿ±ÿØÿ®ÿßŸ? €?ÿπŸ?Ÿ?ÿ®,http://www.youtube.com/@user-lu8iu6of4d
127,@VishKH1,Lulz my ????????????,UgzxqtQg6UeM5n6YQKt4AaABAg,,0,https://www.youtube.com/watch?v=lT3vGaOLWqE&lc=UgzxqtQg6UeM5n6YQKt4AaABAg,3/30/2024 11:31,0,Lulz my ????????????,http://www.youtube.com/@VishKH1
128,@alireza4069,⁄?€?ÿ≤€? Ÿ?€?ÿ≥ ÿØÿßÿØÿßÿ? Ÿ?Ÿ? ÿ®ÿ±Ÿ?⁄©ÿßÿ± Ÿ?€?ÿ≥ÿ™Ÿ? ÿßŸ?ÿß ÿ™ÿßÿ≠ÿßŸ?ÿß ÿ¥€?ÿ¥ ÿ®ÿßÿ± ÿ®ÿ±Ÿ? €≤€≤€∞ ⁄Øÿ±ŸÅÿ™ÿ≥Ÿ?ÿ? ÿØŸ? ÿ®ÿßÿ± Ÿ?Ÿ? ÿ®ÿßÿ™ÿ±€? Ÿ?ÿßÿ¥€?Ÿ? ÿ¨ÿ≤ÿ∫ÿßŸ?Ÿ? ⁄©ÿ±ÿØŸ?!! ÿØ€?ÿØÿßÿ± ÿ®Ÿ? Ÿ?€?ÿßŸ?ÿ™,UgxYDtymbBQ9aJCIBJ14AaABAg,,0,https://www.youtube.com/watch?v=lT3vGaOLWqE&lc=UgxYDtymbBQ9aJCIBJ14AaABAg,3/30/2024 8:37,0,⁄?€?ÿ≤€? Ÿ?€?ÿ≥ ÿØÿßÿØÿßÿ? Ÿ?Ÿ? ÿ®ÿ±Ÿ?⁄©ÿßÿ± Ÿ?€?ÿ≥ÿ™Ÿ? ÿßŸ?ÿß ÿ™ÿßÿ≠ÿßŸ?ÿß ÿ¥€?ÿ¥ ÿ®ÿßÿ± ÿ®ÿ±Ÿ? €≤€≤€∞ ⁄Øÿ±ŸÅÿ™ÿ≥Ÿ?ÿ? ÿØŸ? ÿ®ÿßÿ± Ÿ?Ÿ? ÿ®ÿßÿ™ÿ±€? Ÿ?ÿßÿ¥€?Ÿ? ÿ¨ÿ≤ÿ∫ÿßŸ?Ÿ? ⁄©ÿ±ÿØŸ?!! ÿØ€?ÿØÿßÿ± ÿ®Ÿ? Ÿ?€?ÿßŸ?ÿ™,http://www.youtube.com/@alireza4069
129,@DanielChyzhevskyy,OWWWWwwwWWWah 1:46,Ugz_XjML8M062eRy_bp4AaABAg,,0,https://www.youtube.com/watch?v=lT3vGaOLWqE&lc=Ugz_XjML8M062eRy_bp4AaABAg,3/30/2024 0:25,0,OWWWWwwwWWWah 1:46,http://www.youtube.com/@DanielChyzhevskyy
130,@Tayoozh,How is he alive if he touched 2000V (as he claims) ?,Ugylcn39JENSnUE7M8V4AaABAg,,0,https://www.youtube.com/watch?v=lT3vGaOLWqE&lc=Ugylcn39JENSnUE7M8V4AaABAg,3/29/2024 22:52,0,How is he alive if he touched 2000V (as he claims) ?,http://www.youtube.com/@Tayoozh
131,@vella234,You are a madman to play with electricity in this manor.,UgzeIFMGgMmXOzuVBMp4AaABAg,,0,https://www.youtube.com/watch?v=lT3vGaOLWqE&lc=UgzeIFMGgMmXOzuVBMp4AaABAg,3/28/2024 18:26,0,You are a madman to play with electricity in this manor.,http://www.youtube.com/@vella234
132,@mmdpc6102,holly shitttt?????????,UgzSS22N0qtL2MDEheF4AaABAg,,0,https://www.youtube.com/watch?v=lT3vGaOLWqE&lc=UgzSS22N0qtL2MDEheF4AaABAg,3/28/2024 15:25,0,holly shitttt?????????,http://www.youtube.com/@mmdpc6102
133,@SamCyanide,Yipeeee,Ugy0wFbuVql5sXtbP7Z4AaABAg,,0,https://www.youtube.com/watch?v=lT3vGaOLWqE&lc=Ugy0wFbuVql5sXtbP7Z4AaABAg,3/28/2024 9:43,0,Yipeeee,http://www.youtube.com/@SamCyanide
134,@_m_etemadi,???????????????,UgzH5dUqHaoACvoiYsl4AaABAg,,0,https://www.youtube.com/watch?v=lT3vGaOLWqE&lc=UgzH5dUqHaoACvoiYsl4AaABAg,3/27/2024 20:44,0,???????????????,http://www.youtube.com/@_m_etemadi
135,@mr.sharkpuppet8630,7:59 hcnshhts,Ugxg77p2k_8hKw-GEWt4AaABAg,,0,https://www.youtube.com/watch?v=lT3vGaOLWqE&lc=Ugxg77p2k_8hKw-GEWt4AaABAg,3/27/2024 10:34,0,7:59 hcnshhts,http://www.youtube.com/@mr.sharkpuppet8630
136,@jocelyncotton3129,"??? You made it, by shocking the shit out of yourself multiple times ??Æ?????? 8:00 the face he will be making in his casket ??? so you aren\'t going bald it\'s just all singed off???",Ugz_4WPRLaZgKIwK6FB4AaABAg,,0,https://www.youtube.com/watch?v=lT3vGaOLWqE&lc=Ugz_4WPRLaZgKIwK6FB4AaABAg,3/27/2024 8:21,0,"??? You made it, by shocking the shit out of yourself multiple times ??Æ?????? 8:00 the face he will be making in his casket ??? so you aren\'t going bald it\'s just all singed off???",http://www.youtube.com/@jocelyncotton3129
137,@BottomBunkArt,Almost seven years later and you‚??re almost to 7 million,UgyMHItZVz8h7KnbHBR4AaABAg,,1,https://www.youtube.com/watch?v=lT3vGaOLWqE&lc=UgyMHItZVz8h7KnbHBR4AaABAg,3/26/2024 15:28,0,Almost seven years later and you‚??re almost to 7 million,http://www.youtube.com/@BottomBunkArt
138,@dridrijo,ÿØŸ?ÿ≥ÿ™ Ÿ?Ÿ? €?Ÿ? ÿ≠Ÿ?ÿß€?ÿ™€? ÿßÿ≤ Ÿ?ÿß ÿßŸ?ÿ¨ÿßŸ? Ÿ?€?ÿØ€? Ÿ?Ÿ?Ÿ?Ÿ?Ÿ?ÿ™Ÿ?,Ugy6Dr46OIEEdsbNS2V4AaABAg,,1,https://www.youtube.com/watch?v=lT3vGaOLWqE&lc=Ugy6Dr46OIEEdsbNS2V4AaABAg,3/26/2024 14:13,0,ÿØŸ?ÿ≥ÿ™ Ÿ?Ÿ? €?Ÿ? ÿ≠Ÿ?ÿß€?ÿ™€? ÿßÿ≤ Ÿ?ÿß ÿßŸ?ÿ¨ÿßŸ? Ÿ?€?ÿØ€? Ÿ?Ÿ?Ÿ?Ÿ?Ÿ?ÿ™Ÿ?,http://www.youtube.com/@dridrijo
139,@thetransportationguy7930,"The Grim Reaper: ‚??alright, it‚??s time to go to the afterlife, you were electrocuted‚?ù ElectroBOOM: ‚??HAHAHAHAAAAA, *NOPE* !‚?ù *reenters this mortal realm*",UgwYcr9NDEwupzVjIep4AaABAg,,0,https://www.youtube.com/watch?v=lT3vGaOLWqE&lc=UgwYcr9NDEwupzVjIep4AaABAg,3/26/2024 13:01,0,"The Grim Reaper: ‚??alright, it‚??s time to go to the afterlife, you were electrocuted‚?ù ElectroBOOM: ‚??HAHAHAHAAAAA, *NOPE* !‚?ù *reenters this mortal realm*",http://www.youtube.com/@thetransportationguy7930
140,@ZungleIF,7:58 His hands are shaking. I\'ve never seen his hands shaking in other videos. That means it was really dangerous and wasn\'t planned.,Ugx5mRIPzG4-Osjq59p4AaABAg,,0,https://www.youtube.com/watch?v=lT3vGaOLWqE&lc=Ugx5mRIPzG4-Osjq59p4AaABAg,3/26/2024 0:34,0,7:58 His hands are shaking. I\'ve never seen his hands shaking in other videos. That means it was really dangerous and wasn\'t planned.,http://www.youtube.com/@ZungleIF
141,@boyznthewoodz770,You can see his hands shaking right after the fuck up lmao don‚??t die Medhi pls,UgxOZ98dLHVHKoNBdnh4AaABAg,,0,https://www.youtube.com/watch?v=lT3vGaOLWqE&lc=UgxOZ98dLHVHKoNBdnh4AaABAg,3/25/2024 19:03,0,You can see his hands shaking right after the fuck up lmao don‚??t die Medhi pls,http://www.youtube.com/@boyznthewoodz770
142,@gideonbeamandloudinll2292,When the party thing broke it made me laugh.,Ugx6u8NB-rYInnJlhQN4AaABAg,,0,https://www.youtube.com/watch?v=lT3vGaOLWqE&lc=Ugx6u8NB-rYInnJlhQN4AaABAg,3/25/2024 15:39,0,When the party thing broke it made me laugh.,http://www.youtube.com/@gideonbeamandloudinll2292
143,@lordpapirika1238,Im only just now realizing how close he was to dying,UgxHnTBicZz_Akhu8SJ4AaABAg,,0,https://www.youtube.com/watch?v=lT3vGaOLWqE&lc=UgxHnTBicZz_Akhu8SJ4AaABAg,3/23/2024 22:42,0,Im only just now realizing how close he was to dying,http://www.youtube.com/@lordpapirika1238
144,@lordpapirika1238,Lmao its like hes a hardcore player that knows everything and messes around but it almost caught up to him,UgxfHqZLI4Gku4i8iuZ4AaABAg,,0,https://www.youtube.com/watch?v=lT3vGaOLWqE&lc=UgxfHqZLI4Gku4i8iuZ4AaABAg,3/23/2024 22:40,0,Lmao its like hes a hardcore player that knows everything and messes around but it almost caught up to him,http://www.youtube.com/@lordpapirika1238
145,@jabsjohn9902,‚??Maybe I could have posted it on liveleak‚?ù??????,UgzjFbfYo0VOdZ8dRex4AaABAg,,0,https://www.youtube.com/watch?v=lT3vGaOLWqE&lc=UgzjFbfYo0VOdZ8dRex4AaABAg,3/23/2024 13:21,0,‚??Maybe I could have posted it on liveleak‚?ù??????,http://www.youtube.com/@jabsjohn9902
146,@L.factor.X643,It was mind blowing ??????????????? .,UgwvRv6SitA99vsHdEV4AaABAg,,0,https://www.youtube.com/watch?v=lT3vGaOLWqE&lc=UgwvRv6SitA99vsHdEV4AaABAg,3/23/2024 10:17,0,It was mind blowing ??????????????? .,http://www.youtube.com/@L.factor.X643
147,@Nutflavoredchips,This guy has more balls than anyone in this world,UgyvoN6aMvxIAHwHQz14AaABAg,,0,https://www.youtube.com/watch?v=lT3vGaOLWqE&lc=UgyvoN6aMvxIAHwHQz14AaABAg,3/22/2024 9:51,0,This guy has more balls than anyone in this world,http://www.youtube.com/@Nutflavoredchips
148,@Placek-Poland,"""such experiments are not worth dying"" ads more electricy.",UgwNbaK4tumeYJpC0794AaABAg,,0,https://www.youtube.com/watch?v=lT3vGaOLWqE&lc=UgwNbaK4tumeYJpC0794AaABAg,3/21/2024 14:02,0,"""such experiments are not worth dying"" ads more electricy.",http://www.youtube.com/@Placek-Poland
149,@Placek-Poland,bro really dont know how to celebrate???,UgzkHMqk4dTf-MJhmvB4AaABAg,,0,https://www.youtube.com/watch?v=lT3vGaOLWqE&lc=UgzkHMqk4dTf-MJhmvB4AaABAg,3/21/2024 13:47,0,bro really dont know how to celebrate???,http://www.youtube.com/@Placek-Poland
150,@MrChicken547,The funny moment I\'m time line Touching a electric 1:44 Setting electric on fire spark 3:15 Burning capacitor 5:18 Spark fire explode Jake ladder 6:02 Spark Jake ladder collapse 7:59,UgyRUeiLqZF-R31UqMd4AaABAg,,0,https://www.youtube.com/watch?v=lT3vGaOLWqE&lc=UgyRUeiLqZF-R31UqMd4AaABAg,3/21/2024 11:41,0,The funny moment I\'m time line Touching a electric 1:44 Setting electric on fire spark 3:15 Burning capacitor 5:18 Spark fire explode Jake ladder 6:02 Spark Jake ladder collapse 7:59,http://www.youtube.com/@MrChicken547
151,@M7MDXDMinecraft100,"Hello, can you use the dubbing feature on YouTube to translate into all languages ‚??‚??in the world?",UgxCOvTGNVxLc_mzIi54AaABAg,,1,https://www.youtube.com/watch?v=lT3vGaOLWqE&lc=UgxCOvTGNVxLc_mzIi54AaABAg,3/20/2024 20:18,0,"Hello, can you use the dubbing feature on YouTube to translate into all languages ‚??‚??in the world?",http://www.youtube.com/@M7MDXDMinecraft100
152,@M7MDXDMinecraft100,"Hello, can you use the dubbing feature on YouTube to translate into all languages in the world?",UgwtriYrJx6yPTOrxaZ4AaABAg,,1,https://www.youtube.com/watch?v=lT3vGaOLWqE&lc=UgwtriYrJx6yPTOrxaZ4AaABAg,3/20/2024 20:18,0,"Hello, can you use the dubbing feature on YouTube to translate into all languages in the world?",http://www.youtube.com/@M7MDXDMinecraft100
153,@M7MDXDMinecraft100,"Hello, can you use the dubbing feature on YouTube to translate into all languages in the world?",Ugwjrn57I84qcZBNpNp4AaABAg,,1,https://www.youtube.com/watch?v=lT3vGaOLWqE&lc=Ugwjrn57I84qcZBNpNp4AaABAg,3/20/2024 20:17,0,"Hello, can you use the dubbing feature on YouTube to translate into all languages in the world?",http://www.youtube.com/@M7MDXDMinecraft100
154,@M7MDXDMinecraft100,"Hello, can you use the dubbing feature on YouTube to translate into all languages ‚??‚??in the world?",Ugw5sdWWlxrXQPUJM4t4AaABAg,,1,https://www.youtube.com/watch?v=lT3vGaOLWqE&lc=Ugw5sdWWlxrXQPUJM4t4AaABAg,3/20/2024 20:17,0,"Hello, can you use the dubbing feature on YouTube to translate into all languages ‚??‚??in the world?",http://www.youtube.com/@M7MDXDMinecraft100
155,@BeamMonsterZeus,"These arcs and plasma pockets are reminiscent of CMEs from our Sun, due to similar physics and matter.",UgzDGsmcWdINm0cGDHB4AaABAg,,0,https://www.youtube.com/watch?v=lT3vGaOLWqE&lc=UgzDGsmcWdINm0cGDHB4AaABAg,3/20/2024 1:30,0,"These arcs and plasma pockets are reminiscent of CMEs from our Sun, due to similar physics and matter.",http://www.youtube.com/@BeamMonsterZeus
156,@n0_one-mc5to,Bro if you know what you\'re doing is dangerous . you got shocked by more than a thousand times . you nearly die in every video  then why don\'t you wear protective gear??????????,UgxyK1087dB5QhUh-m94AaABAg,,0,https://www.youtube.com/watch?v=lT3vGaOLWqE&lc=UgxyK1087dB5QhUh-m94AaABAg,3/19/2024 20:52,0,Bro if you know what you\'re doing is dangerous . you got shocked by more than a thousand times . you nearly die in every video  then why don\'t you wear protective gear??????????,http://www.youtube.com/@n0_one-mc5to
157,@user-yq1xc2vw8c,Â??Â??Â??Â??Â??Â??Â??Â??Â??Â??Â?????,UgyYIAjtJ1Sn7i8zq7B4AaABAg,,0,https://www.youtube.com/watch?v=lT3vGaOLWqE&lc=UgyYIAjtJ1Sn7i8zq7B4AaABAg,3/19/2024 20:10,0,Â??Â??Â??Â??Â??Â??Â??Â??Â??Â??Â?????,http://www.youtube.com/@user-yq1xc2vw8c
158,@murkginroblox3207,7:59 got me laughing???,Ugxvh7MCeYOQ27BmBvF4AaABAg,,0,https://www.youtube.com/watch?v=lT3vGaOLWqE&lc=Ugxvh7MCeYOQ27BmBvF4AaABAg,3/19/2024 6:58,0,7:59 got me laughing???,http://www.youtube.com/@murkginroblox3207
159,@lynzicastimore9547,I can see it,UgyE0wg-bm3F7_wxfgV4AaABAg,,0,https://www.youtube.com/watch?v=lT3vGaOLWqE&lc=UgyE0wg-bm3F7_wxfgV4AaABAg,3/18/2024 15:15,1,I can see it,http://www.youtube.com/@lynzicastimore9547
160,@lynzicastimore9547,You didn‚??t way too close man?????Æ???,UgyE0wg-bm3F7_wxfgV4AaABAg.A18BpS7WEeXA18BvhW2Rte,@lynzicastimore9547,0,https://www.youtube.com/watch?v=lT3vGaOLWqE&lc=UgyE0wg-bm3F7_wxfgV4AaABAg.A18BpS7WEeXA18BvhW2Rte,3/18/2024 15:16,0,You didn‚??t way too close man?????Æ???,http://www.youtube.com/@lynzicastimore9547
161,@dayoungnpilot3325,I need a 3D Printer lol,Ugyze06XpVAaqI1BFBJ4AaABAg,,0,https://www.youtube.com/watch?v=lT3vGaOLWqE&lc=Ugyze06XpVAaqI1BFBJ4AaABAg,3/17/2024 14:45,0,I need a 3D Printer lol,http://www.youtube.com/@dayoungnpilot3325
162,@Usercode-g8wIt734Hgd2,5:24 Capacitor was fed to godly levels,Ugybbh63RUpxew2zoGV4AaABAg,,0,https://www.youtube.com/watch?v=lT3vGaOLWqE&lc=Ugybbh63RUpxew2zoGV4AaABAg,3/16/2024 22:05,0,5:24 Capacitor was fed to godly levels,http://www.youtube.com/@Usercode-g8wIt734Hgd2
163,@serendipicamenteserendipic4680,ooooooo,UgwQiq55zCUjLGRbDMt4AaABAg,,0,https://www.youtube.com/watch?v=lT3vGaOLWqE&lc=UgwQiq55zCUjLGRbDMt4AaABAg,3/16/2024 11:12,0,ooooooo,http://www.youtube.com/@serendipicamenteserendipic4680
164,@loc12345pro,8:00 I think it\'s real. His hand shook so much as if he had escaped death sentence.,UgyMfDTHPMDoCz0NiTx4AaABAg,,0,https://www.youtube.com/watch?v=lT3vGaOLWqE&lc=UgyMfDTHPMDoCz0NiTx4AaABAg,3/16/2024 5:56,0,8:00 I think it\'s real. His hand shook so much as if he had escaped death sentence.,http://www.youtube.com/@loc12345pro
165,@serendipicamenteserendipic4680,looooooooooooool,UgwBbwMh3sN9Ryqsfk54AaABAg,,0,https://www.youtube.com/watch?v=lT3vGaOLWqE&lc=UgwBbwMh3sN9Ryqsfk54AaABAg,3/15/2024 20:35,0,looooooooooooool,http://www.youtube.com/@serendipicamenteserendipic4680
166,@user-np9mf5of8k,I really hope Mehdi staged the Jacob‚??s ladder like the other events. I watched this video in 2019 first and it still makes me nervous ???,UgzIwhBR8tvpXNbsJkx4AaABAg,,1,https://www.youtube.com/watch?v=lT3vGaOLWqE&lc=UgzIwhBR8tvpXNbsJkx4AaABAg,3/14/2024 20:07,1,I really hope Mehdi staged the Jacob‚??s ladder like the other events. I watched this video in 2019 first and it still makes me nervous ???,http://www.youtube.com/@user-np9mf5of8k
167,@yashas636,"No the stand falling on him wasn\'t scripted. He said in an interview that he didn\'t think about the possibility of it falling and when it did because of reflexes he tried to hold it. As Mehdi says he survived because of his flimsy wires, if the wires didn\'t come off at time he would be dead",UgzIwhBR8tvpXNbsJkx4AaABAg.A0zQ4hv7nfzA10RIgHa-y5,@user-np9mf5of8k,1,https://www.youtube.com/watch?v=lT3vGaOLWqE&lc=UgzIwhBR8tvpXNbsJkx4AaABAg.A0zQ4hv7nfzA10RIgHa-y5,3/15/2024 14:57,0,"No the stand falling on him wasn\'t scripted. He said in an interview that he didn\'t think about the possibility of it falling and when it did because of reflexes he tried to hold it. As Mehdi says he survived because of his flimsy wires, if the wires didn\'t come off at time he would be dead",http://www.youtube.com/@yashas636
168,@Inspector_guy,@ElectroBOOM,Ugz9Bi8sSnwUvUFZ0pd4AaABAg,,0,https://www.youtube.com/watch?v=lT3vGaOLWqE&lc=Ugz9Bi8sSnwUvUFZ0pd4AaABAg,3/13/2024 14:44,0,@ElectroBOOM,http://www.youtube.com/@Inspector_guy
169,@tyzardoz,I made mine from an oil burner ignition transformer.. Worked perfectly,UgxO0ND-siXzsbXBewl4AaABAg,,0,https://www.youtube.com/watch?v=lT3vGaOLWqE&lc=UgxO0ND-siXzsbXBewl4AaABAg,3/13/2024 12:30,0,I made mine from an oil burner ignition transformer.. Worked perfectly,http://www.youtube.com/@tyzardoz
170,@johnandrew5958,"When i come to YouTube, I\'ll do a series Electroboom builds, my take And this will be to commemorate a milestone But what\'s, in my opinion, better and safer",Ugy7ZwofASpYdYWCiMF4AaABAg,,0,https://www.youtube.com/watch?v=lT3vGaOLWqE&lc=Ugy7ZwofASpYdYWCiMF4AaABAg,3/12/2024 20:55,0,"When i come to YouTube, I\'ll do a series Electroboom builds, my take And this will be to commemorate a milestone But what\'s, in my opinion, better and safer",http://www.youtube.com/@johnandrew5958
171,@user-nd7ob4pz9v,????????????????????????,UgyadzMNkW_q-XGrOMF4AaABAg,,1,https://www.youtube.com/watch?v=lT3vGaOLWqE&lc=UgyadzMNkW_q-XGrOMF4AaABAg,3/12/2024 6:27,0,????????????????????????,http://www.youtube.com/@user-nd7ob4pz9v
172,@rmicholuk5269,Don‚??t touch high voltage ‚?°Ô∏è it‚??s dangerous,UgxEyhgy3fHpHlYqB8d4AaABAg,,0,https://www.youtube.com/watch?v=lT3vGaOLWqE&lc=UgxEyhgy3fHpHlYqB8d4AaABAg,3/9/2024 13:48,0,Don‚??t touch high voltage ‚?°Ô∏è it‚??s dangerous,http://www.youtube.com/@rmicholuk5269
173,@downrightcyw,Are you licensed ?,UgwRZ6Y6DWQ0KUZkNuh4AaABAg,,0,https://www.youtube.com/watch?v=lT3vGaOLWqE&lc=UgwRZ6Y6DWQ0KUZkNuh4AaABAg,3/9/2024 12:39,0,Are you licensed ?,http://www.youtube.com/@downrightcyw
174,@DanielOliveiraViolao,Noice!,UgwNai_QeR2EM-jsjk94AaABAg,,0,https://www.youtube.com/watch?v=lT3vGaOLWqE&lc=UgwNai_QeR2EM-jsjk94AaABAg,3/7/2024 23:18,0,Noice!,http://www.youtube.com/@DanielOliveiraViolao
175,@harmez7,"I cannot imagine how much suffering your family went through for these videos of yours. I don\'t know should I call you selfish or dedicated, but thankfully you\'re fine now.",UgzvJ0_YjZbptKr6uMl4AaABAg,,0,https://www.youtube.com/watch?v=lT3vGaOLWqE&lc=UgzvJ0_YjZbptKr6uMl4AaABAg,3/4/2024 0:30,0,"I cannot imagine how much suffering your family went through for these videos of yours. I don\'t know should I call you selfish or dedicated, but thankfully you\'re fine now.",http://www.youtube.com/@harmez7
176,@user-ql5lo2cu5o,wow,UgxNXsSDj8KRTPTaw0p4AaABAg,,0,https://www.youtube.com/watch?v=lT3vGaOLWqE&lc=UgxNXsSDj8KRTPTaw0p4AaABAg,3/3/2024 18:49,0,wow,http://www.youtube.com/@user-ql5lo2cu5o
177,@tamascseto334,I would like to know how many electric shocks or burns you received,Ugwl_xEyn5eiC_e56Lh4AaABAg,,0,https://www.youtube.com/watch?v=lT3vGaOLWqE&lc=Ugwl_xEyn5eiC_e56Lh4AaABAg,3/2/2024 9:28,0,I would like to know how many electric shocks or burns you received,http://www.youtube.com/@tamascseto334
178,@VLAD-FENDER,yes. I hear the ark,UgwFSm7QAIm1HKZQML14AaABAg,,0,https://www.youtube.com/watch?v=lT3vGaOLWqE&lc=UgwFSm7QAIm1HKZQML14AaABAg,3/2/2024 7:56,0,yes. I hear the ark,http://www.youtube.com/@VLAD-FENDER
179,@prajapatipradeep5490,Very good ‚ù§‚ù§‚ù§,UgwavOvzWS9KI_jna6R4AaABAg,,0,https://www.youtube.com/watch?v=lT3vGaOLWqE&lc=UgwavOvzWS9KI_jna6R4AaABAg,3/2/2024 7:38,0,Very good ‚ù§‚ù§‚ù§,http://www.youtube.com/@prajapatipradeep5490
180,@user-ql5lo2cu5o,looooooooooooool,Ugxcyg5iKHtfoB7XNYJ4AaABAg,,0,https://www.youtube.com/watch?v=lT3vGaOLWqE&lc=Ugxcyg5iKHtfoB7XNYJ4AaABAg,3/1/2024 18:51,0,looooooooooooool,http://www.youtube.com/@user-ql5lo2cu5o
181,@kings-250,Those who are in 2024 ???,UgxOzw_RmnjieenWarJ4AaABAg,,1,https://www.youtube.com/watch?v=lT3vGaOLWqE&lc=UgxOzw_RmnjieenWarJ4AaABAg,2/26/2024 3:18,0,Those who are in 2024 ???,http://www.youtube.com/@kings-250
182,@user-xi4gd6mu7x,how is his hand still fine,UgwOwR8ptFzyM12tGp54AaABAg,,1,https://www.youtube.com/watch?v=lT3vGaOLWqE&lc=UgwOwR8ptFzyM12tGp54AaABAg,2/25/2024 11:06,0,how is his hand still fine,http://www.youtube.com/@user-xi4gd6mu7x
183,@cubinn149,Kids don\'t try this at home,Ugw4mztaoKOt35kWU2Z4AaABAg,,1,https://www.youtube.com/watch?v=lT3vGaOLWqE&lc=Ugw4mztaoKOt35kWU2Z4AaABAg,2/25/2024 6:40,0,Kids don\'t try this at home,http://www.youtube.com/@cubinn149
184,@cubinn149,Lol your having too much fun with that,UgyiB_cbiBaCwLfNUVt4AaABAg,,0,https://www.youtube.com/watch?v=lT3vGaOLWqE&lc=UgyiB_cbiBaCwLfNUVt4AaABAg,2/25/2024 6:38,0,Lol your having too much fun with that,http://www.youtube.com/@cubinn149
185,@marissawanawan3423,‚ù§‚ù§‚ù§‚ù§‚ù§‚ù§‚ù§‚ù§‚ù§‚ù§,Ugw9jP4V5qfK4qApGWl4AaABAg,,0,https://www.youtube.com/watch?v=lT3vGaOLWqE&lc=Ugw9jP4V5qfK4qApGWl4AaABAg,2/25/2024 5:44,0,‚ù§‚ù§‚ù§‚ù§‚ù§‚ù§‚ù§‚ù§‚ù§‚ù§,http://www.youtube.com/@marissawanawan3423
186,@user-xl4qo7ty1e,Thanks,UgxMw9SeOn6FZQ_-HUN4AaABAg,,0,https://www.youtube.com/watch?v=lT3vGaOLWqE&lc=UgxMw9SeOn6FZQ_-HUN4AaABAg,2/24/2024 3:49,0,Thanks,http://www.youtube.com/@user-xl4qo7ty1e
187,@ant9034,Thank you so much mehdi. Few years ago you started a new hobby in me that will soon turn into a job!‚ù§,UgxYsexDgS4u2zKv1IJ4AaABAg,,14,https://www.youtube.com/watch?v=lT3vGaOLWqE&lc=UgxYsexDgS4u2zKv1IJ4AaABAg,2/23/2024 20:21,0,Thank you so much mehdi. Few years ago you started a new hobby in me that will soon turn into a job!‚ù§,http://www.youtube.com/@ant9034
188,@vzz,ineed it,UgxA6DdRWeUKyk-IAdh4AaABAg,,0,https://www.youtube.com/watch?v=lT3vGaOLWqE&lc=UgxA6DdRWeUKyk-IAdh4AaABAg,2/22/2024 20:56,0,ineed it,http://www.youtube.com/@vzz
189,@wouterzuiderbaan8938,?????? ????????????,UgxJF54JmBNYprwAUhZ4AaABAg,,0,https://www.youtube.com/watch?v=lT3vGaOLWqE&lc=UgxJF54JmBNYprwAUhZ4AaABAg,2/22/2024 7:05,0,?????? ????????????,http://www.youtube.com/@wouterzuiderbaan8938
190,@williamboersma9212,Lulz my bot daddy,Ugy0tSfE7pQ0x3OODtp4AaABAg,,0,https://www.youtube.com/watch?v=lT3vGaOLWqE&lc=Ugy0tSfE7pQ0x3OODtp4AaABAg,2/20/2024 18:17,0,Lulz my bot daddy,http://www.youtube.com/@williamboersma9212
191,@billyhatcher643,you made one hell of a 4th of july sparkler,UgzkNx2-i527dam83UF4AaABAg,,0,https://www.youtube.com/watch?v=lT3vGaOLWqE&lc=UgzkNx2-i527dam83UF4AaABAg,2/20/2024 17:18,0,you made one hell of a 4th of july sparkler,http://www.youtube.com/@billyhatcher643
192,@evansgate,‚??Let‚??s make it fancier‚?ù the way he delivered that was hilarious,UgwDw7vqvjMwc-uvBwx4AaABAg,,6,https://www.youtube.com/watch?v=lT3vGaOLWqE&lc=UgwDw7vqvjMwc-uvBwx4AaABAg,2/16/2024 23:33,0,‚??Let‚??s make it fancier‚?ù the way he delivered that was hilarious,http://www.youtube.com/@evansgate
193,@Lucasjj2010,Bro you gotta start wearing protective equipment and have a fire extinguisher nearby,UgzQNglXpk1bmeLk7Z94AaABAg,,1,https://www.youtube.com/watch?v=lT3vGaOLWqE&lc=UgzQNglXpk1bmeLk7Z94AaABAg,2/15/2024 19:33,0,Bro you gotta start wearing protective equipment and have a fire extinguisher nearby,http://www.youtube.com/@Lucasjj2010
194,@fo2821,"did he almost died, i think the ladder did not work because he needed luck to survive that.",UgxXugl7hfpofcsQmTV4AaABAg,,1,https://www.youtube.com/watch?v=lT3vGaOLWqE&lc=UgxXugl7hfpofcsQmTV4AaABAg,2/14/2024 11:35,0,"did he almost died, i think the ladder did not work because he needed luck to survive that.",http://www.youtube.com/@fo2821
195,@abeerrahman318,why do you not use gloves to avoid ElectroBOOM 7:58,UgwoD_wscr-SHfp0TWR4AaABAg,,2,https://www.youtube.com/watch?v=lT3vGaOLWqE&lc=UgwoD_wscr-SHfp0TWR4AaABAg,2/12/2024 18:09,1,why do you not use gloves to avoid ElectroBOOM 7:58,http://www.youtube.com/@abeerrahman318
196,@FisTheDucc,U still get shocked,UgwoD_wscr-SHfp0TWR4AaABAg.A-jUkTGeR-bA-yePKf9BnL,@abeerrahman318,0,https://www.youtube.com/watch?v=lT3vGaOLWqE&lc=UgwoD_wscr-SHfp0TWR4AaABAg.A-jUkTGeR-bA-yePKf9BnL,2/18/2024 15:31,0,U still get shocked,http://www.youtube.com/@FisTheDucc
197,@Adr1an511,Did you ever consider to make a bigger one? Replicate Mad Man Markum experiment? We all know you are mad enough to do it.,UgzzT2g8soU4IaZjy-F4AaABAg,,1,https://www.youtube.com/watch?v=lT3vGaOLWqE&lc=UgzzT2g8soU4IaZjy-F4AaABAg,2/12/2024 9:37,0,Did you ever consider to make a bigger one? Replicate Mad Man Markum experiment? We all know you are mad enough to do it.,http://www.youtube.com/@Adr1an511
198,@galeperrier,WHY IS NO ONE NOTICING THE SONG HE SANG AT THE END OMG!!!!?!?!!!,Ugz89x42IjDpE5bCJKB4AaABAg,,1,https://www.youtube.com/watch?v=lT3vGaOLWqE&lc=Ugz89x42IjDpE5bCJKB4AaABAg,2/11/2024 8:34,0,WHY IS NO ONE NOTICING THE SONG HE SANG AT THE END OMG!!!!?!?!!!,http://www.youtube.com/@galeperrier
199,@12345678941020,I keep watching this video and its amazing entertainment. i was wondering have you considered using a dead man switch when working on your electrical projects?,UgxeE5iumXviBz5orGx4AaABAg,,0,https://www.youtube.com/watch?v=lT3vGaOLWqE&lc=UgxeE5iumXviBz5orGx4AaABAg,2/10/2024 13:56,0,I keep watching this video and its amazing entertainment. i was wondering have you considered using a dead man switch when working on your electrical projects?,http://www.youtube.com/@12345678941020
200,@rmicholuk5269,Make sure to call bchydro before using it,UgyKf2gp5cVT7ztxNiF4AaABAg,,0,https://www.youtube.com/watch?v=lT3vGaOLWqE&lc=UgyKf2gp5cVT7ztxNiF4AaABAg,2/10/2024 10:46,0,Make sure to call bchydro before using it,http://www.youtube.com/@rmicholuk5269
201,@cyberneticstitanex4132,*i can die if i grab it with both hands* proceeds to grab it with both hands*,UgxNHr4y7QlWsnak7Z94AaABAg,,1,https://www.youtube.com/watch?v=lT3vGaOLWqE&lc=UgxNHr4y7QlWsnak7Z94AaABAg,2/7/2024 21:30,0,*i can die if i grab it with both hands* proceeds to grab it with both hands*,http://www.youtube.com/@cyberneticstitanex4132
202,@AmmarAlameh,"When I heard ‚??2000 volts‚?ù I got scared. I have no idea how significant that is- but 2000 is a fairly large number, right?",UgzzmnGch2-fwsvvm9J4AaABAg,,1,https://www.youtube.com/watch?v=lT3vGaOLWqE&lc=UgzzmnGch2-fwsvvm9J4AaABAg,2/7/2024 1:38,0,"When I heard ‚??2000 volts‚?ù I got scared. I have no idea how significant that is- but 2000 is a fairly large number, right?",http://www.youtube.com/@AmmarAlameh
203,@samnedev7832,4:55 Jacob‚??s ladder,UgwWV1e3RBwsT8kKTbl4AaABAg,,0,https://www.youtube.com/watch?v=lT3vGaOLWqE&lc=UgwWV1e3RBwsT8kKTbl4AaABAg,2/3/2024 18:33,0,4:55 Jacob‚??s ladder,http://www.youtube.com/@samnedev7832
204,@randomstuff889,8:00,Ugx4bscUBS5XoH4NXTl4AaABAg,,0,https://www.youtube.com/watch?v=lT3vGaOLWqE&lc=Ugx4bscUBS5XoH4NXTl4AaABAg,2/1/2024 18:23,0,8:00,http://www.youtube.com/@randomstuff889
205,@Simeon-iliev1991,You creizi,UgxXSLr6fTm0UWqbQOV4AaABAg,,0,https://www.youtube.com/watch?v=lT3vGaOLWqE&lc=UgxXSLr6fTm0UWqbQOV4AaABAg,1/29/2024 7:39,0,You creizi,http://www.youtube.com/@Simeon-iliev1991
206,@elgunsukurov7006,8:00 very scary act??Æ,UgwIbbLnXheRJMzptHt4AaABAg,,1,https://www.youtube.com/watch?v=lT3vGaOLWqE&lc=UgwIbbLnXheRJMzptHt4AaABAg,1/29/2024 5:25,0,8:00 very scary act??Æ,http://www.youtube.com/@elgunsukurov7006
207,@QWERTY-good1,How are you alive,UgyEPWkxUTaNRTLk9pt4AaABAg,,0,https://www.youtube.com/watch?v=lT3vGaOLWqE&lc=UgyEPWkxUTaNRTLk9pt4AaABAg,1/27/2024 16:04,0,How are you alive,http://www.youtube.com/@QWERTY-good1
208,@aminbjt5843,ÿÆÿ≥ÿßÿ±ÿ™ Ÿ? ÿ™Ÿ?ŸÅÿßÿ™ ÿ¥Ÿ?ÿß ÿÆ€?Ÿ?€? ÿ≤€?ÿßÿØŸ??§£,UgwI-QzoPuK-EBUaUJx4AaABAg,,0,https://www.youtube.com/watch?v=lT3vGaOLWqE&lc=UgwI-QzoPuK-EBUaUJx4AaABAg,1/27/2024 5:38,0,ÿÆÿ≥ÿßÿ±ÿ™ Ÿ? ÿ™Ÿ?ŸÅÿßÿ™ ÿ¥Ÿ?ÿß ÿÆ€?Ÿ?€? ÿ≤€?ÿßÿØŸ??§£,http://www.youtube.com/@aminbjt5843
209,@DrewJames-bv3op,For your 10 million subscribers you should make an electronic chair,UgzkdEDhPAu1fYRDABx4AaABAg,,0,https://www.youtube.com/watch?v=lT3vGaOLWqE&lc=UgzkdEDhPAu1fYRDABx4AaABAg,1/25/2024 18:30,0,For your 10 million subscribers you should make an electronic chair,http://www.youtube.com/@DrewJames-bv3op
210,@muhammadfirashassanudin4398,Bro got high voltage from celebrate million subs ??????,Ugx9rCPQ_4Jf6R5qfPR4AaABAg,,0,https://www.youtube.com/watch?v=lT3vGaOLWqE&lc=Ugx9rCPQ_4Jf6R5qfPR4AaABAg,1/24/2024 5:14,0,Bro got high voltage from celebrate million subs ??????,http://www.youtube.com/@muhammadfirashassanudin4398
211,@dylancade2003,Face 1 instinct. Face 2 what am I doing. Face 3 I can‚??t get out of the way this is gonna suck.,Ugx7aoH4WU0zbDCX38t4AaABAg,,0,https://www.youtube.com/watch?v=lT3vGaOLWqE&lc=Ugx7aoH4WU0zbDCX38t4AaABAg,1/22/2024 23:08,0,Face 1 instinct. Face 2 what am I doing. Face 3 I can‚??t get out of the way this is gonna suck.,http://www.youtube.com/@dylancade2003
212,@powerdropco,i would not be surprised if his house burned down,Ugyj6VVMKxu-9IBwhmx4AaABAg,,0,https://www.youtube.com/watch?v=lT3vGaOLWqE&lc=Ugyj6VVMKxu-9IBwhmx4AaABAg,1/22/2024 7:08,0,i would not be surprised if his house burned down,http://www.youtube.com/@powerdropco
213,@danktech-3411a,Back 6 years later watching this for the 10th time,UgxMscoI8ldmSIRB--l4AaABAg,,1,https://www.youtube.com/watch?v=lT3vGaOLWqE&lc=UgxMscoI8ldmSIRB--l4AaABAg,1/21/2024 18:55,0,Back 6 years later watching this for the 10th time,http://www.youtube.com/@danktech-3411a
214,@Wizzar_sillymus,in poland we say "elektryprƒ?d nie tyka" that means: electrisity doesn`t touch an electrician. this fits perfect with you,Ugw-Pe3r8IWReih18-l4AaABAg,,0,https://www.youtube.com/watch?v=lT3vGaOLWqE&lc=Ugw-Pe3r8IWReih18-l4AaABAg,1/21/2024 6:42,0,in poland we say "elektryprƒ?d nie tyka" that means: electrisity doesn`t touch an electrician. this fits perfect with you,http://www.youtube.com/@Wizzar_sillymus
215,@Ferny313,This guy is the smartest idiot but still smart,UgzNJtRdos2Ia2W9vt14AaABAg,,0,https://www.youtube.com/watch?v=lT3vGaOLWqE&lc=UgzNJtRdos2Ia2W9vt14AaABAg,1/20/2024 22:12,0,This guy is the smartest idiot but still smart,http://www.youtube.com/@Ferny313
216,@VinodKumar-gl7qq,Your head is too shiny,UgzQ9Km082JmqokD20Z4AaABAg,,0,https://www.youtube.com/watch?v=lT3vGaOLWqE&lc=UgzQ9Km082JmqokD20Z4AaABAg,1/20/2024 11:49,0,Your head is too shiny,http://www.youtube.com/@VinodKumar-gl7qq
217,@gwallace5403,OHS wants to know your location...,UgwGlnff4nzauc5FO794AaABAg,,0,https://www.youtube.com/watch?v=lT3vGaOLWqE&lc=UgwGlnff4nzauc5FO794AaABAg,1/19/2024 22:32,0,OHS wants to know your location...,http://www.youtube.com/@gwallace5403
218,@ashleyfurner2997,???‚ù§???‚ù§???‚ù§???‚ù§???‚ù§???‚ù§???‚ù§???‚ù§???‚ù§???‚ù§???‚ù§???????????????????????????????????Æ?????Æ????????Æ?????Æ?????¢??¢??¢??¢??¢,UgzfEf5Jnr3X0tzf8kN4AaABAg,,0,https://www.youtube.com/watch?v=lT3vGaOLWqE&lc=UgzfEf5Jnr3X0tzf8kN4AaABAg,1/16/2024 19:47,0,???‚ù§???‚ù§???‚ù§???‚ù§???‚ù§???‚ù§???‚ù§???‚ù§???‚ù§???‚ù§???‚ù§???????????????????????????????????Æ?????Æ????????Æ?????Æ?????¢??¢??¢??¢??¢,http://www.youtube.com/@ashleyfurner2997
219,@brentstratton2224,"Wow, I\'ve never thought about using fireworks inside my house. Thanks for upping my 4th of July game!",UgzKrEgXE9bLU-Yotx14AaABAg,,0,https://www.youtube.com/watch?v=lT3vGaOLWqE&lc=UgzKrEgXE9bLU-Yotx14AaABAg,1/16/2024 13:54,0,"Wow, I\'ve never thought about using fireworks inside my house. Thanks for upping my 4th of July game!",http://www.youtube.com/@brentstratton2224
220,@LookItsCole,Quote of the day: fuc*ing breaker,UgxCgwCTcopHtN-GSHB4AaABAg,,0,https://www.youtube.com/watch?v=lT3vGaOLWqE&lc=UgxCgwCTcopHtN-GSHB4AaABAg,1/15/2024 2:18,0,Quote of the day: fuc*ing breaker,http://www.youtube.com/@LookItsCole
221,@indrakumarpatel6140,Make a jacob ladder in vacuum please.,UgwfZYGXnMmu37Fw2QZ4AaABAg,,1,https://www.youtube.com/watch?v=lT3vGaOLWqE&lc=UgwfZYGXnMmu37Fw2QZ4AaABAg,1/14/2024 2:02,0,Make a jacob ladder in vacuum please.,http://www.youtube.com/@indrakumarpatel6140
222,@simonesantosluca5616,?????????????§£?§£?§£,Ugxl_W86wQlc2mLivtF4AaABAg,,0,https://www.youtube.com/watch?v=lT3vGaOLWqE&lc=Ugxl_W86wQlc2mLivtF4AaABAg,1/13/2024 23:52,0,?????????????§£?§£?§£,http://www.youtube.com/@simonesantosluca5616
223,@HallowchildXD,Have gloves,Ugwc3NtoETIfYx3D91h4AaABAg,,0,https://www.youtube.com/watch?v=lT3vGaOLWqE&lc=Ugwc3NtoETIfYx3D91h4AaABAg,1/13/2024 11:59,0,Have gloves,http://www.youtube.com/@HallowchildXD
224,@robertgift,My Jacob\'s ladder was 7 feetall! Very satisfying "flame" which did not rise too fast.,Ugz4RV_7yDSZshyGXdR4AaABAg,,0,https://www.youtube.com/watch?v=lT3vGaOLWqE&lc=Ugz4RV_7yDSZshyGXdR4AaABAg,1/11/2024 23:19,0,My Jacob\'s ladder was 7 feetall! Very satisfying "flame" which did not rise too fast.,http://www.youtube.com/@robertgift
225,@iiiDartsiii,you almost turned into Mehdi Crisp,UgxhpZAQIRUQv_I6KkB4AaABAg,,0,https://www.youtube.com/watch?v=lT3vGaOLWqE&lc=UgxhpZAQIRUQv_I6KkB4AaABAg,1/10/2024 23:38,0,you almost turned into Mehdi Crisp,http://www.youtube.com/@iiiDartsiii
226,@GaMing_ZoNe-lg8zm,Transformer 10kv and humming. FIRE. WoW ‚ù§ ??°?????•‚?°??ç????????Ø,UgyJOR7gZl_UpyaPI2p4AaABAg,,0,https://www.youtube.com/watch?v=lT3vGaOLWqE&lc=UgyJOR7gZl_UpyaPI2p4AaABAg,1/9/2024 12:53,0,Transformer 10kv and humming. FIRE. WoW ‚ù§ ??°?????•‚?°??ç????????Ø,http://www.youtube.com/@GaMing_ZoNe-lg8zm
227,@EPPLZ123,8:08 "I only sustained 3rd degree burns" ‚?†Ô∏è???‚?∞Ô∏è,UgyZZ8gaR3M_54h1Etx4AaABAg,,41,https://www.youtube.com/watch?v=lT3vGaOLWqE&lc=UgyZZ8gaR3M_54h1Etx4AaABAg,1/8/2024 7:18,0,8:08 "I only sustained 3rd degree burns" ‚?†Ô∏è???‚?∞Ô∏è,http://www.youtube.com/@EPPLZ123
228,@TheLycanStrain,"After watching every one of his videos, I can promise you this was the only unplanned ""accident"" and yet also the single most dangerous one he could have made. I\'m an electrical engineer, I promise you that he likely doesn\'t look back on this fondly. With the energy (not really voltage or the current) involved, he had a decent chance of immediately dying then and there.",UgxQ-yZ2GlqfZunUqkh4AaABAg,,1,https://www.youtube.com/watch?v=lT3vGaOLWqE&lc=UgxQ-yZ2GlqfZunUqkh4AaABAg,1/7/2024 13:28,0,"After watching every one of his videos, I can promise you this was the only unplanned ""accident"" and yet also the single most dangerous one he could have made. I\'m an electrical engineer, I promise you that he likely doesn\'t look back on this fondly. With the energy (not really voltage or the current) involved, he had a decent chance of immediately dying then and there.",http://www.youtube.com/@TheLycanStrain
229,@CapacitorOverload,LULZ MY BOT LULZBOT I HOPE YOU ARE SMILING NOW :),UgxAxbWfBsQR9dzRzOp4AaABAg,,1,https://www.youtube.com/watch?v=lT3vGaOLWqE&lc=UgxAxbWfBsQR9dzRzOp4AaABAg,1/7/2024 7:19,0,LULZ MY BOT LULZBOT I HOPE YOU ARE SMILING NOW :),http://www.youtube.com/@CapacitorOverload
230,@Boxithink,hahhahahhahahahhahhahahahahhahahahhahahahhahahahhahahhahahhahah?§£?§£?§£?§£?§£?§£?§£?§£?§£?§£?§£?§£?§£,UgzuypMYIMsIu_7Fj0B4AaABAg,,0,https://www.youtube.com/watch?v=lT3vGaOLWqE&lc=UgzuypMYIMsIu_7Fj0B4AaABAg,1/4/2024 1:22,0,hahhahahhahahahhahhahahahahhahahahhahahahhahahahhahahhahahhahah?§£?§£?§£?§£?§£?§£?§£?§£?§£?§£?§£?§£?§£,http://www.youtube.com/@Boxithink
231,@learnwithDivy,well he has got 6 million subs just yeasterday,UgyRYwmv0FIXbfwFUzR4AaABAg,,0,https://www.youtube.com/watch?v=lT3vGaOLWqE&lc=UgyRYwmv0FIXbfwFUzR4AaABAg,1/2/2024 23:58,0,well he has got 6 million subs just yeasterday,http://www.youtube.com/@learnwithDivy
232,@SMG-0_0,Mehdi has gone through electrical torture,UgywZr2PBLenu9Q7N2p4AaABAg,,0,https://www.youtube.com/watch?v=lT3vGaOLWqE&lc=UgywZr2PBLenu9Q7N2p4AaABAg,1/1/2024 22:47,0,Mehdi has gone through electrical torture,http://www.youtube.com/@SMG-0_0
233,@MR_DETECTEUR,https://youtu.be/eaep_EN4s5Q?si=qI11FdgP_DI_NRqA,Ugy8-QmuPOo5HxxSFRB4AaABAg,,0,https://www.youtube.com/watch?v=lT3vGaOLWqE&lc=Ugy8-QmuPOo5HxxSFRB4AaABAg,12/31/2023 13:11,0,https://youtu.be/eaep_EN4s5Q?si=qI11FdgP_DI_NRqA,http://www.youtube.com/@MR_DETECTEUR
234,@Nikeairfryer01,8:00??????????????????,UgylzXdk-zOqYCORjDR4AaABAg,,1,https://www.youtube.com/watch?v=lT3vGaOLWqE&lc=UgylzXdk-zOqYCORjDR4AaABAg,12/31/2023 7:57,0,8:00??????????????????,http://www.youtube.com/@Nikeairfryer01
235,@mridulmahajan978,I only know basic electronics but my god is this guy brave i had mini heart attacks watching this video,Ugx7K05eSrp7EO30nvN4AaABAg,,0,https://www.youtube.com/watch?v=lT3vGaOLWqE&lc=Ugx7K05eSrp7EO30nvN4AaABAg,12/30/2023 9:37,0,I only know basic electronics but my god is this guy brave i had mini heart attacks watching this video,http://www.youtube.com/@mridulmahajan978
236,@rmicholuk5269,I used 9 volt and wire and led and it worked,UgzaCKrYzesl5VMXryt4AaABAg,,0,https://www.youtube.com/watch?v=lT3vGaOLWqE&lc=UgzaCKrYzesl5VMXryt4AaABAg,12/29/2023 14:21,0,I used 9 volt and wire and led and it worked,http://www.youtube.com/@rmicholuk5269
237,@babakkhaleghiborna7027,Why you love touching electrified conductors so much ??ê,Ugyu7YYEWxdIH5EgcRJ4AaABAg,,0,https://www.youtube.com/watch?v=lT3vGaOLWqE&lc=Ugyu7YYEWxdIH5EgcRJ4AaABAg,12/28/2023 12:48,0,Why you love touching electrified conductors so much ??ê,http://www.youtube.com/@babakkhaleghiborna7027
238,@user-ny6ld4ed6o,That capasƒ±tor tƒ±me traveld to 2077,UgxY31updOqbs1ZeCBp4AaABAg,,0,https://www.youtube.com/watch?v=lT3vGaOLWqE&lc=UgxY31updOqbs1ZeCBp4AaABAg,12/28/2023 11:55,0,That capasƒ±tor tƒ±me traveld to 2077,http://www.youtube.com/@user-ny6ld4ed6o
239,@JhonH-ET,There had been alot of booms in electroboon,UgwvM2jppjxraXm7y3R4AaABAg,,0,https://www.youtube.com/watch?v=lT3vGaOLWqE&lc=UgwvM2jppjxraXm7y3R4AaABAg,12/28/2023 2:24,0,There had been alot of booms in electroboon,http://www.youtube.com/@JhonH-ET
240,@AMV12S,He should put lead on the legs to keep the sparklers in place.,Ugzmo9_0nGCgVxSU-z94AaABAg,,0,https://www.youtube.com/watch?v=lT3vGaOLWqE&lc=Ugzmo9_0nGCgVxSU-z94AaABAg,12/27/2023 14:54,0,He should put lead on the legs to keep the sparklers in place.,http://www.youtube.com/@AMV12S
241,@ericweiss384,"His humor when describing dangerous electrical items, may make some people think,he is kidding,and leave with the misperception,that they weren\'t dangerous.He also is careless with his hands,getting to close to the electrical items.Even describing the danger with humor after being shocked,may leave some in thinking he was kidding,and leave in their mind even the shocks weren\'t dangerous.Every criticism about this particular video,could be applied to his other videos.",Ugwcq5-D7UGgU8J-ymF4AaABAg,,0,https://www.youtube.com/watch?v=lT3vGaOLWqE&lc=Ugwcq5-D7UGgU8J-ymF4AaABAg,12/27/2023 4:40,0,"His humor when describing dangerous electrical items, may make some people think,he is kidding,and leave with the misperception,that they weren\'t dangerous.He also is careless with his hands,getting to close to the electrical items.Even describing the danger with humor after being shocked,may leave some in thinking he was kidding,and leave in their mind even the shocks weren\'t dangerous.Every criticism about this particular video,could be applied to his other videos.",http://www.youtube.com/@ericweiss384
242,@mindfxas1,"hey there , where`s that link with stl candle holder?",UgzRbnIp3OTmUh7IsKN4AaABAg,,0,https://www.youtube.com/watch?v=lT3vGaOLWqE&lc=UgzRbnIp3OTmUh7IsKN4AaABAg,12/26/2023 15:25,0,"hey there , where`s that link with stl candle holder?",http://www.youtube.com/@mindfxas1
243,@bubggaming6517,Bro got that many shocks that h3 is immortal,UgzfIEUPqNCKoc269Y54AaABAg,,0,https://www.youtube.com/watch?v=lT3vGaOLWqE&lc=UgzfIEUPqNCKoc269Y54AaABAg,12/26/2023 2:40,0,Bro got that many shocks that h3 is immortal,http://www.youtube.com/@bubggaming6517
244,@tracer3047,6 years ago... it feels like it happened yesterday,UgyWJR4U2fKyQTos8Vl4AaABAg,,0,https://www.youtube.com/watch?v=lT3vGaOLWqE&lc=UgyWJR4U2fKyQTos8Vl4AaABAg,12/25/2023 18:23,0,6 years ago... it feels like it happened yesterday,http://www.youtube.com/@tracer3047
245,@anthonylandaverde2045,Can i get free 3d printer ...... I am Years late,UgxXQjM2DvGJmNuICF54AaABAg,,0,https://www.youtube.com/watch?v=lT3vGaOLWqE&lc=UgxXQjM2DvGJmNuICF54AaABAg,12/24/2023 19:39,0,Can i get free 3d printer ...... I am Years late,http://www.youtube.com/@anthonylandaverde2045
246,@cpt_nordbart,Weirdly enough LiveLeak has already died. So guess he won.,Ugwv039AfpeB52xhZil4AaABAg,,0,https://www.youtube.com/watch?v=lT3vGaOLWqE&lc=Ugwv039AfpeB52xhZil4AaABAg,12/23/2023 17:24,0,Weirdly enough LiveLeak has already died. So guess he won.,http://www.youtube.com/@cpt_nordbart
247,@bloodshot_oficial,how is still alive this guy,Ugz8GkEVWnlQVHq5KmJ4AaABAg,,0,https://www.youtube.com/watch?v=lT3vGaOLWqE&lc=Ugz8GkEVWnlQVHq5KmJ4AaABAg,12/22/2023 22:28,0,how is still alive this guy,http://www.youtube.com/@bloodshot_oficial
248,@lumberjackvrgt,8:31 the start of a masterpiece‚?¶,Ugw8_ijVfkiAQUnusCh4AaABAg,,0,https://www.youtube.com/watch?v=lT3vGaOLWqE&lc=Ugw8_ijVfkiAQUnusCh4AaABAg,12/22/2023 12:38,0,8:31 the start of a masterpiece‚?¶,http://www.youtube.com/@lumberjackvrgt
249,@abdelhakben1000,I need it to make a 3d printer,UgxJHviozAYUopf34Bt4AaABAg,,0,https://www.youtube.com/watch?v=lT3vGaOLWqE&lc=UgxJHviozAYUopf34Bt4AaABAg,12/22/2023 5:18,0,I need it to make a 3d printer,http://www.youtube.com/@abdelhakben1000
250,@Jakewubadub,Lmfao,Ugw2ddOwy-DmnZCn1wB4AaABAg,,0,https://www.youtube.com/watch?v=lT3vGaOLWqE&lc=Ugw2ddOwy-DmnZCn1wB4AaABAg,12/22/2023 2:30,0,Lmfao,http://www.youtube.com/@Jakewubadub
251,@soniyagopalan1884,bro dont do it,UgwYGIqF8gZrhGT7Lip4AaABAg,,0,https://www.youtube.com/watch?v=lT3vGaOLWqE&lc=UgwYGIqF8gZrhGT7Lip4AaABAg,12/22/2023 0:53,0,bro dont do it,http://www.youtube.com/@soniyagopalan1884
252,@imaster1415,He made a time machine,UgywZkAN1Tp04St57f14AaABAg,,0,https://www.youtube.com/watch?v=lT3vGaOLWqE&lc=UgywZkAN1Tp04St57f14AaABAg,12/20/2023 13:48,0,He made a time machine,http://www.youtube.com/@imaster1415
253,@marisakirisame867,Hell nah the extra long sparklers ???,UgxwRu6aGhQlaLgNNsF4AaABAg,,0,https://www.youtube.com/watch?v=lT3vGaOLWqE&lc=UgxwRu6aGhQlaLgNNsF4AaABAg,12/20/2023 4:12,0,Hell nah the extra long sparklers ???,http://www.youtube.com/@marisakirisame867
254,@buggysenryo,7:59,UgxUplwtQ8jXv2ArGjR4AaABAg,,0,https://www.youtube.com/watch?v=lT3vGaOLWqE&lc=UgxUplwtQ8jXv2ArGjR4AaABAg,12/20/2023 0:48,0,7:59,http://www.youtube.com/@buggysenryo
255,@buggysenryo,1:44,UgzPUXoA2uvUbBUcBIF4AaABAg,,1,https://www.youtube.com/watch?v=lT3vGaOLWqE&lc=UgzPUXoA2uvUbBUcBIF4AaABAg,12/20/2023 0:45,0,1:44,http://www.youtube.com/@buggysenryo
256,@michaelmuller9833,Yayyyyyyy√Ω??? 6:43,UgzN9SmuLlDFIjGBWIp4AaABAg,,0,https://www.youtube.com/watch?v=lT3vGaOLWqE&lc=UgzN9SmuLlDFIjGBWIp4AaABAg,12/19/2023 14:15,0,Yayyyyyyy√Ω??? 6:43,http://www.youtube.com/@michaelmuller9833
257,@satbereasllani2623,?????????????????????hHahaha,UgyfxPWXBz3T0OpFeDJ4AaABAg,,0,https://www.youtube.com/watch?v=lT3vGaOLWqE&lc=UgyfxPWXBz3T0OpFeDJ4AaABAg,12/19/2023 12:25,0,?????????????????????hHahaha,http://www.youtube.com/@satbereasllani2623
258,@Frazeralmeida,"After watching this video, I don\'t think i can trust those printers... Thanks...",Ugy0wip4RBw_2OqbSk14AaABAg,,0,https://www.youtube.com/watch?v=lT3vGaOLWqE&lc=Ugy0wip4RBw_2OqbSk14AaABAg,12/19/2023 6:16,0,"After watching this video, I don\'t think i can trust those printers... Thanks...",http://www.youtube.com/@Frazeralmeida
259,@TheFlagBoyYouTuber,FAILURE ??? 8:00,UgwvgmgUMeGNMrnX8FF4AaABAg,,0,https://www.youtube.com/watch?v=lT3vGaOLWqE&lc=UgwvgmgUMeGNMrnX8FF4AaABAg,12/18/2023 18:41,0,FAILURE ??? 8:00,http://www.youtube.com/@TheFlagBoyYouTuber
260,@America___4m3r1c4,If you\'ve seen Mike Marcrums story you\'ll know that this device is created for time travelling.,UgyTDo5Hw9jAJC5Y4Bd4AaABAg,,0,https://www.youtube.com/watch?v=lT3vGaOLWqE&lc=UgyTDo5Hw9jAJC5Y4Bd4AaABAg,12/18/2023 3:16,0,If you\'ve seen Mike Marcrums story you\'ll know that this device is created for time travelling.,http://www.youtube.com/@America___4m3r1c4
261,@tondgvr,Just by plastic gloves to prevent accidents,UgzMijz2buBjmD6BOct4AaABAg,,2,https://www.youtube.com/watch?v=lT3vGaOLWqE&lc=UgzMijz2buBjmD6BOct4AaABAg,12/17/2023 9:55,0,Just by plastic gloves to prevent accidents,http://www.youtube.com/@tondgvr
262,@scrranger6351,say hello to my 28-inch sparkler *smiles like a devil*,UgzkqyUXpJ3iQvPeYK14AaABAg,,0,https://www.youtube.com/watch?v=lT3vGaOLWqE&lc=UgzkqyUXpJ3iQvPeYK14AaABAg,12/16/2023 13:41,0,say hello to my 28-inch sparkler *smiles like a devil*,http://www.youtube.com/@scrranger6351
263,@netherl1ve619,This man has the most luck out of any humans in this world,UgwzYAfW7hTe4CApxqJ4AaABAg,,1,https://www.youtube.com/watch?v=lT3vGaOLWqE&lc=UgwzYAfW7hTe4CApxqJ4AaABAg,12/15/2023 17:03,0,This man has the most luck out of any humans in this world,http://www.youtube.com/@netherl1ve619
264,@docjekill,8:00 ??????,UgwBR2qor3FL_Cdg5094AaABAg,,0,https://www.youtube.com/watch?v=lT3vGaOLWqE&lc=UgwBR2qor3FL_Cdg5094AaABAg,12/14/2023 10:33,0,8:00 ??????,http://www.youtube.com/@docjekill
265,@i_play_CreaturesOfSonaria,I\'m suing you for fraud cause u said u have 1m but u have 6 m,UgwkaSXwEA0qZo6mLsx4AaABAg,,0,https://www.youtube.com/watch?v=lT3vGaOLWqE&lc=UgwkaSXwEA0qZo6mLsx4AaABAg,12/14/2023 2:32,0,I\'m suing you for fraud cause u said u have 1m but u have 6 m,http://www.youtube.com/@i_play_CreaturesOfSonaria
266,@mohammadarham3231,Honestly I trust a. Crocodile ith my life more then this guy,UgxrFajwELMoD-hlGt54AaABAg,,0,https://www.youtube.com/watch?v=lT3vGaOLWqE&lc=UgxrFajwELMoD-hlGt54AaABAg,12/12/2023 13:14,0,Honestly I trust a. Crocodile ith my life more then this guy,http://www.youtube.com/@mohammadarham3231
267,@michaelmuller9833,Dumb ways to die??ê 1:41,UgzWWQ6VxiD1Vcul8Q54AaABAg,,0,https://www.youtube.com/watch?v=lT3vGaOLWqE&lc=UgzWWQ6VxiD1Vcul8Q54AaABAg,12/11/2023 14:07,0,Dumb ways to die??ê 1:41,http://www.youtube.com/@michaelmuller9833
268,@Justan0rmaldude,7:59,UgzaRRXiUKr1o8L1EbZ4AaABAg,,1,https://www.youtube.com/watch?v=lT3vGaOLWqE&lc=UgzaRRXiUKr1o8L1EbZ4AaABAg,12/11/2023 13:45,0,7:59,http://www.youtube.com/@Justan0rmaldude
269,@user-om9zo6fj7y,Time machine ??Æ,UgxbqozeB9j4EK-cpPh4AaABAg,,0,https://www.youtube.com/watch?v=lT3vGaOLWqE&lc=UgxbqozeB9j4EK-cpPh4AaABAg,12/11/2023 8:55,0,Time machine ??Æ,http://www.youtube.com/@user-om9zo6fj7y
270,@proudbrogressive315,"I just saw on another video how he almost died with that thing falling on him. Thankfully, he came out in one piece and it definitely gives an entire different feel, knowing Mehdi could\'ve died on camera.",UgwiOIfe1A7DemDiIoN4AaABAg,,0,https://www.youtube.com/watch?v=lT3vGaOLWqE&lc=UgwiOIfe1A7DemDiIoN4AaABAg,12/8/2023 17:53,0,"I just saw on another video how he almost died with that thing falling on him. Thankfully, he came out in one piece and it definitely gives an entire different feel, knowing Mehdi could\'ve died on camera.",http://www.youtube.com/@proudbrogressive315
271,@jjules22,Persians unite!!,UgwgpsOF6f-DaeZnDq94AaABAg,,0,https://www.youtube.com/watch?v=lT3vGaOLWqE&lc=UgwgpsOF6f-DaeZnDq94AaABAg,12/8/2023 13:27,0,Persians unite!!,http://www.youtube.com/@jjules22
272,@rudramaheshvari3670,LEGEND!!,UgxsTejxSzTYpEtXclV4AaABAg,,0,https://www.youtube.com/watch?v=lT3vGaOLWqE&lc=UgxsTejxSzTYpEtXclV4AaABAg,12/8/2023 6:59,0,LEGEND!!,http://www.youtube.com/@rudramaheshvari3670
273,@max7331jf,"Please, more slow motion in your vids.... im 44 years old and I laughed like I was a kid again.",UgwD1WoybTmm9O5qmjx4AaABAg,,0,https://www.youtube.com/watch?v=lT3vGaOLWqE&lc=UgwD1WoybTmm9O5qmjx4AaABAg,12/8/2023 4:06,0,"Please, more slow motion in your vids.... im 44 years old and I laughed like I was a kid again.",http://www.youtube.com/@max7331jf
274,@Apocalypse2025,He\'s invincible ??Æ,Ugz9D5GH00GTuKzkEzx4AaABAg,,0,https://www.youtube.com/watch?v=lT3vGaOLWqE&lc=Ugz9D5GH00GTuKzkEzx4AaABAg,12/7/2023 11:58,0,He\'s invincible ??Æ,http://www.youtube.com/@Apocalypse2025
275,@TubersRZDub,Why did you touch that,Ugysf8yY3L8Kn8EVTZV4AaABAg,,0,https://www.youtube.com/watch?v=lT3vGaOLWqE&lc=Ugysf8yY3L8Kn8EVTZV4AaABAg,12/7/2023 8:55,0,Why did you touch that,http://www.youtube.com/@TubersRZDub
276,@akhy2373,8:00 I CANT??????,Ugwcn4vE1-bAksPIlvt4AaABAg,,1,https://www.youtube.com/watch?v=lT3vGaOLWqE&lc=Ugwcn4vE1-bAksPIlvt4AaABAg,12/7/2023 7:06,0,8:00 I CANT??????,http://www.youtube.com/@akhy2373
277,@AnimeMountain1,i think microwave trasformer gonna be the 2nd main character on the channel,UgxYow9Poughr1pRk054AaABAg,,0,https://www.youtube.com/watch?v=lT3vGaOLWqE&lc=UgxYow9Poughr1pRk054AaABAg,12/6/2023 6:56,0,i think microwave trasformer gonna be the 2nd main character on the channel,http://www.youtube.com/@AnimeMountain1
278,@nekozillaplays5548,Ill make an binding of Isaac reference but i ran out of keys for the trasure room,UgwiMx427LwZhmn5Nud4AaABAg,,0,https://www.youtube.com/watch?v=lT3vGaOLWqE&lc=UgwiMx427LwZhmn5Nud4AaABAg,12/5/2023 19:39,0,Ill make an binding of Isaac reference but i ran out of keys for the trasure room,http://www.youtube.com/@nekozillaplays5548
279,@TheRealFranklinFromChimpChase,*fard* 0:06,Ugzz24LiCCjLAk5WDzN4AaABAg,,1,https://www.youtube.com/watch?v=lT3vGaOLWqE&lc=Ugzz24LiCCjLAk5WDzN4AaABAg,12/5/2023 18:19,1,*fard* 0:06,http://www.youtube.com/@TheRealFranklinFromChimpChase
280,@TheRealFranklinFromChimpChase,3:00 shitzibg,Ugzz24LiCCjLAk5WDzN4AaABAg.9xxq5JbT8bAA3ymUqsaPs8,@TheRealFranklinFromChimpChase,0,https://www.youtube.com/watch?v=lT3vGaOLWqE&lc=Ugzz24LiCCjLAk5WDzN4AaABAg.9xxq5JbT8bAA3ymUqsaPs8,5/28/2024 3:47,0,3:00 shitzibg,http://www.youtube.com/@TheRealFranklinFromChimpChase
281,@rumnale3753,ps I love you,UgzcMfJzz4vSesIL2e94AaABAg,,0,https://www.youtube.com/watch?v=lT3vGaOLWqE&lc=UgzcMfJzz4vSesIL2e94AaABAg,12/5/2023 17:08,0,ps I love you,http://www.youtube.com/@rumnale3753
282,@notch3701,As a A person with a strange imagination i think if i got that 3d printer i would print all my dreams ??? (i will join this giveaway just in case),UgzCzl-0aREMY9ZCMvx4AaABAg,,0,https://www.youtube.com/watch?v=lT3vGaOLWqE&lc=UgzCzl-0aREMY9ZCMvx4AaABAg,12/5/2023 13:52,1,As a A person with a strange imagination i think if i got that 3d printer i would print all my dreams ??? (i will join this giveaway just in case),http://www.youtube.com/@notch3701
283,@noxtation3960,Its a 6 year old giveaway I dont think you getting that 3d printer,UgzCzl-0aREMY9ZCMvx4AaABAg.9xxMRwyAPUe9y4V5Vj0fZw,@notch3701,0,https://www.youtube.com/watch?v=lT3vGaOLWqE&lc=UgzCzl-0aREMY9ZCMvx4AaABAg.9xxMRwyAPUe9y4V5Vj0fZw,12/8/2023 17:41,0,Its a 6 year old giveaway I dont think you getting that 3d printer,http://www.youtube.com/@noxtation3960
284,@user-fy6hw5un9w,Hhhhhhhhh?????????,UgxMKMv7hHQtX1qWBpp4AaABAg,,0,https://www.youtube.com/watch?v=lT3vGaOLWqE&lc=UgxMKMv7hHQtX1qWBpp4AaABAg,12/3/2023 19:15,0,Hhhhhhhhh?????????,http://www.youtube.com/@user-fy6hw5un9w
285,@wedelsaulguacajolcastillo9846,Yo necesito una impresora LuzBot 3d.... Para imprimir un cohete espacial simulando fibra de carbono.... Cubierta de titaneo... Y utilizano grafito y alcohol etilico puro con polvora como combustible... ??? Mejor si es 4d.... Para imprimir en cuarta dimensi√≥n y recrear la estructura din√°mica cuantica de un agujero de gusano. Y asi me ahorro el cohete espacial. ??? Gracias Br√∂.ther.,UgzoO8oZypHdv3cJF8B4AaABAg,,0,https://www.youtube.com/watch?v=lT3vGaOLWqE&lc=UgzoO8oZypHdv3cJF8B4AaABAg,11/29/2023 22:18,0,Yo necesito una impresora LuzBot 3d.... Para imprimir un cohete espacial simulando fibra de carbono.... Cubierta de titaneo... Y utilizano grafito y alcohol etilico puro con polvora como combustible... ??? Mejor si es 4d.... Para imprimir en cuarta dimensi√≥n y recrear la estructura din√°mica cuantica de un agujero de gusano. Y asi me ahorro el cohete espacial. ??? Gracias Br√∂.ther.,http://www.youtube.com/@wedelsaulguacajolcastillo9846
286,@The_Machinist,world recored for most shocked person?,Ugw9FdgfZEyAAR7hIXx4AaABAg,,0,https://www.youtube.com/watch?v=lT3vGaOLWqE&lc=Ugw9FdgfZEyAAR7hIXx4AaABAg,11/28/2023 22:47,0,world recored for most shocked person?,http://www.youtube.com/@The_Machinist
287,@syrupuusabc5774,29 jun is his second birthday. Let\'s congratulate him later ???,Ugw9teEwfRL5yLpLMVR4AaABAg,,0,https://www.youtube.com/watch?v=lT3vGaOLWqE&lc=Ugw9teEwfRL5yLpLMVR4AaABAg,11/28/2023 17:05,1,29 jun is his second birthday. Let\'s congratulate him later ???,http://www.youtube.com/@syrupuusabc5774
288,@iPodCharger69420,what,Ugw9teEwfRL5yLpLMVR4AaABAg.9xffxwfNrqr9xlpv2vCPr6,@syrupuusabc5774,0,https://www.youtube.com/watch?v=lT3vGaOLWqE&lc=Ugw9teEwfRL5yLpLMVR4AaABAg.9xffxwfNrqr9xlpv2vCPr6,12/1/2023 2:27,0,what,http://www.youtube.com/@iPodCharger69420
289,@pavlinapeeva5837,its not whorst,UgxAlUCU4C-CW6GZrWV4AaABAg,,0,https://www.youtube.com/watch?v=lT3vGaOLWqE&lc=UgxAlUCU4C-CW6GZrWV4AaABAg,11/27/2023 12:55,1,its not whorst,http://www.youtube.com/@pavlinapeeva5837
290,@iPodCharger69420,learn to spell idiot,UgxAlUCU4C-CW6GZrWV4AaABAg.9xceey8cCon9xlpwGlshZh,@pavlinapeeva5837,0,https://www.youtube.com/watch?v=lT3vGaOLWqE&lc=UgxAlUCU4C-CW6GZrWV4AaABAg.9xceey8cCon9xlpwGlshZh,12/1/2023 2:27,0,learn to spell idiot,http://www.youtube.com/@iPodCharger69420
291,@gojo_3669,Bro has no fear of death ‚?†Ô∏è,UgyOGscS3L3iKMtUMUh4AaABAg,,1,https://www.youtube.com/watch?v=lT3vGaOLWqE&lc=UgyOGscS3L3iKMtUMUh4AaABAg,11/26/2023 23:49,0,Bro has no fear of death ‚?†Ô∏è,http://www.youtube.com/@gojo_3669
292,@user-lp8kf7yo3h,Carefully ??¢??¢,UgwKnR0J0dgjEuOfv0R4AaABAg,,0,https://www.youtube.com/watch?v=lT3vGaOLWqE&lc=UgwKnR0J0dgjEuOfv0R4AaABAg,11/25/2023 21:23,0,Carefully ??¢??¢,http://www.youtube.com/@user-lp8kf7yo3h
293,@geolier__2902,ma si sciumunut,UgzaGpXWVkjOjuIs4Ex4AaABAg,,0,https://www.youtube.com/watch?v=lT3vGaOLWqE&lc=UgzaGpXWVkjOjuIs4Ex4AaABAg,11/25/2023 15:45,0,ma si sciumunut,http://www.youtube.com/@geolier__2902
294,@YoBoyKing738,1:44 the way he said ow 8:34 when I was a baby and I was crying. This is what I would‚??ve look like.,Ugx9FMUuhIBaDd4XsVt4AaABAg,,0,https://www.youtube.com/watch?v=lT3vGaOLWqE&lc=Ugx9FMUuhIBaDd4XsVt4AaABAg,11/25/2023 1:55,0,1:44 the way he said ow 8:34 when I was a baby and I was crying. This is what I would‚??ve look like.,http://www.youtube.com/@YoBoyKing738
295,@farnoud,be careful dude. lulz needed,Ugw66UtPbiib7h2feDl4AaABAg,,0,https://www.youtube.com/watch?v=lT3vGaOLWqE&lc=Ugw66UtPbiib7h2feDl4AaABAg,11/24/2023 18:58,0,be careful dude. lulz needed,http://www.youtube.com/@farnoud
296,@ThisIsTEC,"6:24 ‚??F*cking breaker.‚?ù - Mehdi Sadaghdar, 2017",Ugxj9qBd54SeT7-zrs54AaABAg,,0,https://www.youtube.com/watch?v=lT3vGaOLWqE&lc=Ugxj9qBd54SeT7-zrs54AaABAg,11/24/2023 11:02,0,"6:24 ‚??F*cking breaker.‚?ù - Mehdi Sadaghdar, 2017",http://www.youtube.com/@ThisIsTEC
297,@I-am-guest666-,Cam I get 3d pwinter,Ugx48_lab-TYbcr3hbh4AaABAg,,0,https://www.youtube.com/watch?v=lT3vGaOLWqE&lc=Ugx48_lab-TYbcr3hbh4AaABAg,11/24/2023 9:22,0,Cam I get 3d pwinter,http://www.youtube.com/@I-am-guest666-
298,@thaismit8848,"Every turn electronic file between off 0 to the batteries. It\'s a it\'s doesn\'t suck touch on Johnson. Because the electric import of the battery with the key side, it\'s gonna be bigger. Make it boo make it gonna be a tnt",Ugy76L9D-N9Aww0aGAd4AaABAg,,0,https://www.youtube.com/watch?v=lT3vGaOLWqE&lc=Ugy76L9D-N9Aww0aGAd4AaABAg,11/24/2023 7:56,0,"Every turn electronic file between off 0 to the batteries. It\'s a it\'s doesn\'t suck touch on Johnson. Because the electric import of the battery with the key side, it\'s gonna be bigger. Make it boo make it gonna be a tnt",http://www.youtube.com/@thaismit8848
299,@MrBrick-vb3xh,how are you not dead???,Ugxnzw4ER_BLJ1AFz7Z4AaABAg,,0,https://www.youtube.com/watch?v=lT3vGaOLWqE&lc=Ugxnzw4ER_BLJ1AFz7Z4AaABAg,11/24/2023 7:25,0,how are you not dead???,http://www.youtube.com/@MrBrick-vb3xh
300,@moh_shah3487,I just imagined myself in his shoes... that‚??s really dicing with death and so terrifying experience. I‚??d never do these stuff although they‚??re so educational and entertaining.,Ugw70prwWu2prphE9T54AaABAg,,0,https://www.youtube.com/watch?v=lT3vGaOLWqE&lc=Ugw70prwWu2prphE9T54AaABAg,11/23/2023 14:02,0,I just imagined myself in his shoes... that‚??s really dicing with death and so terrifying experience. I‚??d never do these stuff although they‚??re so educational and entertaining.,http://www.youtube.com/@moh_shah3487
301,@OgOssman,"I love the videos, but there is that thing of you know kids watching this, not knowing enough and getting dangerously electrocuted. Wish you had more safety talk.",Ugza7EmHjRY9j3dptFh4AaABAg,,0,https://www.youtube.com/watch?v=lT3vGaOLWqE&lc=Ugza7EmHjRY9j3dptFh4AaABAg,11/22/2023 10:26,1,"I love the videos, but there is that thing of you know kids watching this, not knowing enough and getting dangerously electrocuted. Wish you had more safety talk.",http://www.youtube.com/@OgOssman
302,@KadenSmith-gb3pq,I feel like kids would be less inclined to do it if they see someone getting electrocuted over and over. They‚??re more likely to try it if someone doesn‚??t get hurt and makes it look easy,Ugza7EmHjRY9j3dptFh4AaABAg.9xQWdJr8w1W9xiHh07uR6v,@OgOssman,0,https://www.youtube.com/watch?v=lT3vGaOLWqE&lc=Ugza7EmHjRY9j3dptFh4AaABAg.9xQWdJr8w1W9xiHh07uR6v,11/29/2023 17:21,0,I feel like kids would be less inclined to do it if they see someone getting electrocuted over and over. They‚??re more likely to try it if someone doesn‚??t get hurt and makes it look easy,http://www.youtube.com/@KadenSmith-gb3pq
303,@mikepouria4076,when you are bad boy you get lots of views but not much of followers,Ugyk6hpDEuNP5wyT6kV4AaABAg,,0,https://www.youtube.com/watch?v=lT3vGaOLWqE&lc=Ugyk6hpDEuNP5wyT6kV4AaABAg,11/22/2023 6:25,0,when you are bad boy you get lots of views but not much of followers,http://www.youtube.com/@mikepouria4076
304,@coleharris9258,Goat video,UgxJUXDgslbZirhxioV4AaABAg,,0,https://www.youtube.com/watch?v=lT3vGaOLWqE&lc=UgxJUXDgslbZirhxioV4AaABAg,11/22/2023 0:24,0,Goat video,http://www.youtube.com/@coleharris9258
305,@remi2215,"I hope your neighbours don\'t see your video, they\'ll fear an explosion ???",UgyfF9ZpJlYwRGTz_Rx4AaABAg,,0,https://www.youtube.com/watch?v=lT3vGaOLWqE&lc=UgyfF9ZpJlYwRGTz_Rx4AaABAg,11/21/2023 14:21,0,"I hope your neighbours don\'t see your video, they\'ll fear an explosion ???",http://www.youtube.com/@remi2215
306,@cristianmauceri7279,its ok,Ugxng4ebXfrvbCne2xR4AaABAg,,0,https://www.youtube.com/watch?v=lT3vGaOLWqE&lc=Ugxng4ebXfrvbCne2xR4AaABAg,11/21/2023 10:27,0,its ok,http://www.youtube.com/@cristianmauceri7279
307,@buggybgbassbooster,8:00,UgyJ4bUUBtemf6StROd4AaABAg,,0,https://www.youtube.com/watch?v=lT3vGaOLWqE&lc=UgyJ4bUUBtemf6StROd4AaABAg,11/21/2023 8:42,0,8:00,http://www.youtube.com/@buggybgbassbooster
308,@jamesquallssr.7665,I would be scared as shit to be your upstairs neighbor.,UgzalYX0mYNWN2vq9op4AaABAg,,0,https://www.youtube.com/watch?v=lT3vGaOLWqE&lc=UgzalYX0mYNWN2vq9op4AaABAg,11/20/2023 22:12,0,I would be scared as shit to be your upstairs neighbor.,http://www.youtube.com/@jamesquallssr.7665
309,@Bromon655,This man came so close to recording his own death when that tower fell on him. There‚??s an alternative universe where the flimsy wires never came undone and this was the last video this channel ever made.,UgwmZGE28ljX0le_fs14AaABAg,,0,https://www.youtube.com/watch?v=lT3vGaOLWqE&lc=UgwmZGE28ljX0le_fs14AaABAg,11/20/2023 19:04,0,This man came so close to recording his own death when that tower fell on him. There‚??s an alternative universe where the flimsy wires never came undone and this was the last video this channel ever made.,http://www.youtube.com/@Bromon655
310,@MarioS271,"As a person who accidentally shorted a RC car battery, burned themselves and almost set the house on fire, I can totally relate. This shit hurts alot afterwards ??????",Ugxl9iN44dV1JOp6iJ94AaABAg,,0,https://www.youtube.com/watch?v=lT3vGaOLWqE&lc=Ugxl9iN44dV1JOp6iJ94AaABAg,11/20/2023 15:56,0,"As a person who accidentally shorted a RC car battery, burned themselves and almost set the house on fire, I can totally relate. This shit hurts alot afterwards ??????",http://www.youtube.com/@MarioS271
311,@PikkeOnCrack,"""Il be using this microwave transformer"" ""Remember dont do this"" Does it???",UgxRgbYGdBk6_ovjoDJ4AaABAg,,0,https://www.youtube.com/watch?v=lT3vGaOLWqE&lc=UgxRgbYGdBk6_ovjoDJ4AaABAg,11/20/2023 15:51,0,"""Il be using this microwave transformer"" ""Remember dont do this"" Does it???",http://www.youtube.com/@PikkeOnCrack
312,@micko1404,"this guy is hilarious, even Nikola Tesla is laughing",UgwEGvDQJccDP7g9C4d4AaABAg,,0,https://www.youtube.com/watch?v=lT3vGaOLWqE&lc=UgwEGvDQJccDP7g9C4d4AaABAg,11/20/2023 6:52,0,"this guy is hilarious, even Nikola Tesla is laughing",http://www.youtube.com/@micko1404
313,@Lokovlogging,Congratulations,UgzPxZ2omK2yUPUz3G94AaABAg,,0,https://www.youtube.com/watch?v=lT3vGaOLWqE&lc=UgzPxZ2omK2yUPUz3G94AaABAg,11/19/2023 10:07,0,Congratulations,http://www.youtube.com/@Lokovlogging
314,@InVinoVeritas540,Great scotts! You\'re supposed to use 1.21 Gigawatts,UgyaZ-2r0IJkcmD8Qkl4AaABAg,,0,https://www.youtube.com/watch?v=lT3vGaOLWqE&lc=UgyaZ-2r0IJkcmD8Qkl4AaABAg,11/18/2023 17:48,0,Great scotts! You\'re supposed to use 1.21 Gigawatts,http://www.youtube.com/@InVinoVeritas540
315,@arvinmardani2811,ÿß€?ÿ±ÿßŸ?€? Ÿ?ÿ≥ÿ™€?ÿ?,UgzwP5V-rruXIKzmC3p4AaABAg,,0,https://www.youtube.com/watch?v=lT3vGaOLWqE&lc=UgzwP5V-rruXIKzmC3p4AaABAg,11/18/2023 9:45,1,ÿß€?ÿ±ÿßŸ?€? Ÿ?ÿ≥ÿ™€?ÿ?,http://www.youtube.com/@arvinmardani2811
316,@skiptrippins,Ÿ?ÿ¥ÿ±Ÿ?ÿπ ÿÆÿßÿµ Ÿ?Ÿ?ÿ?,UgzwP5V-rruXIKzmC3p4AaABAg.9xG8hJElQNW9xaC4s-xL_e,@arvinmardani2811,0,https://www.youtube.com/watch?v=lT3vGaOLWqE&lc=UgzwP5V-rruXIKzmC3p4AaABAg.9xG8hJElQNW9xaC4s-xL_e,11/26/2023 13:59,0,Ÿ?ÿ¥ÿ±Ÿ?ÿπ ÿÆÿßÿµ Ÿ?Ÿ?ÿ?,http://www.youtube.com/@skiptrippins
317,@realtech00,You are an awesome teacher for sure who always takes risks of life to teach us...,UgzGw0OgSMa4o3nNfnl4AaABAg,,0,https://www.youtube.com/watch?v=lT3vGaOLWqE&lc=UgzGw0OgSMa4o3nNfnl4AaABAg,11/16/2023 4:52,0,You are an awesome teacher for sure who always takes risks of life to teach us...,http://www.youtube.com/@realtech00
318,@FounderOfPartyism,8:00,UgyEUah6wgzFQ8O-iJF4AaABAg,,1,https://www.youtube.com/watch?v=lT3vGaOLWqE&lc=UgyEUah6wgzFQ8O-iJF4AaABAg,11/15/2023 20:30,0,8:00,http://www.youtube.com/@FounderOfPartyism
319,@Brame362,Apparently this is the basis of time travel,UgwphHef9Tgf_K_8IcB4AaABAg,,0,https://www.youtube.com/watch?v=lT3vGaOLWqE&lc=UgwphHef9Tgf_K_8IcB4AaABAg,11/14/2023 12:59,0,Apparently this is the basis of time travel,http://www.youtube.com/@Brame362
320,@mmohsinamin8709,Use laser lens light,Ugzi6DyzG4r85v8Y-kB4AaABAg,,0,https://www.youtube.com/watch?v=lT3vGaOLWqE&lc=Ugzi6DyzG4r85v8Y-kB4AaABAg,11/14/2023 11:23,0,Use laser lens light,http://www.youtube.com/@mmohsinamin8709
321,@OMBURUJPATTE,I am watching this video after Loki season 2 ???‚ù§,Ugxmobsq6X4C3rWoJ254AaABAg,,1,https://www.youtube.com/watch?v=lT3vGaOLWqE&lc=Ugxmobsq6X4C3rWoJ254AaABAg,11/14/2023 6:39,0,I am watching this video after Loki season 2 ???‚ù§,http://www.youtube.com/@OMBURUJPATTE
322,@nicolemarie7090,can i please ha a MINI 3D PRINTER,UgxiKISksPCICwaxEa54AaABAg,,0,https://www.youtube.com/watch?v=lT3vGaOLWqE&lc=UgxiKISksPCICwaxEa54AaABAg,11/13/2023 4:25,1,can i please ha a MINI 3D PRINTER,http://www.youtube.com/@nicolemarie7090
323,@wyattmori7142,Blud you 6 years late???,UgxiKISksPCICwaxEa54AaABAg.9x2h891nskU9x2jWRVlVCV,@nicolemarie7090,1,https://www.youtube.com/watch?v=lT3vGaOLWqE&lc=UgxiKISksPCICwaxEa54AaABAg.9x2h891nskU9x2jWRVlVCV,11/13/2023 4:46,0,Blud you 6 years late???,http://www.youtube.com/@wyattmori7142
324,@SpaceDad42,Heat the air between with a laser.,UgwbtCQJWCNs2eb4kft4AaABAg,,0,https://www.youtube.com/watch?v=lT3vGaOLWqE&lc=UgwbtCQJWCNs2eb4kft4AaABAg,11/12/2023 19:13,0,Heat the air between with a laser.,http://www.youtube.com/@SpaceDad42
325,@mr.textwall5327,"1:50 just got shocked, proceeds to wave hands in proximity to illustrate what happened. Half like a magician over his hat, half as if daring the setup to try again.",UgzO-QuHDFFDNYpkb4p4AaABAg,,0,https://www.youtube.com/watch?v=lT3vGaOLWqE&lc=UgzO-QuHDFFDNYpkb4p4AaABAg,11/12/2023 7:06,0,"1:50 just got shocked, proceeds to wave hands in proximity to illustrate what happened. Half like a magician over his hat, half as if daring the setup to try again.",http://www.youtube.com/@mr.textwall5327
326,@javadxpx6329,ŸÅŸ?Ÿ? ÿßŸ?ÿπÿßÿØŸ? Ÿ?ÿ±ÿØ‚ù§???,Ugw21uVjaSrvGm1rR1V4AaABAg,,0,https://www.youtube.com/watch?v=lT3vGaOLWqE&lc=Ugw21uVjaSrvGm1rR1V4AaABAg,11/11/2023 5:44,0,ŸÅŸ?Ÿ? ÿßŸ?ÿπÿßÿØŸ? Ÿ?ÿ±ÿØ‚ù§???,http://www.youtube.com/@javadxpx6329
327,@morganpaulree557,8:02,UgxufQ3fmG7cYZ24gkJ4AaABAg,,0,https://www.youtube.com/watch?v=lT3vGaOLWqE&lc=UgxufQ3fmG7cYZ24gkJ4AaABAg,11/11/2023 1:30,0,8:02,http://www.youtube.com/@morganpaulree557
328,@manan-543,He has a great voice ngl,UgwHbQPBUY9KeIyFRHN4AaABAg,,1,https://www.youtube.com/watch?v=lT3vGaOLWqE&lc=UgwHbQPBUY9KeIyFRHN4AaABAg,11/9/2023 9:20,0,He has a great voice ngl,http://www.youtube.com/@manan-543
329,@flamingdog9207,"At this point I like to think this man has some sort of quicksave ability in real life, or he\'s like Subaru in ReZero and rewinds time whenever he dies, remembering what happened while leaving us none the wiser. Because god damn he had to have been super lucky to have dodged a meeting with the reaper after that",Ugzc-UBIU21DvTaKZsd4AaABAg,,0,https://www.youtube.com/watch?v=lT3vGaOLWqE&lc=Ugzc-UBIU21DvTaKZsd4AaABAg,11/8/2023 16:16,0,"At this point I like to think this man has some sort of quicksave ability in real life, or he\'s like Subaru in ReZero and rewinds time whenever he dies, remembering what happened while leaving us none the wiser. Because god damn he had to have been super lucky to have dodged a meeting with the reaper after that",http://www.youtube.com/@flamingdog9207
330,@zachtuchlinsky,"Lady\'s and gentlemen, I present, THE LUCKEST MAN ALIVE",UgwFXFZGhQCnWEGhGY14AaABAg,,0,https://www.youtube.com/watch?v=lT3vGaOLWqE&lc=UgwFXFZGhQCnWEGhGY14AaABAg,11/7/2023 20:50,0,"Lady\'s and gentlemen, I present, THE LUCKEST MAN ALIVE",http://www.youtube.com/@zachtuchlinsky
331,@andrewthomas206,Excellent,UgyH8U97PQ-e38l_KWR4AaABAg,,0,https://www.youtube.com/watch?v=lT3vGaOLWqE&lc=UgyH8U97PQ-e38l_KWR4AaABAg,11/7/2023 6:34,0,Excellent,http://www.youtube.com/@andrewthomas206
332,@andrewthomas206,Great,Ugxy0GVQj1S7_No-1t54AaABAg,,0,https://www.youtube.com/watch?v=lT3vGaOLWqE&lc=Ugxy0GVQj1S7_No-1t54AaABAg,11/7/2023 6:30,0,Great,http://www.youtube.com/@andrewthomas206
333,@noobs_king,Not even the Jacobs lader can take electro boom,UgxwoGDjIfwx2QEPPuR4AaABAg,,0,https://www.youtube.com/watch?v=lT3vGaOLWqE&lc=UgxwoGDjIfwx2QEPPuR4AaABAg,11/5/2023 15:35,0,Not even the Jacobs lader can take electro boom,http://www.youtube.com/@noobs_king
334,@MaDnBaD,high power low frequency....ok..Thats why it didn\'t work when I tried with low power high frequency... Thanks,UgzI-vSYvco-9A7VvMF4AaABAg,,0,https://www.youtube.com/watch?v=lT3vGaOLWqE&lc=UgzI-vSYvco-9A7VvMF4AaABAg,11/4/2023 11:39,0,high power low frequency....ok..Thats why it didn\'t work when I tried with low power high frequency... Thanks,http://www.youtube.com/@MaDnBaD
335,@ImKoroz413,That\'s why women live longer than men,UgwTTNUmDMWzJql9puF4AaABAg,,2,https://www.youtube.com/watch?v=lT3vGaOLWqE&lc=UgwTTNUmDMWzJql9puF4AaABAg,11/3/2023 11:10,0,That\'s why women live longer than men,http://www.youtube.com/@ImKoroz413
336,@user-wi5by5dq8j,?????????????????????,UgxZlnGSVCf2vXgXu3d4AaABAg,,0,https://www.youtube.com/watch?v=lT3vGaOLWqE&lc=UgxZlnGSVCf2vXgXu3d4AaABAg,11/2/2023 16:44,0,?????????????????????,http://www.youtube.com/@user-wi5by5dq8j
337,@mishkat.raiyan,My heart stops beating several while times watching this guy\'s video,UgyCB_bU75XVhiBEzul4AaABAg,,0,https://www.youtube.com/watch?v=lT3vGaOLWqE&lc=UgyCB_bU75XVhiBEzul4AaABAg,11/2/2023 5:55,0,My heart stops beating several while times watching this guy\'s video,http://www.youtube.com/@mishkat.raiyan
338,@SANATANI_VISWAKARMA,He was electric man ???,UgwnIirPCwliQPW0Fgd4AaABAg,,0,https://www.youtube.com/watch?v=lT3vGaOLWqE&lc=UgwnIirPCwliQPW0Fgd4AaABAg,10/31/2023 10:15,0,He was electric man ???,http://www.youtube.com/@SANATANI_VISWAKARMA
339,@FrancisReidCerbo,R.I.P ElectroBoom,UgwqpghxGPJ7Vaygvap4AaABAg,,0,https://www.youtube.com/watch?v=lT3vGaOLWqE&lc=UgwqpghxGPJ7Vaygvap4AaABAg,10/31/2023 8:12,0,R.I.P ElectroBoom,http://www.youtube.com/@FrancisReidCerbo
340,@Fidlnks,8:18 ??Æ,UgwrJL7hAyueHoq8qc14AaABAg,,0,https://www.youtube.com/watch?v=lT3vGaOLWqE&lc=UgwrJL7hAyueHoq8qc14AaABAg,10/31/2023 5:10,0,8:18 ??Æ,http://www.youtube.com/@Fidlnks
341,@user-gd2xf3dx2u,His best friend is "Tim the toolman Taylor" They once shared the same hospital room.,UgxS55GlYJJkWfDZf694AaABAg,,0,https://www.youtube.com/watch?v=lT3vGaOLWqE&lc=UgxS55GlYJJkWfDZf694AaABAg,10/30/2023 21:14,0,His best friend is "Tim the toolman Taylor" They once shared the same hospital room.,http://www.youtube.com/@user-gd2xf3dx2u
342,@djbs65,"Wow, a short 5.1 million subscribers later and this content still describes your channel perfectly. Admittedly your generally much safer than allowing a 2K Volt Jacobs ladder to fall into your person. But still, pretty accurate. Keep being awesome!",UgyspzlAI2L_cRRFaBt4AaABAg,,0,https://www.youtube.com/watch?v=lT3vGaOLWqE&lc=UgyspzlAI2L_cRRFaBt4AaABAg,10/29/2023 1:23,0,"Wow, a short 5.1 million subscribers later and this content still describes your channel perfectly. Admittedly your generally much safer than allowing a 2K Volt Jacobs ladder to fall into your person. But still, pretty accurate. Keep being awesome!",http://www.youtube.com/@djbs65
343,@SimonPlays-lp6pu,Is it bad that i laugh at him even though he might die.,UgzXWivDvG1XCbPYW3l4AaABAg,,0,https://www.youtube.com/watch?v=lT3vGaOLWqE&lc=UgzXWivDvG1XCbPYW3l4AaABAg,10/26/2023 22:32,0,Is it bad that i laugh at him even though he might die.,http://www.youtube.com/@SimonPlays-lp6pu
344,@MrMeanBean-qo6vl,3:15 electricity trying to jump gap "Thats too boring. How about I start doing nuclear fusion? Yea great idea!",UgxAN1nc_EoX91Yo82B4AaABAg,,0,https://www.youtube.com/watch?v=lT3vGaOLWqE&lc=UgxAN1nc_EoX91Yo82B4AaABAg,10/26/2023 19:23,0,3:15 electricity trying to jump gap "Thats too boring. How about I start doing nuclear fusion? Yea great idea!",http://www.youtube.com/@MrMeanBean-qo6vl
345,@A_hopefullyPLAYS_official_,#pleasegimme,UgzQX1_6UGFbKhgMy9h4AaABAg,,1,https://www.youtube.com/watch?v=lT3vGaOLWqE&lc=UgzQX1_6UGFbKhgMy9h4AaABAg,10/26/2023 14:18,0,#pleasegimme,http://www.youtube.com/@A_hopefullyPLAYS_official_
346,@parthvasoya,"This guy is genius, I wish I can make the instruments like this and understand electricity more! Hope he doesn\'t kill himself though!",UgyiqMiNqbo4c0O8YBh4AaABAg,,0,https://www.youtube.com/watch?v=lT3vGaOLWqE&lc=UgyiqMiNqbo4c0O8YBh4AaABAg,10/26/2023 2:29,0,"This guy is genius, I wish I can make the instruments like this and understand electricity more! Hope he doesn\'t kill himself though!",http://www.youtube.com/@parthvasoya
347,@chuckmiller4685,????????????????????????,UgxCyjN1_TVNPpAAbbV4AaABAg,,0,https://www.youtube.com/watch?v=lT3vGaOLWqE&lc=UgxCyjN1_TVNPpAAbbV4AaABAg,10/25/2023 17:50,0,????????????????????????,http://www.youtube.com/@chuckmiller4685
348,@chuckmiller4685,I could use a printer,UgwHaKssdYgVeehf0B94AaABAg,,0,https://www.youtube.com/watch?v=lT3vGaOLWqE&lc=UgwHaKssdYgVeehf0B94AaABAg,10/25/2023 17:49,0,I could use a printer,http://www.youtube.com/@chuckmiller4685
349,@chuckmiller4685,Your to much bro. I fuckin love it,UgycW0-XPuQRwXnKCs14AaABAg,,0,https://www.youtube.com/watch?v=lT3vGaOLWqE&lc=UgycW0-XPuQRwXnKCs14AaABAg,10/25/2023 17:48,0,Your to much bro. I fuckin love it,http://www.youtube.com/@chuckmiller4685
350,@anusaji9929,Please don\'t die bro???,UgzJ24dNEf-h5bNCwS54AaABAg,,0,https://www.youtube.com/watch?v=lT3vGaOLWqE&lc=UgzJ24dNEf-h5bNCwS54AaABAg,10/24/2023 10:43,0,Please don\'t die bro???,http://www.youtube.com/@anusaji9929
351,@PK_S77,I want 3d printed will u gifted to me,UgyOqKdVVT1OrEKlCUd4AaABAg,,0,https://www.youtube.com/watch?v=lT3vGaOLWqE&lc=UgyOqKdVVT1OrEKlCUd4AaABAg,10/24/2023 2:03,0,I want 3d printed will u gifted to me,http://www.youtube.com/@PK_S77
352,@reynardramlal7752,"hey, i love watching your videos, so funny but I learn so much thank you, im a 16 years old and i do electrical engineering technology at my school and i would love to get a 3d print so many new projects, just recently i build a regulated power supply with a brige rectifier, LULZBOT only if that sparkle stick Jacob ladder didn\'t fall :/",UgxRIQaDeQJWOXUe6994AaABAg,,1,https://www.youtube.com/watch?v=lT3vGaOLWqE&lc=UgxRIQaDeQJWOXUe6994AaABAg,10/23/2023 20:25,0,"hey, i love watching your videos, so funny but I learn so much thank you, im a 16 years old and i do electrical engineering technology at my school and i would love to get a 3d print so many new projects, just recently i build a regulated power supply with a brige rectifier, LULZBOT only if that sparkle stick Jacob ladder didn\'t fall :/",http://www.youtube.com/@reynardramlal7752
353,@kvssvh,1000000 volts,Ugz2VJul1dxsKo6X_Ch4AaABAg,,0,https://www.youtube.com/watch?v=lT3vGaOLWqE&lc=Ugz2VJul1dxsKo6X_Ch4AaABAg,10/22/2023 10:26,0,1000000 volts,http://www.youtube.com/@kvssvh
354,@aryanaryushkumar,?§£?§£?§£?§£?§£?§£?§£?§£?§£?§£?§£?§£?§£,Ugxu8hJuWkAE1WEjg6t4AaABAg,,0,https://www.youtube.com/watch?v=lT3vGaOLWqE&lc=Ugxu8hJuWkAE1WEjg6t4AaABAg,10/22/2023 7:02,0,?§£?§£?§£?§£?§£?§£?§£?§£?§£?§£?§£?§£?§£,http://www.youtube.com/@aryanaryushkumar
355,@alialamdari5242,⁄?ÿ±ÿß ÿß€?Ÿ? ÿ®Ÿ?ÿØŸ? ÿÆÿØÿß ÿßŸ?Ÿ?ÿØÿ± ÿß€?ÿ±ÿßŸ?€?Ÿ?ÿ????,Ugxbghe-jDN2OObCnJJ4AaABAg,,1,https://www.youtube.com/watch?v=lT3vGaOLWqE&lc=Ugxbghe-jDN2OObCnJJ4AaABAg,10/22/2023 0:51,0,⁄?ÿ±ÿß ÿß€?Ÿ? ÿ®Ÿ?ÿØŸ? ÿÆÿØÿß ÿßŸ?Ÿ?ÿØÿ± ÿß€?ÿ±ÿßŸ?€?Ÿ?ÿ????,http://www.youtube.com/@alialamdari5242
356,@EYgamerZ9196,I hope you will use electonics safely,UgzHZCOIQs4OdFFJHZN4AaABAg,,1,https://www.youtube.com/watch?v=lT3vGaOLWqE&lc=UgzHZCOIQs4OdFFJHZN4AaABAg,10/21/2023 9:21,0,I hope you will use electonics safely,http://www.youtube.com/@EYgamerZ9196
357,@Chad-Ni3,8:00,UgzIxrR1-DsvQEQWWtB4AaABAg,,0,https://www.youtube.com/watch?v=lT3vGaOLWqE&lc=UgzIxrR1-DsvQEQWWtB4AaABAg,10/21/2023 5:55,0,8:00,http://www.youtube.com/@Chad-Ni3
358,@DanielFCutter,Mind the Gap.,UgwVWI1ImyGnZRoa4Kd4AaABAg,,0,https://www.youtube.com/watch?v=lT3vGaOLWqE&lc=UgwVWI1ImyGnZRoa4Kd4AaABAg,10/21/2023 1:33,0,Mind the Gap.,http://www.youtube.com/@DanielFCutter
359,@hadesxcodm3452,i want 3d printer,UgzopnXKjiTWOtZqgFZ4AaABAg,,0,https://www.youtube.com/watch?v=lT3vGaOLWqE&lc=UgzopnXKjiTWOtZqgFZ4AaABAg,10/19/2023 2:45,0,i want 3d printer,http://www.youtube.com/@hadesxcodm3452
360,@Phanith001able,"https://www.youtube.com/watch?v=gL9eiHhIDX8, Can you help to explain this video, is it work as what he shown?",UgzFkor2eCFasIRPRZd4AaABAg,,0,https://www.youtube.com/watch?v=lT3vGaOLWqE&lc=UgzFkor2eCFasIRPRZd4AaABAg,10/19/2023 0:16,0,"https://www.youtube.com/watch?v=gL9eiHhIDX8, Can you help to explain this video, is it work as what he shown?",http://www.youtube.com/@Phanith001able
361,@alexbriseno1852,9:15,UgxkW_Q7WFUTlPsapVl4AaABAg,,0,https://www.youtube.com/watch?v=lT3vGaOLWqE&lc=UgxkW_Q7WFUTlPsapVl4AaABAg,10/18/2023 23:31,0,9:15,http://www.youtube.com/@alexbriseno1852
362,@RESTRICTED-tk8zy,2:57 Jesus. The subtitles shouldn\'t be this big,Ugw9cMjWmNfMx4iSE7h4AaABAg,,0,https://www.youtube.com/watch?v=lT3vGaOLWqE&lc=Ugw9cMjWmNfMx4iSE7h4AaABAg,10/18/2023 12:17,0,2:57 Jesus. The subtitles shouldn\'t be this big,http://www.youtube.com/@RESTRICTED-tk8zy
363,@succathog5906,how sad would it be if thats what killed him. everyone here is so lucky (including him) that he is alive rightnow.,UgykjiGwyW0KQ4P1AS54AaABAg,,1,https://www.youtube.com/watch?v=lT3vGaOLWqE&lc=UgykjiGwyW0KQ4P1AS54AaABAg,10/18/2023 6:28,0,how sad would it be if thats what killed him. everyone here is so lucky (including him) that he is alive rightnow.,http://www.youtube.com/@succathog5906
364,@hooshangjafarizadeh5505,⁄?ÿ±ÿß Ÿ?ÿ≠ÿ¨Ÿ? ÿ¥Ÿ?ÿß ÿß€?ÿ±ÿßŸ?€?Ÿ?ÿ????,Ugy6ENutznMHXECmet54AaABAg,,0,https://www.youtube.com/watch?v=lT3vGaOLWqE&lc=Ugy6ENutznMHXECmet54AaABAg,10/17/2023 15:36,1,⁄?ÿ±ÿß Ÿ?ÿ≠ÿ¨Ÿ? ÿ¥Ÿ?ÿß ÿß€?ÿ±ÿßŸ?€?Ÿ?ÿ????,http://www.youtube.com/@hooshangjafarizadeh5505
365,@paolo69,Because he is,Ugy6ENutznMHXECmet54AaABAg.9vzG_m65xKW9w0fj7wBfm5,@hooshangjafarizadeh5505,0,https://www.youtube.com/watch?v=lT3vGaOLWqE&lc=Ugy6ENutznMHXECmet54AaABAg.9vzG_m65xKW9w0fj7wBfm5,10/18/2023 14:03,0,Because he is,http://www.youtube.com/@paolo69
366,@yadavharsh12963,7:58,UgxzwhtYLSKWYzoCyJd4AaABAg,,1,https://www.youtube.com/watch?v=lT3vGaOLWqE&lc=UgxzwhtYLSKWYzoCyJd4AaABAg,10/17/2023 10:19,0,7:58,http://www.youtube.com/@yadavharsh12963
367,@user-ro4je3xj9c,"BRO did you know you can make a Rupert, s drop",UgxPHBxgQef-S8Juov94AaABAg,,0,https://www.youtube.com/watch?v=lT3vGaOLWqE&lc=UgxPHBxgQef-S8Juov94AaABAg,10/17/2023 6:53,0,"BRO did you know you can make a Rupert, s drop",http://www.youtube.com/@user-ro4je3xj9c
368,@Rensons,Bro said Sheeeerlock 8:03 ???,Ugz7tlOaXTWeVKnSXwp4AaABAg,,1,https://www.youtube.com/watch?v=lT3vGaOLWqE&lc=Ugz7tlOaXTWeVKnSXwp4AaABAg,10/16/2023 22:21,0,Bro said Sheeeerlock 8:03 ???,http://www.youtube.com/@Rensons
369,@BabCaba,"All have sinned and fallen short of the glory of God, sin leads only to death, therefore we needed someone to take that punishment for us. Who better to take that punishment than God himself. So God loved us while we were still yet sinners that He sent His only son Christ Jesus as payment for the wages of our sins. That by His grace through our faith in the Lord Jesus, we will have everlasting life. He died on the cross, rose 3 days later, defeated sin and death. All you must do is REPENT.",UgwQuSqNlEJTmHRYJbt4AaABAg,,0,https://www.youtube.com/watch?v=lT3vGaOLWqE&lc=UgwQuSqNlEJTmHRYJbt4AaABAg,10/15/2023 0:30,0,"All have sinned and fallen short of the glory of God, sin leads only to death, therefore we needed someone to take that punishment for us. Who better to take that punishment than God himself. So God loved us while we were still yet sinners that He sent His only son Christ Jesus as payment for the wages of our sins. That by His grace through our faith in the Lord Jesus, we will have everlasting life. He died on the cross, rose 3 days later, defeated sin and death. All you must do is REPENT.",http://www.youtube.com/@BabCaba
370,@unstablecoding,how are you not dead yet?,UgyO0DFykuoW771-fW94AaABAg,,0,https://www.youtube.com/watch?v=lT3vGaOLWqE&lc=UgyO0DFykuoW771-fW94AaABAg,10/14/2023 22:31,0,how are you not dead yet?,http://www.youtube.com/@unstablecoding
371,@twice6436,Wonder what the neighbor thinks about you.???,Ugycm6iJqL929GdCVoB4AaABAg,,0,https://www.youtube.com/watch?v=lT3vGaOLWqE&lc=Ugycm6iJqL929GdCVoB4AaABAg,10/14/2023 22:01,0,Wonder what the neighbor thinks about you.???,http://www.youtube.com/@twice6436
372,@whiskershed,can i win giveway,Ugy8VtgRKDu4gTDRsvB4AaABAg,,0,https://www.youtube.com/watch?v=lT3vGaOLWqE&lc=Ugy8VtgRKDu4gTDRsvB4AaABAg,10/14/2023 18:58,0,can i win giveway,http://www.youtube.com/@whiskershed
373,@elizabujor6247,Yes,UgyGxRkZXiJrtaNbNBN4AaABAg,,0,https://www.youtube.com/watch?v=lT3vGaOLWqE&lc=UgyGxRkZXiJrtaNbNBN4AaABAg,10/14/2023 13:25,0,Yes,http://www.youtube.com/@elizabujor6247
374,@elizabujor6247,Yes,UgyzW4MX-n_0TeP1Vh94AaABAg,,0,https://www.youtube.com/watch?v=lT3vGaOLWqE&lc=UgyzW4MX-n_0TeP1Vh94AaABAg,10/14/2023 13:25,0,Yes,http://www.youtube.com/@elizabujor6247
375,@Coco_Queen-cm5kl,"""Why do bad things happen to good people"". He lies as he breathes",UgzEuteS_giYjlsbBeV4AaABAg,,1,https://www.youtube.com/watch?v=lT3vGaOLWqE&lc=UgzEuteS_giYjlsbBeV4AaABAg,10/14/2023 12:54,0,"""Why do bad things happen to good people"". He lies as he breathes",http://www.youtube.com/@Coco_Queen-cm5kl
376,@TaterBug911,Bro he gets the shock I feel it Salute to this guy I am a electronics student and he came as a messiah to show me how not to f**k up my life,UgxtJdxMEUbEEJ9IE2d4AaABAg,,0,https://www.youtube.com/watch?v=lT3vGaOLWqE&lc=UgxtJdxMEUbEEJ9IE2d4AaABAg,10/14/2023 9:18,0,Bro he gets the shock I feel it Salute to this guy I am a electronics student and he came as a messiah to show me how not to f**k up my life,http://www.youtube.com/@TaterBug911
377,@r4ng3rd3thr0w,What if I told you that most electrical engineers are goofballs. Much like this guy.,Ugx5Ufd8czuaOSKG4Wx4AaABAg,,1,https://www.youtube.com/watch?v=lT3vGaOLWqE&lc=Ugx5Ufd8czuaOSKG4Wx4AaABAg,10/14/2023 6:29,0,What if I told you that most electrical engineers are goofballs. Much like this guy.,http://www.youtube.com/@r4ng3rd3thr0w
378,@BeautifulWorld-tb5zn,???????????????,UgwCiCZt_KEgaeRoa-Z4AaABAg,,0,https://www.youtube.com/watch?v=lT3vGaOLWqE&lc=UgwCiCZt_KEgaeRoa-Z4AaABAg,10/13/2023 13:34,0,???????????????,http://www.youtube.com/@BeautifulWorld-tb5zn
379,@walidr1183,every video you make i thank you diy in it,UgzBbIo-GQ9-6fI2tvF4AaABAg,,0,https://www.youtube.com/watch?v=lT3vGaOLWqE&lc=UgzBbIo-GQ9-6fI2tvF4AaABAg,10/13/2023 11:52,0,every video you make i thank you diy in it,http://www.youtube.com/@walidr1183
380,@Jesus.is.king.of.this.world.,‚ù§,UgzuW2VWVJNthNbcMiV4AaABAg,,0,https://www.youtube.com/watch?v=lT3vGaOLWqE&lc=UgzuW2VWVJNthNbcMiV4AaABAg,10/12/2023 14:58,0,‚ù§,http://www.youtube.com/@Jesus.is.king.of.this.world.
381,@deadcode211,The Mad Scientist. ?????? So Cool ?????????,UgwM4gsG5oE046vwyrt4AaABAg,,0,https://www.youtube.com/watch?v=lT3vGaOLWqE&lc=UgwM4gsG5oE046vwyrt4AaABAg,10/12/2023 11:42,0,The Mad Scientist. ?????? So Cool ?????????,http://www.youtube.com/@deadcode211
382,@theodaniel-power2180,Almost died 2 times this video,UgxQzexIblUZcZhOk0t4AaABAg,,0,https://www.youtube.com/watch?v=lT3vGaOLWqE&lc=UgxQzexIblUZcZhOk0t4AaABAg,10/12/2023 3:34,0,Almost died 2 times this video,http://www.youtube.com/@theodaniel-power2180
383,@DirtyyJerz,I love following up a warning about how you can get shocked with "let me show you",UgzGfAzaYpXqiwtccPx4AaABAg,,0,https://www.youtube.com/watch?v=lT3vGaOLWqE&lc=UgzGfAzaYpXqiwtccPx4AaABAg,10/12/2023 1:53,0,I love following up a warning about how you can get shocked with "let me show you",http://www.youtube.com/@DirtyyJerz
384,@snapperl,Its a shame this guy never made content with Johnny Knoxville and the Jackass crew.,UgwbyGcOLcSkFQlK-B94AaABAg,,0,https://www.youtube.com/watch?v=lT3vGaOLWqE&lc=UgwbyGcOLcSkFQlK-B94AaABAg,10/10/2023 8:56,0,Its a shame this guy never made content with Johnny Knoxville and the Jackass crew.,http://www.youtube.com/@snapperl
385,@darrellmurdock6880,That was great when he kept going with the sprinklers ??• great celebration ?????ç??Å,UgwYYZgMQwVXIQOTsRx4AaABAg,,0,https://www.youtube.com/watch?v=lT3vGaOLWqE&lc=UgwYYZgMQwVXIQOTsRx4AaABAg,10/10/2023 0:44,0,That was great when he kept going with the sprinklers ??• great celebration ?????ç??Å,http://www.youtube.com/@darrellmurdock6880
386,@MaccasAdventures223,"3:00 jee, that noise sounded like a day after a XXXL burrito from tacobell",UgxFU3sC2N6LIuG8x1Z4AaABAg,,0,https://www.youtube.com/watch?v=lT3vGaOLWqE&lc=UgxFU3sC2N6LIuG8x1Z4AaABAg,10/10/2023 0:41,0,"3:00 jee, that noise sounded like a day after a XXXL burrito from tacobell",http://www.youtube.com/@MaccasAdventures223
387,@mryeast-be2bo,One question how is he not dead yet he has escaped death so many times barely,Ugx7pFt1IlRYGeiCQqB4AaABAg,,0,https://www.youtube.com/watch?v=lT3vGaOLWqE&lc=Ugx7pFt1IlRYGeiCQqB4AaABAg,10/10/2023 0:17,0,One question how is he not dead yet he has escaped death so many times barely,http://www.youtube.com/@mryeast-be2bo
388,@paradiselost9946,"hey medhi. how about something EDUCATIONAL about JACOBS LAW? yknow, how the load resistance and the source or generator resistance interact, how the amount of energy transferred is affected? how the load resistance on a BLDC motor used as a generator controls the available output? some BASIC PHYSICS? really easy to demonstrate on a lathe, with a variety of BLDCs, load resistors in the 0.1 to 10R or so, a set of scales with an arm to read torque, and a wattmeter... its a fundamental part of electrical engineering, and all we get is stupid videos like this, a few sparks, flashing lights. tawdry vacuous KITSCH. yay. nothing actually USEFUL or EDUCATIONAL. people might learn something for a change.",Ugyv-Jo3Ly-44YaRs754AaABAg,,0,https://www.youtube.com/watch?v=lT3vGaOLWqE&lc=Ugyv-Jo3Ly-44YaRs754AaABAg,10/9/2023 22:40,0,"hey medhi. how about something EDUCATIONAL about JACOBS LAW? yknow, how the load resistance and the source or generator resistance interact, how the amount of energy transferred is affected? how the load resistance on a BLDC motor used as a generator controls the available output? some BASIC PHYSICS? really easy to demonstrate on a lathe, with a variety of BLDCs, load resistors in the 0.1 to 10R or so, a set of scales with an arm to read torque, and a wattmeter... its a fundamental part of electrical engineering, and all we get is stupid videos like this, a few sparks, flashing lights. tawdry vacuous KITSCH. yay. nothing actually USEFUL or EDUCATIONAL. people might learn something for a change.",http://www.youtube.com/@paradiselost9946
389,@MugenFanatic2017,8:00,UgzzZyl8ek-0q_Xg5yR4AaABAg,,1,https://www.youtube.com/watch?v=lT3vGaOLWqE&lc=UgzzZyl8ek-0q_Xg5yR4AaABAg,10/7/2023 18:25,0,8:00,http://www.youtube.com/@MugenFanatic2017
390,@guitardog99,7:47 me in the bathroom after taco bell,UgxBolVwzt1mDvrZU314AaABAg,,1,https://www.youtube.com/watch?v=lT3vGaOLWqE&lc=UgxBolVwzt1mDvrZU314AaABAg,10/7/2023 15:38,0,7:47 me in the bathroom after taco bell,http://www.youtube.com/@guitardog99
391,@naviskywalker,7:58 ?§£?§£?§£,Ugyc6LALH9ql-e_Ncvl4AaABAg,,1,https://www.youtube.com/watch?v=lT3vGaOLWqE&lc=Ugyc6LALH9ql-e_Ncvl4AaABAg,10/5/2023 13:51,0,7:58 ?§£?§£?§£,http://www.youtube.com/@naviskywalker
392,@HueyMcFarlane,???????????????,Ugx40hnk6sffB-Bm2sZ4AaABAg,,0,https://www.youtube.com/watch?v=lT3vGaOLWqE&lc=Ugx40hnk6sffB-Bm2sZ4AaABAg,10/3/2023 17:03,0,???????????????,http://www.youtube.com/@HueyMcFarlane
393,@nileshyogesh5711,I want to study with u,Ugzdm4yz6016ooi_zvF4AaABAg,,0,https://www.youtube.com/watch?v=lT3vGaOLWqE&lc=Ugzdm4yz6016ooi_zvF4AaABAg,10/3/2023 14:27,0,I want to study with u,http://www.youtube.com/@nileshyogesh5711
394,@ryandevan2793,6:48 Let‚??s make it fancier!,UgxMMMrg5SyOgBWpOmp4AaABAg,,0,https://www.youtube.com/watch?v=lT3vGaOLWqE&lc=UgxMMMrg5SyOgBWpOmp4AaABAg,10/3/2023 9:46,0,6:48 Let‚??s make it fancier!,http://www.youtube.com/@ryandevan2793
395,@Clipzzz66,8:00 is to funny,UgyfjQQQK7S1j8lQ7TN4AaABAg,,0,https://www.youtube.com/watch?v=lT3vGaOLWqE&lc=UgyfjQQQK7S1j8lQ7TN4AaABAg,10/1/2023 5:19,0,8:00 is to funny,http://www.youtube.com/@Clipzzz66
396,@user-fu6ln2ru4s,It‚??s a miracle he‚??s still alive! He has to know his stuff to do what he does. He‚??s not your typical compliant nerd who can‚??t see the humor along with the teachings and warnings.,UgwVonDIjd6r5zI0R114AaABAg,,0,https://www.youtube.com/watch?v=lT3vGaOLWqE&lc=UgwVonDIjd6r5zI0R114AaABAg,9/30/2023 22:01,0,It‚??s a miracle he‚??s still alive! He has to know his stuff to do what he does. He‚??s not your typical compliant nerd who can‚??t see the humor along with the teachings and warnings.,http://www.youtube.com/@user-fu6ln2ru4s
397,@mr.bastlovers,ÿßŸ?⁄Ø€?Ÿ?€?ÿ≥€?ÿ™ ÿÆ€?Ÿ?€? ÿß€?ÿ±ÿßŸ?€?Ÿ?,Ugz4WAHMxYaoh3zxmdJ4AaABAg,,0,https://www.youtube.com/watch?v=lT3vGaOLWqE&lc=Ugz4WAHMxYaoh3zxmdJ4AaABAg,9/29/2023 11:03,0,ÿßŸ?⁄Ø€?Ÿ?€?ÿ≥€?ÿ™ ÿÆ€?Ÿ?€? ÿß€?ÿ±ÿßŸ?€?Ÿ?,http://www.youtube.com/@mr.bastlovers
398,@henri6969,7:59 made me laugh for real,Ugynq53uSXunj_fMgWx4AaABAg,,1,https://www.youtube.com/watch?v=lT3vGaOLWqE&lc=Ugynq53uSXunj_fMgWx4AaABAg,9/28/2023 18:15,0,7:59 made me laugh for real,http://www.youtube.com/@henri6969
399,@bromisovalum8417,Your guardian angel was working overtime here.,UgzlEpCaF-J37HEA_oJ4AaABAg,,0,https://www.youtube.com/watch?v=lT3vGaOLWqE&lc=UgzlEpCaF-J37HEA_oJ4AaABAg,9/28/2023 15:45,0,Your guardian angel was working overtime here.,http://www.youtube.com/@bromisovalum8417
400,@TURKISH_AIRWAYS,Nutty ElectroengineerBOOM,Ugx5VaOjcP2sIQvUz0R4AaABAg,,0,https://www.youtube.com/watch?v=lT3vGaOLWqE&lc=Ugx5VaOjcP2sIQvUz0R4AaABAg,9/24/2023 11:20,0,Nutty ElectroengineerBOOM,http://www.youtube.com/@TURKISH_AIRWAYS
401,@user-ht4pd3go1w,How are you not dead,UgwlB5YBymWJpYjvJ6h4AaABAg,,0,https://www.youtube.com/watch?v=lT3vGaOLWqE&lc=UgwlB5YBymWJpYjvJ6h4AaABAg,9/24/2023 2:38,0,How are you not dead,http://www.youtube.com/@user-ht4pd3go1w
402,@Wolfyy.the.therian,Zeed stun,UgyQZ1g3oqgGQfUjzOx4AaABAg,,0,https://www.youtube.com/watch?v=lT3vGaOLWqE&lc=UgyQZ1g3oqgGQfUjzOx4AaABAg,9/23/2023 3:11,0,Zeed stun,http://www.youtube.com/@Wolfyy.the.therian
403,@rachit1658,After so many years i am still comfused if that jacob fall was planned or accidental ??Æ,UgwF6s74gkzmse0pcrB4AaABAg,,1,https://www.youtube.com/watch?v=lT3vGaOLWqE&lc=UgwF6s74gkzmse0pcrB4AaABAg,9/22/2023 11:22,1,After so many years i am still comfused if that jacob fall was planned or accidental ??Æ,http://www.youtube.com/@rachit1658
404,@daddynikolatesla6663,In his Petreon he said it really was an accident. But his dry skin saved him kinda.,UgwF6s74gkzmse0pcrB4AaABAg.9uyReOpN86x9v0pFNv0qNu,@rachit1658,1,https://www.youtube.com/watch?v=lT3vGaOLWqE&lc=UgwF6s74gkzmse0pcrB4AaABAg.9uyReOpN86x9v0pFNv0qNu,9/23/2023 18:55,0,In his Petreon he said it really was an accident. But his dry skin saved him kinda.,http://www.youtube.com/@daddynikolatesla6663
405,@halkennedy6353,Love the channel.....but using an MOT this way is unsafe...and encourages possibly fatal behavior.,UgxybWTWBIK766J3qTV4AaABAg,,0,https://www.youtube.com/watch?v=lT3vGaOLWqE&lc=UgxybWTWBIK766J3qTV4AaABAg,9/21/2023 22:13,0,Love the channel.....but using an MOT this way is unsafe...and encourages possibly fatal behavior.,http://www.youtube.com/@halkennedy6353
406,@kilroy987,7:58 good god man.,Ugz6WY7paNEfZ2VaxVd4AaABAg,,1,https://www.youtube.com/watch?v=lT3vGaOLWqE&lc=Ugz6WY7paNEfZ2VaxVd4AaABAg,9/21/2023 14:54,0,7:58 good god man.,http://www.youtube.com/@kilroy987
407,@L-Office,"A brilliant electrical engineer, but definetly not a mechanical or civ engineer. That mount looked horribly flimsy",UgyVJXT7XAB0HCoVJLt4AaABAg,,0,https://www.youtube.com/watch?v=lT3vGaOLWqE&lc=UgyVJXT7XAB0HCoVJLt4AaABAg,9/21/2023 9:07,0,"A brilliant electrical engineer, but definetly not a mechanical or civ engineer. That mount looked horribly flimsy",http://www.youtube.com/@L-Office
408,@PERIstone,7:59 the Jacobs Ladder dont like you XD,UgzMEESK1x-uQdO5LFN4AaABAg,,0,https://www.youtube.com/watch?v=lT3vGaOLWqE&lc=UgzMEESK1x-uQdO5LFN4AaABAg,9/21/2023 8:30,0,7:59 the Jacobs Ladder dont like you XD,http://www.youtube.com/@PERIstone
409,@themightykabool,Aahhahahahahhahahah,UgzXfOMokc24hb-CDIh4AaABAg,,0,https://www.youtube.com/watch?v=lT3vGaOLWqE&lc=UgzXfOMokc24hb-CDIh4AaABAg,9/21/2023 7:25,0,Aahhahahahahhahahah,http://www.youtube.com/@themightykabool
410,@alphabetsoup6817,If you had a class. I would definitely show up. What a great way to receive informatipn,UgzRorTFX9MnMQOi5OZ4AaABAg,,0,https://www.youtube.com/watch?v=lT3vGaOLWqE&lc=UgzRorTFX9MnMQOi5OZ4AaABAg,9/20/2023 18:55,1,If you had a class. I would definitely show up. What a great way to receive informatipn,http://www.youtube.com/@alphabetsoup6817
411,@alphabetsoup6817,Information*,UgzRorTFX9MnMQOi5OZ4AaABAg.9uu5ts8dmNT9uu5vl15K-W,@alphabetsoup6817,0,https://www.youtube.com/watch?v=lT3vGaOLWqE&lc=UgzRorTFX9MnMQOi5OZ4AaABAg.9uu5ts8dmNT9uu5vl15K-W,9/20/2023 18:55,0,Information*,http://www.youtube.com/@alphabetsoup6817
412,@cbl6520,"1:44 Oh, I think the gap between the wire is a little too wide for the 2 kilovolt to jump across ?§??´±??≥Ô∏è?´≤‚?°Ô∏è‚????≥??¨?§? ‚?¶‚?¶.oooooooowwwww??´",UgwT10ioDlX9ZlyH4Kt4AaABAg,,0,https://www.youtube.com/watch?v=lT3vGaOLWqE&lc=UgwT10ioDlX9ZlyH4Kt4AaABAg,9/20/2023 2:37,0,"1:44 Oh, I think the gap between the wire is a little too wide for the 2 kilovolt to jump across ?§??´±??≥Ô∏è?´≤‚?°Ô∏è‚????≥??¨?§? ‚?¶‚?¶.oooooooowwwww??´",http://www.youtube.com/@cbl6520
413,@lindaoskjuliusdottir7679,Hi,UgxNXWPAr9CTI13iqkF4AaABAg,,1,https://www.youtube.com/watch?v=lT3vGaOLWqE&lc=UgxNXWPAr9CTI13iqkF4AaABAg,9/19/2023 3:14,0,Hi,http://www.youtube.com/@lindaoskjuliusdottir7679
414,@The_new_guy2836,We need to respect the pain and suffering this guy has endured to make us happy.,UgzkkcY8FANwCuTdNtR4AaABAg,,0,https://www.youtube.com/watch?v=lT3vGaOLWqE&lc=UgzkkcY8FANwCuTdNtR4AaABAg,9/18/2023 16:21,0,We need to respect the pain and suffering this guy has endured to make us happy.,http://www.youtube.com/@The_new_guy2836
415,@brentroddam7853,Use a neon light ballast. It will create a big Jacobs Ladder.,UgzHoj42_rMncZfGAot4AaABAg,,0,https://www.youtube.com/watch?v=lT3vGaOLWqE&lc=UgzHoj42_rMncZfGAot4AaABAg,9/18/2023 15:49,0,Use a neon light ballast. It will create a big Jacobs Ladder.,http://www.youtube.com/@brentroddam7853
416,@ryujinuchino-ds2wb,O-O,Ugyt8nHeCPWb16rkKtx4AaABAg,,0,https://www.youtube.com/watch?v=lT3vGaOLWqE&lc=Ugyt8nHeCPWb16rkKtx4AaABAg,9/18/2023 9:42,0,O-O,http://www.youtube.com/@ryujinuchino-ds2wb
417,@mikelzzz4929,"when the capiacitor dont blow up, shit is not working",Ugw5SzbQHf8CpveJLEF4AaABAg,,0,https://www.youtube.com/watch?v=lT3vGaOLWqE&lc=Ugw5SzbQHf8CpveJLEF4AaABAg,9/17/2023 23:25,0,"when the capiacitor dont blow up, shit is not working",http://www.youtube.com/@mikelzzz4929
418,@gea-xc8xx,https://youtube.com/clip/UgkxMG2IHgjKMOA-BjO7RFa7tfjWDJZZPUZa?si=zCp9xYhsqZh31mmu,UgyuegR7TCm0ZewbFS54AaABAg,,0,https://www.youtube.com/watch?v=lT3vGaOLWqE&lc=UgyuegR7TCm0ZewbFS54AaABAg,9/16/2023 17:02,0,https://youtube.com/clip/UgkxMG2IHgjKMOA-BjO7RFa7tfjWDJZZPUZa?si=zCp9xYhsqZh31mmu,http://www.youtube.com/@gea-xc8xx
419,@NightHawk005,How are you still alive ???‚ù§‚ù§???,UgxGYxqipHzy2nA2I5l4AaABAg,,0,https://www.youtube.com/watch?v=lT3vGaOLWqE&lc=UgxGYxqipHzy2nA2I5l4AaABAg,9/16/2023 7:53,0,How are you still alive ???‚ù§‚ù§???,http://www.youtube.com/@NightHawk005
420,@alikarooni9713,"After watching 2 videos, I can tell that this guy does not have a mental stability! Something must be wrong",UgyC0QX-kW06zPgc6ep4AaABAg,,0,https://www.youtube.com/watch?v=lT3vGaOLWqE&lc=UgyC0QX-kW06zPgc6ep4AaABAg,9/16/2023 7:21,0,"After watching 2 videos, I can tell that this guy does not have a mental stability! Something must be wrong",http://www.youtube.com/@alikarooni9713
421,@RomeshSingh-zn8lw,???????????????,Ugwpr3B2jd-QKtKy1Sl4AaABAg,,0,https://www.youtube.com/watch?v=lT3vGaOLWqE&lc=Ugwpr3B2jd-QKtKy1Sl4AaABAg,9/16/2023 2:20,0,???????????????,http://www.youtube.com/@RomeshSingh-zn8lw
422,@MCdeltaT-,"7:58 that was real, jesus christ",Ugx9dJh7lUwxFWwXr4x4AaABAg,,0,https://www.youtube.com/watch?v=lT3vGaOLWqE&lc=Ugx9dJh7lUwxFWwXr4x4AaABAg,9/15/2023 22:04,0,"7:58 that was real, jesus christ",http://www.youtube.com/@MCdeltaT-
423,@vardhanimmidi3303,This is the best video on the internet,UgwR0jL8OqsW_Vaa0nt4AaABAg,,0,https://www.youtube.com/watch?v=lT3vGaOLWqE&lc=UgwR0jL8OqsW_Vaa0nt4AaABAg,9/15/2023 16:20,0,This is the best video on the internet,http://www.youtube.com/@vardhanimmidi3303
424,@milesdreams9311,Atleast he\'s happy after all ?????? 6:43,Ugzc6qevEMMto2-SkD54AaABAg,,0,https://www.youtube.com/watch?v=lT3vGaOLWqE&lc=Ugzc6qevEMMto2-SkD54AaABAg,9/15/2023 7:35,0,Atleast he\'s happy after all ?????? 6:43,http://www.youtube.com/@milesdreams9311
425,@davidanderton2437,Have I told you lately that I love you ???,UgxoVDIF4B-Ch2zYMZt4AaABAg,,0,https://www.youtube.com/watch?v=lT3vGaOLWqE&lc=UgxoVDIF4B-Ch2zYMZt4AaABAg,9/15/2023 3:39,0,Have I told you lately that I love you ???,http://www.youtube.com/@davidanderton2437
426,@ainewslatest1,I laughed so hard that the coffee mouthful fell onto the table fan and it stopped working Sherlock??????????????Æ??Æ,UgzzS65GKBwf6-MaD_N4AaABAg,,0,https://www.youtube.com/watch?v=lT3vGaOLWqE&lc=UgzzS65GKBwf6-MaD_N4AaABAg,9/14/2023 21:48,0,I laughed so hard that the coffee mouthful fell onto the table fan and it stopped working Sherlock??????????????Æ??Æ,http://www.youtube.com/@ainewslatest1
427,@AsthaMaurya-vt3ir,At 8:03 ??????,Ugz2Tn2PV61bgRZhy-x4AaABAg,,0,https://www.youtube.com/watch?v=lT3vGaOLWqE&lc=Ugz2Tn2PV61bgRZhy-x4AaABAg,9/14/2023 2:29,0,At 8:03 ??????,http://www.youtube.com/@AsthaMaurya-vt3ir
428,@daveb572,Jackass!,UgyC6nlNHB_Ayev66tR4AaABAg,,0,https://www.youtube.com/watch?v=lT3vGaOLWqE&lc=UgyC6nlNHB_Ayev66tR4AaABAg,9/12/2023 22:30,0,Jackass!,http://www.youtube.com/@daveb572
429,@svensbasteltisch,I am always glad that you are still alive at the end of your videos and can laugh with you about the outtakes.??ç??è,UgxZoLn-_hqm0YSZvIp4AaABAg,,0,https://www.youtube.com/watch?v=lT3vGaOLWqE&lc=UgxZoLn-_hqm0YSZvIp4AaABAg,9/12/2023 17:15,0,I am always glad that you are still alive at the end of your videos and can laugh with you about the outtakes.??ç??è,http://www.youtube.com/@svensbasteltisch
430,@banylp3632,he is still the best ,UgzsKj1c8H8Eh7xAzKR4AaABAg,,0,https://www.youtube.com/watch?v=lT3vGaOLWqE&lc=UgzsKj1c8H8Eh7xAzKR4AaABAg,9/11/2023 18:02,0,he is still the best ,http://www.youtube.com/@banylp3632
431,@fullsoundrecording,Im blind and coulduse a 3d printer for sure,UgyvivBIEw58gvLlEiV4AaABAg,,0,https://www.youtube.com/watch?v=lT3vGaOLWqE&lc=UgyvivBIEw58gvLlEiV4AaABAg,9/11/2023 14:45,0,Im blind and coulduse a 3d printer for sure,http://www.youtube.com/@fullsoundrecording
432,@user-gn1xg9jk3h,I need a 3d printer luzbot Luzz,Ugw9nY5h-Z3_NtPsAbp4AaABAg,,0,https://www.youtube.com/watch?v=lT3vGaOLWqE&lc=Ugw9nY5h-Z3_NtPsAbp4AaABAg,9/11/2023 9:49,0,I need a 3d printer luzbot Luzz,http://www.youtube.com/@user-gn1xg9jk3h
433,@kabelolebona8187,you are crazy hahahahahahahahahahahaha but i love youuu,Ugz37gjMq0UTkuyjb2N4AaABAg,,0,https://www.youtube.com/watch?v=lT3vGaOLWqE&lc=Ugz37gjMq0UTkuyjb2N4AaABAg,9/11/2023 7:47,0,you are crazy hahahahahahahahahahahaha but i love youuu,http://www.youtube.com/@kabelolebona8187
434,@harshverma3548,6:21 Most evil face I have ever seen,UgykeFQr27sXpj6_Y8Z4AaABAg,,0,https://www.youtube.com/watch?v=lT3vGaOLWqE&lc=UgykeFQr27sXpj6_Y8Z4AaABAg,9/9/2023 9:11,0,6:21 Most evil face I have ever seen,http://www.youtube.com/@harshverma3548
435,@sukhwinderkaursandhu6277,Goooooooddd,UgzFcoV_2tVIEhzHd2p4AaABAg,,0,https://www.youtube.com/watch?v=lT3vGaOLWqE&lc=UgzFcoV_2tVIEhzHd2p4AaABAg,9/9/2023 9:09,0,Goooooooddd,http://www.youtube.com/@sukhwinderkaursandhu6277
436,@smellthel,Its an actual miracle this guy is still alive. That was terrifying.,UgzEcu6DHEYB-Dtu9gd4AaABAg,,0,https://www.youtube.com/watch?v=lT3vGaOLWqE&lc=UgzEcu6DHEYB-Dtu9gd4AaABAg,9/9/2023 5:40,0,Its an actual miracle this guy is still alive. That was terrifying.,http://www.youtube.com/@smellthel
437,@smellthel,He literally almost died for this video. I‚??m happy he left it in though since it really puts into perspective how dangerous this stuff is.,UgwuDfbEmEKgTHXC_-54AaABAg,,0,https://www.youtube.com/watch?v=lT3vGaOLWqE&lc=UgwuDfbEmEKgTHXC_-54AaABAg,9/9/2023 5:32,0,He literally almost died for this video. I‚??m happy he left it in though since it really puts into perspective how dangerous this stuff is.,http://www.youtube.com/@smellthel
438,@SteveWushere-du7zn,He even use his own music... ??ø??ç,UgwDO969JfL_eCSleIt4AaABAg,,0,https://www.youtube.com/watch?v=lT3vGaOLWqE&lc=UgwDO969JfL_eCSleIt4AaABAg,9/6/2023 18:52,0,He even use his own music... ??ø??ç,http://www.youtube.com/@SteveWushere-du7zn
439,@SteveWushere-du7zn,ÿß€?Ÿ? ÿ™Ÿ?Ÿ?ÿß €?Ÿ?ÿ™€?Ÿ?ÿ®ÿ±€? Ÿ?ÿ≥ÿ™ ⁄©Ÿ?...Ÿ?Ÿ?ÿßŸ?ÿπ ÿÆÿ∑ÿ±Ÿ?ÿß⁄© Ÿ?Ÿ? ÿ∂ÿ®ÿ∑ Ÿ?€?⁄©Ÿ?Ÿ?ÿ? ??ø??ç??≥,UgwDp9YR8-yQEmykCKx4AaABAg,,0,https://www.youtube.com/watch?v=lT3vGaOLWqE&lc=UgwDp9YR8-yQEmykCKx4AaABAg,9/6/2023 18:43,0,ÿß€?Ÿ? ÿ™Ÿ?Ÿ?ÿß €?Ÿ?ÿ™€?Ÿ?ÿ®ÿ±€? Ÿ?ÿ≥ÿ™ ⁄©Ÿ?...Ÿ?Ÿ?ÿßŸ?ÿπ ÿÆÿ∑ÿ±Ÿ?ÿß⁄© Ÿ?Ÿ? ÿ∂ÿ®ÿ∑ Ÿ?€?⁄©Ÿ?Ÿ?ÿ? ??ø??ç??≥,http://www.youtube.com/@SteveWushere-du7zn
440,@vanhalenbr,I paused @8:00 and I still don‚??t get how he is alive,Ugzy8cXYj7raPNbJEpZ4AaABAg,,0,https://www.youtube.com/watch?v=lT3vGaOLWqE&lc=Ugzy8cXYj7raPNbJEpZ4AaABAg,9/6/2023 2:22,0,I paused @8:00 and I still don‚??t get how he is alive,http://www.youtube.com/@vanhalenbr
441,@lloydsells2161,This guy is halarious.,UgzezLDvqeRvyQ-K2kx4AaABAg,,0,https://www.youtube.com/watch?v=lT3vGaOLWqE&lc=UgzezLDvqeRvyQ-K2kx4AaABAg,9/5/2023 23:36,0,This guy is halarious.,http://www.youtube.com/@lloydsells2161
442,@ilikaplayhopscotch,I thought it was Les Mis but I wasn\'t entirely sure!,UgxOaT7mWqxxLcdKKON4AaABAg,,0,https://www.youtube.com/watch?v=lT3vGaOLWqE&lc=UgxOaT7mWqxxLcdKKON4AaABAg,9/5/2023 14:08,0,I thought it was Les Mis but I wasn\'t entirely sure!,http://www.youtube.com/@ilikaplayhopscotch
443,@sanskarpattanaik2092,Is He Mad Or He doesn\'t care about his life man...,Ugyv6dYcLyGyNDq4yF14AaABAg,,0,https://www.youtube.com/watch?v=lT3vGaOLWqE&lc=Ugyv6dYcLyGyNDq4yF14AaABAg,9/4/2023 10:37,0,Is He Mad Or He doesn\'t care about his life man...,http://www.youtube.com/@sanskarpattanaik2092
444,@PomadaGaming,Heard he almost had a real injure on this one if it were not for the cables esh,Ugz2jcGT1eXwWmJQ-3l4AaABAg,,0,https://www.youtube.com/watch?v=lT3vGaOLWqE&lc=Ugz2jcGT1eXwWmJQ-3l4AaABAg,9/4/2023 1:12,0,Heard he almost had a real injure on this one if it were not for the cables esh,http://www.youtube.com/@PomadaGaming
445,@Therandomchannel.,Yaaaay???,UgwRxaLGueCRy1Z4uEx4AaABAg,,0,https://www.youtube.com/watch?v=lT3vGaOLWqE&lc=UgwRxaLGueCRy1Z4uEx4AaABAg,9/2/2023 21:13,0,Yaaaay???,http://www.youtube.com/@Therandomchannel.
446,@user-zd8tr6oq2n,Cuz you\'re so funny in great scribe to you??? 3:11,UgwzSFogEVsh0igzyfZ4AaABAg,,3,https://www.youtube.com/watch?v=lT3vGaOLWqE&lc=UgwzSFogEVsh0igzyfZ4AaABAg,9/2/2023 13:28,0,Cuz you\'re so funny in great scribe to you??? 3:11,http://www.youtube.com/@user-zd8tr6oq2n
447,@user-ik5zf3pc6e,What happens if you hold it,Ugwwvpg3XEqd8TYF7q14AaABAg,,0,https://www.youtube.com/watch?v=lT3vGaOLWqE&lc=Ugwwvpg3XEqd8TYF7q14AaABAg,9/2/2023 0:44,0,What happens if you hold it,http://www.youtube.com/@user-ik5zf3pc6e
448,@Idk-fd6gm,8:00,Ugyzte1Dv6kkUw_OvGJ4AaABAg,,0,https://www.youtube.com/watch?v=lT3vGaOLWqE&lc=Ugyzte1Dv6kkUw_OvGJ4AaABAg,8/31/2023 20:51,0,8:00,http://www.youtube.com/@Idk-fd6gm
449,@MrStealth654321,i like this guy b fun partying with him lol,Ugy9sJEFC7iC5DBsbsh4AaABAg,,1,https://www.youtube.com/watch?v=lT3vGaOLWqE&lc=Ugy9sJEFC7iC5DBsbsh4AaABAg,8/30/2023 23:59,0,i like this guy b fun partying with him lol,http://www.youtube.com/@MrStealth654321
450,@chemistryscuriosities,You could also use an alpha emitting isotope like Po-210 or Am-241 to initiate the spark in your Jacob‚??s ladder. I could show you in a video if you like.,UgzGginsjr_la4iAcYd4AaABAg,,0,https://www.youtube.com/watch?v=lT3vGaOLWqE&lc=UgzGginsjr_la4iAcYd4AaABAg,8/30/2023 19:09,0,You could also use an alpha emitting isotope like Po-210 or Am-241 to initiate the spark in your Jacob‚??s ladder. I could show you in a video if you like.,http://www.youtube.com/@chemistryscuriosities
451,@scienceboyakshansh5378,"Hi. Maybe the sparkler fell on you as it wanted to celebrate 1 million subs by giving you a shock (just being creative). I really need a 3d printer, so it would be great if I could get one. Hoping to see you with 10 million subs and an electric tornado",UgyOu6-Rhd6WBmTEDLd4AaABAg,,0,https://www.youtube.com/watch?v=lT3vGaOLWqE&lc=UgyOu6-Rhd6WBmTEDLd4AaABAg,8/30/2023 7:09,0,"Hi. Maybe the sparkler fell on you as it wanted to celebrate 1 million subs by giving you a shock (just being creative). I really need a 3d printer, so it would be great if I could get one. Hoping to see you with 10 million subs and an electric tornado",http://www.youtube.com/@scienceboyakshansh5378
452,@stephenchurch9563,"I can just imagine what he was like as a teenager, in his bedroom, making his parents electric meter spin around like crazy ???",Ugz8H9CPGUaMGGunTy94AaABAg,,3,https://www.youtube.com/watch?v=lT3vGaOLWqE&lc=Ugz8H9CPGUaMGGunTy94AaABAg,8/29/2023 4:41,0,"I can just imagine what he was like as a teenager, in his bedroom, making his parents electric meter spin around like crazy ???",http://www.youtube.com/@stephenchurch9563
453,@sava9111,I wish i had a 3d pr8nter,Ugyqe9TLwbgVbEgMWK14AaABAg,,0,https://www.youtube.com/watch?v=lT3vGaOLWqE&lc=Ugyqe9TLwbgVbEgMWK14AaABAg,8/28/2023 14:04,0,I wish i had a 3d pr8nter,http://www.youtube.com/@sava9111
454,@juanandres3290,me waiting for him to get electrocuted,UgxbUV_6VYIv8jkHCqt4AaABAg,,0,https://www.youtube.com/watch?v=lT3vGaOLWqE&lc=UgxbUV_6VYIv8jkHCqt4AaABAg,8/27/2023 0:19,0,me waiting for him to get electrocuted,http://www.youtube.com/@juanandres3290
455,@matiasm.7632,The death give you a little kiss ‚?†Ô∏è???,UgypyqD0_jJwrAC3vdN4AaABAg,,0,https://www.youtube.com/watch?v=lT3vGaOLWqE&lc=UgypyqD0_jJwrAC3vdN4AaABAg,8/26/2023 13:25,0,The death give you a little kiss ‚?†Ô∏è???,http://www.youtube.com/@matiasm.7632
456,@1mvn,How is this guy still alive?,UgyE40T_bycY4zG2j514AaABAg,,0,https://www.youtube.com/watch?v=lT3vGaOLWqE&lc=UgyE40T_bycY4zG2j514AaABAg,8/25/2023 21:48,0,How is this guy still alive?,http://www.youtube.com/@1mvn
457,@Colour_roblox,I want to say this like happy new year 6:31 6:34 this is so good,UgxwR3axahx47ABkdLl4AaABAg,,0,https://www.youtube.com/watch?v=lT3vGaOLWqE&lc=UgxwR3axahx47ABkdLl4AaABAg,8/25/2023 21:15,0,I want to say this like happy new year 6:31 6:34 this is so good,http://www.youtube.com/@Colour_roblox
458,@trentHV,0:06 so funny,UgyTrwC3wWJEYJAFg8d4AaABAg,,0,https://www.youtube.com/watch?v=lT3vGaOLWqE&lc=UgyTrwC3wWJEYJAFg8d4AaABAg,8/24/2023 20:46,0,0:06 so funny,http://www.youtube.com/@trentHV
459,@hambakurs2889,I Wonder how he is still alive???,UgyHPm6F6tCiF3lTF8R4AaABAg,,0,https://www.youtube.com/watch?v=lT3vGaOLWqE&lc=UgyHPm6F6tCiF3lTF8R4AaABAg,8/24/2023 15:27,0,I Wonder how he is still alive???,http://www.youtube.com/@hambakurs2889
460,@atoka2206,Rewatching this made me look at his sub count 5.8 million Damn time flies,Ugw7wzE4UIYSz8Ys4Ld4AaABAg,,1,https://www.youtube.com/watch?v=lT3vGaOLWqE&lc=Ugw7wzE4UIYSz8Ys4Ld4AaABAg,8/24/2023 14:11,0,Rewatching this made me look at his sub count 5.8 million Damn time flies,http://www.youtube.com/@atoka2206
461,@andythedishwasher1117,You\'re a pretty good singer dude.,Ugx81m0yB-dQwz-iYLB4AaABAg,,0,https://www.youtube.com/watch?v=lT3vGaOLWqE&lc=Ugx81m0yB-dQwz-iYLB4AaABAg,8/24/2023 9:04,0,You\'re a pretty good singer dude.,http://www.youtube.com/@andythedishwasher1117
462,@paulabboud4843,"lol, He\'s a menace. Funny, but a menace.",UgzQPhgkgjp7zs4r3q54AaABAg,,0,https://www.youtube.com/watch?v=lT3vGaOLWqE&lc=UgzQPhgkgjp7zs4r3q54AaABAg,8/24/2023 1:36,0,"lol, He\'s a menace. Funny, but a menace.",http://www.youtube.com/@paulabboud4843
463,@Brad-0212,His face reactions have me pmsl let‚??s give it a try ??????????§£?§£?§£?§£?§£?§£?§£?§£,UgzP6RCBLxoD7TPUHmN4AaABAg,,1,https://www.youtube.com/watch?v=lT3vGaOLWqE&lc=UgzP6RCBLxoD7TPUHmN4AaABAg,8/23/2023 13:01,0,His face reactions have me pmsl let‚??s give it a try ??????????§£?§£?§£?§£?§£?§£?§£?§£,http://www.youtube.com/@Brad-0212
464,@icebluscorpion,I doubt that this guy is an engineer after all ?§?i mean how retarded can a human being actually be? ??? Electric Boom: YES!!!,UgySFzkRxdG2yKSNout4AaABAg,,2,https://www.youtube.com/watch?v=lT3vGaOLWqE&lc=UgySFzkRxdG2yKSNout4AaABAg,8/23/2023 12:50,0,I doubt that this guy is an engineer after all ?§?i mean how retarded can a human being actually be? ??? Electric Boom: YES!!!,http://www.youtube.com/@icebluscorpion
465,@naygoats955,Most common sanity level of the average electrical engineer who also does YouTube,UgxslJmljisnAvH4uMF4AaABAg,,0,https://www.youtube.com/watch?v=lT3vGaOLWqE&lc=UgxslJmljisnAvH4uMF4AaABAg,8/23/2023 7:02,0,Most common sanity level of the average electrical engineer who also does YouTube,http://www.youtube.com/@naygoats955
466,@vincent567,I\'m here because of the floatplane exclusive from LMG,Ugz_yhuQR-NmdWfSjxp4AaABAg,,0,https://www.youtube.com/watch?v=lT3vGaOLWqE&lc=Ugz_yhuQR-NmdWfSjxp4AaABAg,8/21/2023 16:35,0,I\'m here because of the floatplane exclusive from LMG,http://www.youtube.com/@vincent567
467,@serhiimamedov,I know he\'s a smart man and knows what he\'s doing but damn...,UgxyQfzdzFndvTTpmc14AaABAg,,0,https://www.youtube.com/watch?v=lT3vGaOLWqE&lc=UgxyQfzdzFndvTTpmc14AaABAg,8/20/2023 15:47,0,I know he\'s a smart man and knows what he\'s doing but damn...,http://www.youtube.com/@serhiimamedov
468,@braaitongs,Can you do an episode on Tesla\'s hairpin circuit and how it works?,UgyKP2F33mbk0q8yt714AaABAg,,0,https://www.youtube.com/watch?v=lT3vGaOLWqE&lc=UgyKP2F33mbk0q8yt714AaABAg,8/20/2023 12:31,0,Can you do an episode on Tesla\'s hairpin circuit and how it works?,http://www.youtube.com/@braaitongs
469,@braaitongs,So since the jacobs ladder requires air to work it will not work in a vacuum?,Ugzg8pznwTPJ5jCOr_t4AaABAg,,0,https://www.youtube.com/watch?v=lT3vGaOLWqE&lc=Ugzg8pznwTPJ5jCOr_t4AaABAg,8/20/2023 12:28,0,So since the jacobs ladder requires air to work it will not work in a vacuum?,http://www.youtube.com/@braaitongs
470,@lisagoli-hanlon2754,"I need a 3D printer. We were all created to learn, and express our true talent! You remind me of Willy Wonka‚??s clip of the humorous math teacher who is distracted by chocolate. It is completely disrupting when real teachers are banned from their expression!",UgyD5vSYbdbaCez1Wzp4AaABAg,,0,https://www.youtube.com/watch?v=lT3vGaOLWqE&lc=UgyD5vSYbdbaCez1Wzp4AaABAg,8/20/2023 9:34,0,"I need a 3D printer. We were all created to learn, and express our true talent! You remind me of Willy Wonka‚??s clip of the humorous math teacher who is distracted by chocolate. It is completely disrupting when real teachers are banned from their expression!",http://www.youtube.com/@lisagoli-hanlon2754
471,@revolverr11,and send this guy to mars with the first human mision,Ugy7PwoyCr34EUR5TC14AaABAg,,0,https://www.youtube.com/watch?v=lT3vGaOLWqE&lc=Ugy7PwoyCr34EUR5TC14AaABAg,8/19/2023 16:28,0,and send this guy to mars with the first human mision,http://www.youtube.com/@revolverr11
472,@bedulmaniak5046,https://youtube.com/shorts/h9m1HmxVsvY?feature=share,UgxsVjXwP5usosFKsll4AaABAg,,0,https://www.youtube.com/watch?v=lT3vGaOLWqE&lc=UgxsVjXwP5usosFKsll4AaABAg,8/19/2023 11:10,0,https://youtube.com/shorts/h9m1HmxVsvY?feature=share,http://www.youtube.com/@bedulmaniak5046
473,@user-uk6mv4zb7x,How he is still alive man man hats off for this god,UgzgwjbgMzvmCURNd5B4AaABAg,,0,https://www.youtube.com/watch?v=lT3vGaOLWqE&lc=UgzgwjbgMzvmCURNd5B4AaABAg,8/18/2023 19:26,0,How he is still alive man man hats off for this god,http://www.youtube.com/@user-uk6mv4zb7x
474,@Fennecbutt,"Play with fire, get burnt. Your video have always made a mockery of electrical safety, joking around when getting ""shocked"". Warnings and ""don\'t do this at home, kids"" don\'t work, bruh. People will still think ""if he can do it I can do it"" better not to ""muck about"" in the first place.",UgxivTL_Xn8Qd3K9iA14AaABAg,,0,https://www.youtube.com/watch?v=lT3vGaOLWqE&lc=UgxivTL_Xn8Qd3K9iA14AaABAg,8/18/2023 10:26,3,"Play with fire, get burnt. Your video have always made a mockery of electrical safety, joking around when getting ""shocked"". Warnings and ""don\'t do this at home, kids"" don\'t work, bruh. People will still think ""if he can do it I can do it"" better not to ""muck about"" in the first place.",http://www.youtube.com/@Fennecbutt
475,@daveywaveypavey,You do know that when he shocks himself it‚??s scripted right? Also it‚??s their fault if they get hurt or not.,UgxivTL_Xn8Qd3K9iA14AaABAg.9tZDSoTcUJr9ta26RjOYuU,@Fennecbutt,0,https://www.youtube.com/watch?v=lT3vGaOLWqE&lc=UgxivTL_Xn8Qd3K9iA14AaABAg.9tZDSoTcUJr9ta26RjOYuU,8/19/2023 3:26,0,You do know that when he shocks himself it‚??s scripted right? Also it‚??s their fault if they get hurt or not.,http://www.youtube.com/@daveywaveypavey
476,@Jake-rs9nq,"@@daveywaveypavey It\'s all scripted or fake... except for this video. I believe this is the only time he actually withstood a serious shock that he wasn\'t prepared for or faking. That deadly candle wasn\'t supposed to fall on him, it\'s much more dangerous than anything he had done previously or since.",UgxivTL_Xn8Qd3K9iA14AaABAg.9tZDSoTcUJr9te2ZZriuaV,@Fennecbutt,0,https://www.youtube.com/watch?v=lT3vGaOLWqE&lc=UgxivTL_Xn8Qd3K9iA14AaABAg.9tZDSoTcUJr9te2ZZriuaV,8/20/2023 16:47,0,"@@daveywaveypavey It\'s all scripted or fake... except for this video. I believe this is the only time he actually withstood a serious shock that he wasn\'t prepared for or faking. That deadly candle wasn\'t supposed to fall on him, it\'s much more dangerous than anything he had done previously or since.",http://www.youtube.com/@Jake-rs9nq
477,@daveywaveypavey,"@@Jake-rs9nq I forgot this was the Jacobs ladder while writing that one comment, but yes he did admit in the video that he nearly died.",UgxivTL_Xn8Qd3K9iA14AaABAg.9tZDSoTcUJr9teDMZ6VI2t,@Fennecbutt,0,https://www.youtube.com/watch?v=lT3vGaOLWqE&lc=UgxivTL_Xn8Qd3K9iA14AaABAg.9tZDSoTcUJr9teDMZ6VI2t,8/20/2023 18:21,0,"@@Jake-rs9nq I forgot this was the Jacobs ladder while writing that one comment, but yes he did admit in the video that he nearly died.",http://www.youtube.com/@daveywaveypavey
478,@ardhyanadam5689,You\'re crazy like Nikola Tesla,UgxZJeNP8XbuIvdZ3AV4AaABAg,,0,https://www.youtube.com/watch?v=lT3vGaOLWqE&lc=UgxZJeNP8XbuIvdZ3AV4AaABAg,8/17/2023 0:36,0,You\'re crazy like Nikola Tesla,http://www.youtube.com/@ardhyanadam5689
479,@nekodcyt6969,places different objects near the two wires few moments later: there goes your two wires,UgwBAP5Fn1LlGybn1jV4AaABAg,,0,https://www.youtube.com/watch?v=lT3vGaOLWqE&lc=UgwBAP5Fn1LlGybn1jV4AaABAg,8/15/2023 23:37,0,places different objects near the two wires few moments later: there goes your two wires,http://www.youtube.com/@nekodcyt6969
480,@akshaychaturvedi5997,8:00 - 3:17 - 7:16 died in laughing.?????????.fantastic,UgyvZ0ZgEtNtItf-yNJ4AaABAg,,0,https://www.youtube.com/watch?v=lT3vGaOLWqE&lc=UgyvZ0ZgEtNtItf-yNJ4AaABAg,8/15/2023 15:35,0,8:00 - 3:17 - 7:16 died in laughing.?????????.fantastic,http://www.youtube.com/@akshaychaturvedi5997
481,@ma.shonariegalang,?????ç,UgxCsOtGE3Q5SHh5FrF4AaABAg,,0,https://www.youtube.com/watch?v=lT3vGaOLWqE&lc=UgxCsOtGE3Q5SHh5FrF4AaABAg,8/15/2023 8:58,0,?????ç,http://www.youtube.com/@ma.shonariegalang
482,@ma.shonariegalang,wow,UgyERo0PAaZMZ1fRTP94AaABAg,,0,https://www.youtube.com/watch?v=lT3vGaOLWqE&lc=UgyERo0PAaZMZ1fRTP94AaABAg,8/15/2023 8:57,0,wow,http://www.youtube.com/@ma.shonariegalang
483,@MartinGamer-jw6op,0:07 LMAO THE WHISTLE,UgzZSTSgac76qAxX9f94AaABAg,,0,https://www.youtube.com/watch?v=lT3vGaOLWqE&lc=UgzZSTSgac76qAxX9f94AaABAg,8/15/2023 8:37,0,0:07 LMAO THE WHISTLE,http://www.youtube.com/@MartinGamer-jw6op
484,@ngoangkhoa7216,?????????,Ugxu7m84wd6c_rcaBc14AaABAg,,0,https://www.youtube.com/watch?v=lT3vGaOLWqE&lc=Ugxu7m84wd6c_rcaBc14AaABAg,8/15/2023 5:37,0,?????????,http://www.youtube.com/@ngoangkhoa7216
485,@Unintelligent70,I m waiting gor 10m ???‚ù§,UgycKdCWccB7pYJYZ4p4AaABAg,,0,https://www.youtube.com/watch?v=lT3vGaOLWqE&lc=UgycKdCWccB7pYJYZ4p4AaABAg,8/15/2023 3:21,0,I m waiting gor 10m ???‚ù§,http://www.youtube.com/@Unintelligent70
486,@DrabenGaming,7:59 moments before disaster,UgwPK0huDOu-aZwjK8h4AaABAg,,0,https://www.youtube.com/watch?v=lT3vGaOLWqE&lc=UgwPK0huDOu-aZwjK8h4AaABAg,8/15/2023 3:21,0,7:59 moments before disaster,http://www.youtube.com/@DrabenGaming
487,@DrabenGaming,even after 6 years i still watch this and still laughs... Look at 11:02 btw it was so funny...,UgwgQZCU6cjQRjj2Pd94AaABAg,,0,https://www.youtube.com/watch?v=lT3vGaOLWqE&lc=UgwgQZCU6cjQRjj2Pd94AaABAg,8/15/2023 3:17,0,even after 6 years i still watch this and still laughs... Look at 11:02 btw it was so funny...,http://www.youtube.com/@DrabenGaming
488,@mehdikhosravi9675,Stay safe until sending me one of those 3d printers dude ???,UgzQ39Ds_VEKYjIdWhR4AaABAg,,0,https://www.youtube.com/watch?v=lT3vGaOLWqE&lc=UgzQ39Ds_VEKYjIdWhR4AaABAg,8/14/2023 16:54,0,Stay safe until sending me one of those 3d printers dude ???,http://www.youtube.com/@mehdikhosravi9675
489,@FatihErkek,Senden bir bok olmaz ???,UgyKgn9Df-wjLKqk7Bt4AaABAg,,0,https://www.youtube.com/watch?v=lT3vGaOLWqE&lc=UgyKgn9Df-wjLKqk7Bt4AaABAg,8/14/2023 15:57,0,Senden bir bok olmaz ???,http://www.youtube.com/@FatihErkek
490,@jacob4259,This was 6 years ago??!!,UgyPsfStSZIQsjMxXVt4AaABAg,,0,https://www.youtube.com/watch?v=lT3vGaOLWqE&lc=UgyPsfStSZIQsjMxXVt4AaABAg,8/14/2023 15:50,0,This was 6 years ago??!!,http://www.youtube.com/@jacob4259
491,@illustrious3292,it\'s tradition to come and watch this again :D every year,UgysG1yxERRFNQrXBKp4AaABAg,,0,https://www.youtube.com/watch?v=lT3vGaOLWqE&lc=UgysG1yxERRFNQrXBKp4AaABAg,8/12/2023 13:30,0,it\'s tradition to come and watch this again :D every year,http://www.youtube.com/@illustrious3292
492,@RomanianReaver,This video defaulted to Mandarin for me. I welcome our chinese engineering overlords.,UgyVii1o0pcfDIf-gxp4AaABAg,,0,https://www.youtube.com/watch?v=lT3vGaOLWqE&lc=UgyVii1o0pcfDIf-gxp4AaABAg,8/11/2023 4:32,0,This video defaulted to Mandarin for me. I welcome our chinese engineering overlords.,http://www.youtube.com/@RomanianReaver
493,@ImTheKnown_ThiccStealy6969,This shit was so funny,UgzFoWMAAS8KxFI8Rh54AaABAg,,0,https://www.youtube.com/watch?v=lT3vGaOLWqE&lc=UgzFoWMAAS8KxFI8Rh54AaABAg,8/9/2023 23:47,0,This shit was so funny,http://www.youtube.com/@ImTheKnown_ThiccStealy6969
494,@cosmos6006,My boy has luck 100,Ugy0dea2zLOw31wl-oF4AaABAg,,0,https://www.youtube.com/watch?v=lT3vGaOLWqE&lc=Ugy0dea2zLOw31wl-oF4AaABAg,8/9/2023 22:12,0,My boy has luck 100,http://www.youtube.com/@cosmos6006
495,@ranxceroxcallixte9262,"You remind me so much of a childhood friend of mine. His name was Luciano  we went to school in Edm., Alta back in the 70\'s. Lovin\' your vids.",Ugwjxu7Bz6Bl5Ze8J9p4AaABAg,,0,https://www.youtube.com/watch?v=lT3vGaOLWqE&lc=Ugwjxu7Bz6Bl5Ze8J9p4AaABAg,8/9/2023 16:45,0,"You remind me so much of a childhood friend of mine. His name was Luciano  we went to school in Edm., Alta back in the 70\'s. Lovin\' your vids.",http://www.youtube.com/@ranxceroxcallixte9262
496,@amanchourasiya1,6:48 ?????è,Ugxrkyiiikb5Bo3oJyp4AaABAg,,0,https://www.youtube.com/watch?v=lT3vGaOLWqE&lc=Ugxrkyiiikb5Bo3oJyp4AaABAg,8/9/2023 11:25,0,6:48 ?????è,http://www.youtube.com/@amanchourasiya1
497,@monsterdeath1517,1:44,UgxQNRdLGTwzT6P-sk94AaABAg,,0,https://www.youtube.com/watch?v=lT3vGaOLWqE&lc=UgxQNRdLGTwzT6P-sk94AaABAg,8/8/2023 16:08,0,1:44,http://www.youtube.com/@monsterdeath1517
498,@doudou9097,Mehdi used a totem of undying,UgwCjPzEFYaSQ-TlL014AaABAg,,0,https://www.youtube.com/watch?v=lT3vGaOLWqE&lc=UgwCjPzEFYaSQ-TlL014AaABAg,8/7/2023 2:35,0,Mehdi used a totem of undying,http://www.youtube.com/@doudou9097
499,@Jadenjosey,0:26 [Middle Eastern Music Playing],UgxgkD3hensrffVO0qZ4AaABAg,,2,https://www.youtube.com/watch?v=lT3vGaOLWqE&lc=UgxgkD3hensrffVO0qZ4AaABAg,8/6/2023 22:35,0,0:26 [Middle Eastern Music Playing],http://www.youtube.com/@Jadenjosey
500,@SalemValentine720,He‚??s like the Indian bill nye,UgyXut3mXPxvOvdL8et4AaABAg,,0,https://www.youtube.com/watch?v=lT3vGaOLWqE&lc=UgyXut3mXPxvOvdL8et4AaABAg,8/6/2023 20:47,2,He‚??s like the Indian bill nye,http://www.youtube.com/@SalemValentine720
501,@sm64dev,He\'s iranian,UgyXut3mXPxvOvdL8et4AaABAg.9t5QuATgRqU9tNZpu4MTYQ,@SalemValentine720,0,https://www.youtube.com/watch?v=lT3vGaOLWqE&lc=UgyXut3mXPxvOvdL8et4AaABAg.9t5QuATgRqU9tNZpu4MTYQ,8/13/2023 21:51,0,He\'s iranian,http://www.youtube.com/@sm64dev
502,@ITSSIRWAN86,hes iranian,UgyXut3mXPxvOvdL8et4AaABAg.9t5QuATgRqUA27XNNc4FoU,@SalemValentine720,0,https://www.youtube.com/watch?v=lT3vGaOLWqE&lc=UgyXut3mXPxvOvdL8et4AaABAg.9t5QuATgRqUA27XNNc4FoU,4/12/2024 5:36,0,hes iranian,http://www.youtube.com/@ITSSIRWAN86
503,@realpertendshoe7641,This man makes osha look like a joke,UgxX8OmxIV-EZYrEEuh4AaABAg,,0,https://www.youtube.com/watch?v=lT3vGaOLWqE&lc=UgxX8OmxIV-EZYrEEuh4AaABAg,8/6/2023 16:02,0,This man makes osha look like a joke,http://www.youtube.com/@realpertendshoe7641
504,@korsiff5925,"Remember: You will die. Right? That\'s the one? Like, he does a lot of bits but I think that surviving a lot of hazards should come with a mantra that counterbalances how comfortable one can get when handling dangerous things becomes the norm.",UgxQK1G2NDeM2R98B7d4AaABAg,,1,https://www.youtube.com/watch?v=lT3vGaOLWqE&lc=UgxQK1G2NDeM2R98B7d4AaABAg,8/6/2023 9:13,0,"Remember: You will die. Right? That\'s the one? Like, he does a lot of bits but I think that surviving a lot of hazards should come with a mantra that counterbalances how comfortable one can get when handling dangerous things becomes the norm.",http://www.youtube.com/@korsiff5925
505,@rand5106,This is like when guys who work with tigers get mauled.,UgyI3vsk3cvh_5unHH14AaABAg,,0,https://www.youtube.com/watch?v=lT3vGaOLWqE&lc=UgyI3vsk3cvh_5unHH14AaABAg,8/6/2023 2:36,0,This is like when guys who work with tigers get mauled.,http://www.youtube.com/@rand5106
506,@ChristianVids777,The only way to go to heaven is to accept Jesus as your lord and saver,UgynBTXKQgG_AkKK2LJ4AaABAg,,1,https://www.youtube.com/watch?v=lT3vGaOLWqE&lc=UgynBTXKQgG_AkKK2LJ4AaABAg,8/6/2023 0:09,0,The only way to go to heaven is to accept Jesus as your lord and saver,http://www.youtube.com/@ChristianVids777
507,@user-ce3cq5dx2h,Take a shot everytime he violates a safety principle or common sense.,Ugxxay3i6VRVnP2XjOJ4AaABAg,,0,https://www.youtube.com/watch?v=lT3vGaOLWqE&lc=Ugxxay3i6VRVnP2XjOJ4AaABAg,8/5/2023 20:17,0,Take a shot everytime he violates a safety principle or common sense.,http://www.youtube.com/@user-ce3cq5dx2h
508,@Jixxor,So at 1:43 if his other hand would have slapped the other wire when he got shocked he would have legit been a goner? That\'s absolutely insane.,UgwjDPUN9nTPXh6zzKt4AaABAg,,0,https://www.youtube.com/watch?v=lT3vGaOLWqE&lc=UgwjDPUN9nTPXh6zzKt4AaABAg,8/5/2023 20:01,0,So at 1:43 if his other hand would have slapped the other wire when he got shocked he would have legit been a goner? That\'s absolutely insane.,http://www.youtube.com/@Jixxor
509,@mikaelrodriguez7415,Bro everything he holds brakes‚?†???‚?†??? 0:06,UgwcNjQHKQv5CbpZRZp4AaABAg,,0,https://www.youtube.com/watch?v=lT3vGaOLWqE&lc=UgwcNjQHKQv5CbpZRZp4AaABAg,8/5/2023 8:07,0,Bro everything he holds brakes‚?†???‚?†??? 0:06,http://www.youtube.com/@mikaelrodriguez7415
510,@JezzyCrazyTV,7:58 when you are like A KNIFE AHH GO AWAY But wait ITS MY EXPENSIVE KNIFE I\'MA TRY TO CATCH IT,UgzvovnU6KqBzEDqrxN4AaABAg,,0,https://www.youtube.com/watch?v=lT3vGaOLWqE&lc=UgzvovnU6KqBzEDqrxN4AaABAg,8/4/2023 21:28,0,7:58 when you are like A KNIFE AHH GO AWAY But wait ITS MY EXPENSIVE KNIFE I\'MA TRY TO CATCH IT,http://www.youtube.com/@JezzyCrazyTV
511,@omkarjungade6769,"Dude, I swear, the things that microwave oven transformer has gone through !!",UgxjSEYTfL6hSYTZiLB4AaABAg,,0,https://www.youtube.com/watch?v=lT3vGaOLWqE&lc=UgxjSEYTfL6hSYTZiLB4AaABAg,8/4/2023 16:09,0,"Dude, I swear, the things that microwave oven transformer has gone through !!",http://www.youtube.com/@omkarjungade6769
512,@kiriumajima5002,Cara esse cara realmente √© muito figura.,Ugw3BLkg1JK4y9ocvXN4AaABAg,,1,https://www.youtube.com/watch?v=lT3vGaOLWqE&lc=Ugw3BLkg1JK4y9ocvXN4AaABAg,8/3/2023 21:24,0,Cara esse cara realmente √© muito figura.,http://www.youtube.com/@kiriumajima5002
513,@mxrenoo_,7:53 felt that?§£??´,UgyvEelLIWyWL-NgTkN4AaABAg,,10,https://www.youtube.com/watch?v=lT3vGaOLWqE&lc=UgyvEelLIWyWL-NgTkN4AaABAg,8/3/2023 15:45,0,7:53 felt that?§£??´,http://www.youtube.com/@mxrenoo_
514,@RSparrow3936,"In the military we climbed jacobs ladder, each step was a log, I loved it",Ugw8iZCFf0gRO8VqeOF4AaABAg,,1,https://www.youtube.com/watch?v=lT3vGaOLWqE&lc=Ugw8iZCFf0gRO8VqeOF4AaABAg,8/3/2023 15:31,0,"In the military we climbed jacobs ladder, each step was a log, I loved it",http://www.youtube.com/@RSparrow3936
515,@silvergaming5505,I was excited for the giveaway until i noticed the video was from 6 years ago,UgyZDELAuUeUP-VFuQF4AaABAg,,0,https://www.youtube.com/watch?v=lT3vGaOLWqE&lc=UgyZDELAuUeUP-VFuQF4AaABAg,8/3/2023 2:39,0,I was excited for the giveaway until i noticed the video was from 6 years ago,http://www.youtube.com/@silvergaming5505
516,@sm64dev,"""maybe I should post it to liveleak""",Ugw2Y3GjQsH85aaSYGJ4AaABAg,,1,https://www.youtube.com/watch?v=lT3vGaOLWqE&lc=Ugw2Y3GjQsH85aaSYGJ4AaABAg,8/2/2023 23:32,0,"""maybe I should post it to liveleak""",http://www.youtube.com/@sm64dev
517,@me.unpredictable280,I am glad to live in a timeline where he is still alive,UgxgEf68QyJX_mOUPKp4AaABAg,,9,https://www.youtube.com/watch?v=lT3vGaOLWqE&lc=UgxgEf68QyJX_mOUPKp4AaABAg,8/1/2023 5:27,0,I am glad to live in a timeline where he is still alive,http://www.youtube.com/@me.unpredictable280
518,@Harley77524,I need it,Ugwn3RiLJYBKApEWZBd4AaABAg,,0,https://www.youtube.com/watch?v=lT3vGaOLWqE&lc=Ugwn3RiLJYBKApEWZBd4AaABAg,7/29/2023 20:43,0,I need it,http://www.youtube.com/@Harley77524
519,@bubberiffic,How the hell did he not die ???,UgwpaAK_lZLJohWALxl4AaABAg,,1,https://www.youtube.com/watch?v=lT3vGaOLWqE&lc=UgwpaAK_lZLJohWALxl4AaABAg,7/28/2023 18:41,0,How the hell did he not die ???,http://www.youtube.com/@bubberiffic
520,@Kingsuks_travelogue.,I am sorry to laugh on ur video but it really hurts when u get hurt??¢,Ugz3g9Z0lAWTBF1uqXB4AaABAg,,0,https://www.youtube.com/watch?v=lT3vGaOLWqE&lc=Ugz3g9Z0lAWTBF1uqXB4AaABAg,7/28/2023 11:30,0,I am sorry to laugh on ur video but it really hurts when u get hurt??¢,http://www.youtube.com/@Kingsuks_travelogue.
521,@doorframevr6475,I need the printer for porn,UgyArV5HZb3KHIJ9irZ4AaABAg,,0,https://www.youtube.com/watch?v=lT3vGaOLWqE&lc=UgyArV5HZb3KHIJ9irZ4AaABAg,7/26/2023 3:34,0,I need the printer for porn,http://www.youtube.com/@doorframevr6475
522,@mdshihab4072,I really feel bad for you ‚ù§,Ugwr595IBNfvnA8pTf94AaABAg,,0,https://www.youtube.com/watch?v=lT3vGaOLWqE&lc=Ugwr595IBNfvnA8pTf94AaABAg,7/25/2023 11:40,0,I really feel bad for you ‚ù§,http://www.youtube.com/@mdshihab4072
523,@user-mm3po3dl4l,?§£?§£????????´??´‚?°‚?°,Ugx6GUWWUD-GjhcC4jR4AaABAg,,0,https://www.youtube.com/watch?v=lT3vGaOLWqE&lc=Ugx6GUWWUD-GjhcC4jR4AaABAg,7/23/2023 11:37,0,?§£?§£????????´??´‚?°‚?°,http://www.youtube.com/@user-mm3po3dl4l
524,@soumikghosh1211,he is barely alive every single day.. god made him immortal,UgyOoELK-J6d__e5eNF4AaABAg,,0,https://www.youtube.com/watch?v=lT3vGaOLWqE&lc=UgyOoELK-J6d__e5eNF4AaABAg,7/23/2023 7:24,0,he is barely alive every single day.. god made him immortal,http://www.youtube.com/@soumikghosh1211
525,@simple_idiot,It\'s scary to see his hands shivering after that shock. But he just rubs it off and proceeds. My man has balls of steel.,UgykonH2SHv18REFMPt4AaABAg,,2,https://www.youtube.com/watch?v=lT3vGaOLWqE&lc=UgykonH2SHv18REFMPt4AaABAg,7/23/2023 7:04,0,It\'s scary to see his hands shivering after that shock. But he just rubs it off and proceeds. My man has balls of steel.,http://www.youtube.com/@simple_idiot
526,@user-bv7sh3pb4h,Aku di mana??Æ,UgwIE0UxOqDd_K8EsDd4AaABAg,,0,https://www.youtube.com/watch?v=lT3vGaOLWqE&lc=UgwIE0UxOqDd_K8EsDd4AaABAg,7/23/2023 2:42,0,Aku di mana??Æ,http://www.youtube.com/@user-bv7sh3pb4h
527,@hyoseok,dude just don\'t die ??¢‚ù§‚ù§ we love you so much,UgxMMkAYur4oY4Xi5sF4AaABAg,,0,https://www.youtube.com/watch?v=lT3vGaOLWqE&lc=UgxMMkAYur4oY4Xi5sF4AaABAg,7/22/2023 10:55,0,dude just don\'t die ??¢‚ù§‚ù§ we love you so much,http://www.youtube.com/@hyoseok
528,@Gryfang451,"As a former, not yet dead, electrician, I have to say this video was one picoamp away from shockingly good. I would lulz a lulzbot.",UgwmEgx6Wygm_8CrGgB4AaABAg,,1,https://www.youtube.com/watch?v=lT3vGaOLWqE&lc=UgwmEgx6Wygm_8CrGgB4AaABAg,7/22/2023 1:00,0,"As a former, not yet dead, electrician, I have to say this video was one picoamp away from shockingly good. I would lulz a lulzbot.",http://www.youtube.com/@Gryfang451
529,@JayRAguda,8:01 is what I‚??m here for ??Æ?????????,UgwuxdjBSxr_-BWv7814AaABAg,,0,https://www.youtube.com/watch?v=lT3vGaOLWqE&lc=UgwuxdjBSxr_-BWv7814AaABAg,7/20/2023 23:16,0,8:01 is what I‚??m here for ??Æ?????????,http://www.youtube.com/@JayRAguda
530,@Muhtata12341,You can just buy it online....,Ugyv5V4esM_7JZq7uiR4AaABAg,,0,https://www.youtube.com/watch?v=lT3vGaOLWqE&lc=Ugyv5V4esM_7JZq7uiR4AaABAg,7/17/2023 18:43,0,You can just buy it online....,http://www.youtube.com/@Muhtata12341
531,@AbhishekKashyap-nx2un,Fucking hell dude,UgzVqi-IAmSO8I6p0bB4AaABAg,,0,https://www.youtube.com/watch?v=lT3vGaOLWqE&lc=UgzVqi-IAmSO8I6p0bB4AaABAg,7/17/2023 8:47,0,Fucking hell dude,http://www.youtube.com/@AbhishekKashyap-nx2un
532,@MarcioFariasOficial,congratulations for the video I also have a channel and I see that you really understand electronics.,Ugy1oUiHRy4Z7IQiBSl4AaABAg,,0,https://www.youtube.com/watch?v=lT3vGaOLWqE&lc=Ugy1oUiHRy4Z7IQiBSl4AaABAg,7/16/2023 23:16,0,congratulations for the video I also have a channel and I see that you really understand electronics.,http://www.youtube.com/@MarcioFariasOficial
533,@goofybro71,I\'m not taking it I\'m a little kid this stuff going to electrocute me,UgxVdgknGsa8I8gElNl4AaABAg,,1,https://www.youtube.com/watch?v=lT3vGaOLWqE&lc=UgxVdgknGsa8I8gElNl4AaABAg,7/16/2023 2:35,0,I\'m not taking it I\'m a little kid this stuff going to electrocute me,http://www.youtube.com/@goofybro71
534,@MichaelOfRohan,"He said on reddit that the jacobs ladder really did fall, and he really did grab it, and he still has the scars to prove it.",Ugzbowl__rOVQbiFnnN4AaABAg,,2,https://www.youtube.com/watch?v=lT3vGaOLWqE&lc=Ugzbowl__rOVQbiFnnN4AaABAg,7/16/2023 1:02,0,"He said on reddit that the jacobs ladder really did fall, and he really did grab it, and he still has the scars to prove it.",http://www.youtube.com/@MichaelOfRohan
535,@user-lp3tf8hq1n,Awesome video! Worked like a dream! For my Jacob‚??s Ladder I wanted to ask something. If I were to use a more powerful transformer (such as a 40kv) with lithium AA batteries of 3500 mA each. Would it work? Will the transformer drain my batteries quicker? And what is the math equation behind this transformation?,Ugy0rDXwXFpJdNY0KIN4AaABAg,,0,https://www.youtube.com/watch?v=lT3vGaOLWqE&lc=Ugy0rDXwXFpJdNY0KIN4AaABAg,7/15/2023 10:28,2,Awesome video! Worked like a dream! For my Jacob‚??s Ladder I wanted to ask something. If I were to use a more powerful transformer (such as a 40kv) with lithium AA batteries of 3500 mA each. Would it work? Will the transformer drain my batteries quicker? And what is the math equation behind this transformation?,http://www.youtube.com/@user-lp3tf8hq1n
536,@cpu_1292,"you would need AC to do it. batteries generate DC and do not work with transformers. also, this is very dangerous so be very careful. its better if you don\'t do it but if you have to, please research every component you use as well as the dangers of power transformers",Ugy0rDXwXFpJdNY0KIN4AaABAg.9sBf_4pjbY09sSYbHBrkyN,@user-lp3tf8hq1n,1,https://www.youtube.com/watch?v=lT3vGaOLWqE&lc=Ugy0rDXwXFpJdNY0KIN4AaABAg.9sBf_4pjbY09sSYbHBrkyN,7/21/2023 23:45,0,"you would need AC to do it. batteries generate DC and do not work with transformers. also, this is very dangerous so be very careful. its better if you don\'t do it but if you have to, please research every component you use as well as the dangers of power transformers",http://www.youtube.com/@cpu_1292
537,@user-lp3tf8hq1n,@@cpu_1292 Thanks! I‚??ll take your advice and stick with AAA 1200mA and a 20k volt high energy transformer. With Sincere Gratitude!,Ugy0rDXwXFpJdNY0KIN4AaABAg.9sBf_4pjbY09sSaIOVVFIc,@user-lp3tf8hq1n,0,https://www.youtube.com/watch?v=lT3vGaOLWqE&lc=Ugy0rDXwXFpJdNY0KIN4AaABAg.9sBf_4pjbY09sSaIOVVFIc,7/22/2023 0:09,0,@@cpu_1292 Thanks! I‚??ll take your advice and stick with AAA 1200mA and a 20k volt high energy transformer. With Sincere Gratitude!,http://www.youtube.com/@user-lp3tf8hq1n
538,@Newjuice198,no video is an electroboom video without fails,UgzGvxhJVIn3TtTXqUV4AaABAg,,0,https://www.youtube.com/watch?v=lT3vGaOLWqE&lc=UgzGvxhJVIn3TtTXqUV4AaABAg,7/14/2023 18:44,0,no video is an electroboom video without fails,http://www.youtube.com/@Newjuice198
539,@PlNGP0NG,Why are the captions in chinese?,Ugx9oUhuq_s2smpOmOJ4AaABAg,,0,https://www.youtube.com/watch?v=lT3vGaOLWqE&lc=Ugx9oUhuq_s2smpOmOJ4AaABAg,7/14/2023 0:30,0,Why are the captions in chinese?,http://www.youtube.com/@PlNGP0NG
540,@catchthewave2172,"For a milion subs, electritians died a thousand deaths today",Ugz3kpah3lhglT8koxB4AaABAg,,1,https://www.youtube.com/watch?v=lT3vGaOLWqE&lc=Ugz3kpah3lhglT8koxB4AaABAg,7/11/2023 20:57,0,"For a milion subs, electritians died a thousand deaths today",http://www.youtube.com/@catchthewave2172
541,@amaruqlonewolf3350,"The amount of coincidences here are quite insane, in all fairness. All of his accidents are staged, but the one time that it wasn\'t, was the most lethal one. Second, it\'s also coincidentally named ""Jacob\'s Ladder"".",UgzIdZefys512e3fbC54AaABAg,,1,https://www.youtube.com/watch?v=lT3vGaOLWqE&lc=UgzIdZefys512e3fbC54AaABAg,7/11/2023 14:48,0,"The amount of coincidences here are quite insane, in all fairness. All of his accidents are staged, but the one time that it wasn\'t, was the most lethal one. Second, it\'s also coincidentally named ""Jacob\'s Ladder"".",http://www.youtube.com/@amaruqlonewolf3350
542,@N_DAS,Very good and informative video for us . Who are trying to solve the electrical problem in circuit. And playing to high ampire AC current ‚ù§Ô∏è,UgwgKMq-3NKzppCR9R94AaABAg,,0,https://www.youtube.com/watch?v=lT3vGaOLWqE&lc=UgwgKMq-3NKzppCR9R94AaABAg,7/11/2023 8:08,0,Very good and informative video for us . Who are trying to solve the electrical problem in circuit. And playing to high ampire AC current ‚ù§Ô∏è,http://www.youtube.com/@N_DAS
543,@keriddunk1520,8:00 he was lucky. This wasn\'t planned. Could have died easily,UgwT9P1PkU4vyj9gdx14AaABAg,,1,https://www.youtube.com/watch?v=lT3vGaOLWqE&lc=UgwT9P1PkU4vyj9gdx14AaABAg,7/10/2023 11:53,0,8:00 he was lucky. This wasn\'t planned. Could have died easily,http://www.youtube.com/@keriddunk1520
544,@SD-NPOLICEWOMEN911,6:30 NYOPPSSSSSSSSSSSSSSS OH MAI GAAAAAA NYOP NYOP YEEEEEEEEEE NYOP NYOP NYOP,UgwDqp8jyD2ODxd3u_94AaABAg,,0,https://www.youtube.com/watch?v=lT3vGaOLWqE&lc=UgwDqp8jyD2ODxd3u_94AaABAg,7/10/2023 8:30,0,6:30 NYOPPSSSSSSSSSSSSSSS OH MAI GAAAAAA NYOP NYOP YEEEEEEEEEE NYOP NYOP NYOP,http://www.youtube.com/@SD-NPOLICEWOMEN911
545,@SD-NPOLICEWOMEN911,6:04 NYIOOOOOOOO TEP WOAH TEP WOAH TEP ZOAH TEP ZOAP AH S,Ugwlglc3-oPuQCxCEGV4AaABAg,,0,https://www.youtube.com/watch?v=lT3vGaOLWqE&lc=Ugwlglc3-oPuQCxCEGV4AaABAg,7/10/2023 8:28,0,6:04 NYIOOOOOOOO TEP WOAH TEP WOAH TEP ZOAH TEP ZOAP AH S,http://www.youtube.com/@SD-NPOLICEWOMEN911
546,@divyanshu7530,Jjk fandom summoned...,UgzvxTKOFq02KdHTqdV4AaABAg,,0,https://www.youtube.com/watch?v=lT3vGaOLWqE&lc=UgzvxTKOFq02KdHTqdV4AaABAg,7/10/2023 5:36,0,Jjk fandom summoned...,http://www.youtube.com/@divyanshu7530
547,@JakeSmith-nt8ge,Yeyyyyyy???????????????,UgyzGVBHHBIwlLojyKV4AaABAg,,0,https://www.youtube.com/watch?v=lT3vGaOLWqE&lc=UgyzGVBHHBIwlLojyKV4AaABAg,7/9/2023 19:39,0,Yeyyyyyy???????????????,http://www.youtube.com/@JakeSmith-nt8ge
548,@user-bj7xk2gx2x,How after every shock you have ever had you are not immune to electricity ???,UgwbAnXBA3WNFGbuExx4AaABAg,,0,https://www.youtube.com/watch?v=lT3vGaOLWqE&lc=UgwbAnXBA3WNFGbuExx4AaABAg,7/9/2023 8:21,1,How after every shock you have ever had you are not immune to electricity ???,http://www.youtube.com/@user-bj7xk2gx2x
549,@haruhisuzumiya6650,Because everything is a capacitor at high voltage,UgwbAnXBA3WNFGbuExx4AaABAg.9rx-Is3ugKG9u-bAXc7yDK,@user-bj7xk2gx2x,0,https://www.youtube.com/watch?v=lT3vGaOLWqE&lc=UgwbAnXBA3WNFGbuExx4AaABAg.9rx-Is3ugKG9u-bAXc7yDK,8/29/2023 11:01,0,Because everything is a capacitor at high voltage,http://www.youtube.com/@haruhisuzumiya6650
550,@arievw7614,i need it bro,UgzZhieKFhppt-0YmA94AaABAg,,0,https://www.youtube.com/watch?v=lT3vGaOLWqE&lc=UgzZhieKFhppt-0YmA94AaABAg,7/9/2023 6:03,0,i need it bro,http://www.youtube.com/@arievw7614
551,@mrAlfikri.robotics,begitu gila wkwkwk,Ugyzw5Am6r6kxkv_aDx4AaABAg,,0,https://www.youtube.com/watch?v=lT3vGaOLWqE&lc=Ugyzw5Am6r6kxkv_aDx4AaABAg,7/8/2023 3:42,0,begitu gila wkwkwk,http://www.youtube.com/@mrAlfikri.robotics
552,@Ilikesirens,6y ago he got 1mil in 2023 he got 5.71 million so 200mw lol,UgxrP93j1wq9irxg2Mp4AaABAg,,0,https://www.youtube.com/watch?v=lT3vGaOLWqE&lc=UgxrP93j1wq9irxg2Mp4AaABAg,7/7/2023 14:34,0,6y ago he got 1mil in 2023 he got 5.71 million so 200mw lol,http://www.youtube.com/@Ilikesirens
553,@voltage_rc6786,why did the candle make a splashing noise at 7:49?? Lmao it sounded hilarious,UgwMnTH0WOj88iAlrpp4AaABAg,,1,https://www.youtube.com/watch?v=lT3vGaOLWqE&lc=UgwMnTH0WOj88iAlrpp4AaABAg,7/7/2023 1:28,1,why did the candle make a splashing noise at 7:49?? Lmao it sounded hilarious,http://www.youtube.com/@voltage_rc6786
554,@minniemariebobe,the wax literally boiled lol,UgwMnTH0WOj88iAlrpp4AaABAg.9rr6RXILhhO9swrfRp5Czr,@voltage_rc6786,0,https://www.youtube.com/watch?v=lT3vGaOLWqE&lc=UgwMnTH0WOj88iAlrpp4AaABAg.9rr6RXILhhO9swrfRp5Czr,8/3/2023 3:37,0,the wax literally boiled lol,http://www.youtube.com/@minniemariebobe
555,@win11buddy,dangerous...,UgyWG-iawyVWUs6yrJt4AaABAg,,0,https://www.youtube.com/watch?v=lT3vGaOLWqE&lc=UgyWG-iawyVWUs6yrJt4AaABAg,7/6/2023 10:02,0,dangerous...,http://www.youtube.com/@win11buddy
556,@metraking192,I don‚??t think a lot of people truly understand that him grabbing the falling Jacob‚??s Ladder could have seriously hurt or killed him. That was honestly scary,Ugz83wYDH83j0rEVZ-V4AaABAg,,1089,https://www.youtube.com/watch?v=lT3vGaOLWqE&lc=Ugz83wYDH83j0rEVZ-V4AaABAg,7/5/2023 10:09,16,I don‚??t think a lot of people truly understand that him grabbing the falling Jacob‚??s Ladder could have seriously hurt or killed him. That was honestly scary,http://www.youtube.com/@metraking192
557,@brysonator1826,He does stuff like it so much that everyone is desensitized,Ugz83wYDH83j0rEVZ-V4AaABAg.9rmtSh4yW8B9wR8mkB83b-,@metraking192,49,https://www.youtube.com/watch?v=lT3vGaOLWqE&lc=Ugz83wYDH83j0rEVZ-V4AaABAg.9rmtSh4yW8B9wR8mkB83b-,10/28/2023 20:46,0,He does stuff like it so much that everyone is desensitized,http://www.youtube.com/@brysonator1826
558,@davidf2244,"‚??@@brysonator1826not for real, though.",Ugz83wYDH83j0rEVZ-V4AaABAg.9rmtSh4yW8B9wZ6GGiGS1k,@metraking192,83,https://www.youtube.com/watch?v=lT3vGaOLWqE&lc=Ugz83wYDH83j0rEVZ-V4AaABAg.9rmtSh4yW8B9wZ6GGiGS1k,10/31/2023 22:58,0,"‚??@@brysonator1826not for real, though.",http://www.youtube.com/@davidf2244
559,@yoyoy9546,@@brysonator1826 all of them are planned and specifically stunted. He took the full shock from that JLadder and if it hadn\'t disconnected his entire nervous system would have been fried,Ugz83wYDH83j0rEVZ-V4AaABAg.9rmtSh4yW8B9xMzrkWzLtr,@metraking192,0,https://www.youtube.com/watch?v=lT3vGaOLWqE&lc=Ugz83wYDH83j0rEVZ-V4AaABAg.9rmtSh4yW8B9xMzrkWzLtr,11/21/2023 1:34,0,@@brysonator1826 all of them are planned and specifically stunted. He took the full shock from that JLadder and if it hadn\'t disconnected his entire nervous system would have been fried,http://www.youtube.com/@yoyoy9546
560,@youwantmyname9208,"If you understand electrical engineering, every stunt this guy does, mistake or not, is a heart attack",Ugz83wYDH83j0rEVZ-V4AaABAg.9rmtSh4yW8B9x_vQiTMVmH,@metraking192,40,https://www.youtube.com/watch?v=lT3vGaOLWqE&lc=Ugz83wYDH83j0rEVZ-V4AaABAg.9rmtSh4yW8B9x_vQiTMVmH,11/26/2023 11:24,0,"If you understand electrical engineering, every stunt this guy does, mistake or not, is a heart attack",http://www.youtube.com/@youwantmyname9208
561,@Shank5ter,"@@brysonator1826this incident was not planned, he has come on the record saying as such. Most of his gags are planned, but this one was not a gag. He legit nearly died on accident and was very lucky.",Ugz83wYDH83j0rEVZ-V4AaABAg.9rmtSh4yW8B9yFfFQUuex5,@metraking192,185,https://www.youtube.com/watch?v=lT3vGaOLWqE&lc=Ugz83wYDH83j0rEVZ-V4AaABAg.9rmtSh4yW8B9yFfFQUuex5,12/13/2023 1:50,0,"@@brysonator1826this incident was not planned, he has come on the record saying as such. Most of his gags are planned, but this one was not a gag. He legit nearly died on accident and was very lucky.",http://www.youtube.com/@Shank5ter
562,@brandonzawaski,Stop donating broken stuff,Ugzs6VC2PvswitGASip4AaABAg,,0,https://www.youtube.com/watch?v=lT3vGaOLWqE&lc=Ugzs6VC2PvswitGASip4AaABAg,7/4/2023 3:12,0,Stop donating broken stuff,http://www.youtube.com/@brandonzawaski
563,@brandonzawaski,You are bad influance. I bought broken power supplies to blow the capacitors up. Tripped the breaker and saw shooting flames come out of the enclosure. ??•,UgxSp4jSWEZh6ksZXHN4AaABAg,,0,https://www.youtube.com/watch?v=lT3vGaOLWqE&lc=UgxSp4jSWEZh6ksZXHN4AaABAg,7/4/2023 3:11,0,You are bad influance. I bought broken power supplies to blow the capacitors up. Tripped the breaker and saw shooting flames come out of the enclosure. ??•,http://www.youtube.com/@brandonzawaski
564,@user-mz6sh4uo7u,"""-which, of all people, it fell right on top of me."" -the Man, Myth,  Legend",UgyHYNYygG3DhP2dcnp4AaABAg,,0,https://www.youtube.com/watch?v=lT3vGaOLWqE&lc=UgyHYNYygG3DhP2dcnp4AaABAg,7/3/2023 20:38,0,"""-which, of all people, it fell right on top of me."" -the Man, Myth,  Legend",http://www.youtube.com/@user-mz6sh4uo7u
565,@vijfmei4720,"Mehdi, after 6 years and watching this again, I am very happy to see you still kicking. That was real and not planned, and somehow you got lucky. Hope your luck last a long long time. Love your videos! in particular the way you explains thing !",Ugxlfwu7zrSpgOadL7d4AaABAg,,30,https://www.youtube.com/watch?v=lT3vGaOLWqE&lc=Ugxlfwu7zrSpgOadL7d4AaABAg,7/3/2023 19:35,0,"Mehdi, after 6 years and watching this again, I am very happy to see you still kicking. That was real and not planned, and somehow you got lucky. Hope your luck last a long long time. Love your videos! in particular the way you explains thing !",http://www.youtube.com/@vijfmei4720
566,@reeceshipley3664,Neon sign transformer is better for this,Ugy29I2XanSnTv6_Xt14AaABAg,,0,https://www.youtube.com/watch?v=lT3vGaOLWqE&lc=Ugy29I2XanSnTv6_Xt14AaABAg,7/3/2023 18:43,0,Neon sign transformer is better for this,http://www.youtube.com/@reeceshipley3664
567,@SD-NPOLICEWOMEN911,8:00 TEKET AAA SH1111111T,UgwFpZgaGHlSQa7gSdx4AaABAg,,0,https://www.youtube.com/watch?v=lT3vGaOLWqE&lc=UgwFpZgaGHlSQa7gSdx4AaABAg,7/3/2023 4:01,0,8:00 TEKET AAA SH1111111T,http://www.youtube.com/@SD-NPOLICEWOMEN911
568,@SD-NPOLICEWOMEN911,5:23 NYIOOOPSSSSSSSOOOOP OH SH***T,UgyUd4LDqegNCg3P8wV4AaABAg,,0,https://www.youtube.com/watch?v=lT3vGaOLWqE&lc=UgyUd4LDqegNCg3P8wV4AaABAg,7/3/2023 3:58,0,5:23 NYIOOOPSSSSSSSOOOOP OH SH***T,http://www.youtube.com/@SD-NPOLICEWOMEN911
569,@erikrobillard6950,"i like your chanel, build a stirling engine!",UgyGmlBpTZAKuWi0Znx4AaABAg,,0,https://www.youtube.com/watch?v=lT3vGaOLWqE&lc=UgyGmlBpTZAKuWi0Znx4AaABAg,7/2/2023 18:41,0,"i like your chanel, build a stirling engine!",http://www.youtube.com/@erikrobillard6950
570,@Owl90,That is way too dangerous!,UgzkVfDmGilMhxTC6Qx4AaABAg,,0,https://www.youtube.com/watch?v=lT3vGaOLWqE&lc=UgzkVfDmGilMhxTC6Qx4AaABAg,7/1/2023 15:18,0,That is way too dangerous!,http://www.youtube.com/@Owl90
571,@LocalElectricianPH,Sensei,UgxVB32TrF7RQmEhuhZ4AaABAg,,0,https://www.youtube.com/watch?v=lT3vGaOLWqE&lc=UgxVB32TrF7RQmEhuhZ4AaABAg,6/30/2023 11:35,0,Sensei,http://www.youtube.com/@LocalElectricianPH
572,@SylvesterTheSupernatural16,7:55,UgwwPIUfVsrlVpwXRZx4AaABAg,,0,https://www.youtube.com/watch?v=lT3vGaOLWqE&lc=UgwwPIUfVsrlVpwXRZx4AaABAg,6/29/2023 16:40,0,7:55,http://www.youtube.com/@SylvesterTheSupernatural16
573,@skpaanda,Playing with fire,Ugx3X6TsHw34jlnYQ-R4AaABAg,,0,https://www.youtube.com/watch?v=lT3vGaOLWqE&lc=Ugx3X6TsHw34jlnYQ-R4AaABAg,6/28/2023 10:22,0,Playing with fire,http://www.youtube.com/@skpaanda
574,@babybert26,3:17 5:23 6:04 6:17 6:30 7:43 7:48 7:57,Ugy3iwAqQDqLHmpBRYh4AaABAg,,1,https://www.youtube.com/watch?v=lT3vGaOLWqE&lc=Ugy3iwAqQDqLHmpBRYh4AaABAg,6/28/2023 9:24,0,3:17 5:23 6:04 6:17 6:30 7:43 7:48 7:57,http://www.youtube.com/@babybert26
575,@normeerrr,you can tell how much this man has dedicated to youtube cs he has been shocked so many times his hands cant stay still 4:13,Ugxo3SQ5X8OQNQYvul54AaABAg,,5,https://www.youtube.com/watch?v=lT3vGaOLWqE&lc=Ugxo3SQ5X8OQNQYvul54AaABAg,6/28/2023 2:03,0,you can tell how much this man has dedicated to youtube cs he has been shocked so many times his hands cant stay still 4:13,http://www.youtube.com/@normeerrr
576,@williamcen4824,?§£?§£?????????,Ugx0SIolmIcrO5PFKvx4AaABAg,,1,https://www.youtube.com/watch?v=lT3vGaOLWqE&lc=Ugx0SIolmIcrO5PFKvx4AaABAg,6/27/2023 21:40,0,?§£?§£?????????,http://www.youtube.com/@williamcen4824
577,@Zweizweinull,Deuterium and Tritium creates plasma ,UgwonnnEfDmzJTnfDBp4AaABAg,,0,https://www.youtube.com/watch?v=lT3vGaOLWqE&lc=UgwonnnEfDmzJTnfDBp4AaABAg,6/25/2023 17:45,0,Deuterium and Tritium creates plasma ,http://www.youtube.com/@Zweizweinull
578,@studysuman9313,This guy is still alive,UgxR7rkESy-tKu91N0N4AaABAg,,0,https://www.youtube.com/watch?v=lT3vGaOLWqE&lc=UgxR7rkESy-tKu91N0N4AaABAg,6/25/2023 11:41,0,This guy is still alive,http://www.youtube.com/@studysuman9313
579,@jjweiss5958,8:29,UgzwqY7aNJUSTRAl8-B4AaABAg,,1,https://www.youtube.com/watch?v=lT3vGaOLWqE&lc=UgzwqY7aNJUSTRAl8-B4AaABAg,6/25/2023 0:52,3,8:29,http://www.youtube.com/@jjweiss5958
580,@jjweiss5958,"The first time when I listened to this, I knew it was Persian.",UgzwqY7aNJUSTRAl8-B4AaABAg.9rN8li5HaX69rN8qlOpwSI,@jjweiss5958,0,https://www.youtube.com/watch?v=lT3vGaOLWqE&lc=UgzwqY7aNJUSTRAl8-B4AaABAg.9rN8li5HaX69rN8qlOpwSI,6/25/2023 0:53,0,"The first time when I listened to this, I knew it was Persian.",http://www.youtube.com/@jjweiss5958
581,@jjweiss5958,I was eleven 11 years old at the time when I first listened to this.,UgzwqY7aNJUSTRAl8-B4AaABAg.9rN8li5HaX69rN8vuiUkau,@jjweiss5958,0,https://www.youtube.com/watch?v=lT3vGaOLWqE&lc=UgzwqY7aNJUSTRAl8-B4AaABAg.9rN8li5HaX69rN8vuiUkau,6/25/2023 0:53,0,I was eleven 11 years old at the time when I first listened to this.,http://www.youtube.com/@jjweiss5958
582,@jjweiss5958,"I\'m fourteen 14 now but, I won\'t be for long, time hurries on.",UgzwqY7aNJUSTRAl8-B4AaABAg.9rN8li5HaX69rN8ybgb9-w,@jjweiss5958,0,https://www.youtube.com/watch?v=lT3vGaOLWqE&lc=UgzwqY7aNJUSTRAl8-B4AaABAg.9rN8li5HaX69rN8ybgb9-w,6/25/2023 0:54,0,"I\'m fourteen 14 now but, I won\'t be for long, time hurries on.",http://www.youtube.com/@jjweiss5958
583,@kingeling,7:48 the wax started boiling lmao,Ugy_KRCkpU3CidBkP6B4AaABAg,,1,https://www.youtube.com/watch?v=lT3vGaOLWqE&lc=Ugy_KRCkpU3CidBkP6B4AaABAg,6/24/2023 12:47,0,7:48 the wax started boiling lmao,http://www.youtube.com/@kingeling
584,@justasadmanforabanana4124,1:09 Don\'t ban me! permanently ban me,Ugz6vThxTqv-CSFYD4J4AaABAg,,0,https://www.youtube.com/watch?v=lT3vGaOLWqE&lc=Ugz6vThxTqv-CSFYD4J4AaABAg,6/24/2023 5:39,0,1:09 Don\'t ban me! permanently ban me,http://www.youtube.com/@justasadmanforabanana4124
585,@opravduchytradomacnost,"crazy fun, I couldn¬¥t stop watching",UgzqbEC2VEUueLvrtwJ4AaABAg,,0,https://www.youtube.com/watch?v=lT3vGaOLWqE&lc=UgzqbEC2VEUueLvrtwJ4AaABAg,6/23/2023 10:37,0,"crazy fun, I couldn¬¥t stop watching",http://www.youtube.com/@opravduchytradomacnost
586,@94edugodoy94,"Obrigado EletroBoomer, obrigado por existir",UgzQ4OfyG9Lra9kb5WB4AaABAg,,0,https://www.youtube.com/watch?v=lT3vGaOLWqE&lc=UgzQ4OfyG9Lra9kb5WB4AaABAg,6/22/2023 21:12,0,"Obrigado EletroBoomer, obrigado por existir",http://www.youtube.com/@94edugodoy94
587,@keamlastname9581,Rasputin the electrical engineer,UgyKld52tnbgK_9zfBR4AaABAg,,0,https://www.youtube.com/watch?v=lT3vGaOLWqE&lc=UgyKld52tnbgK_9zfBR4AaABAg,6/22/2023 18:03,0,Rasputin the electrical engineer,http://www.youtube.com/@keamlastname9581
588,@morinechine-mp8jh,This guy is just unbelievable??????,UgxnPYmH9puPsA3e4jl4AaABAg,,0,https://www.youtube.com/watch?v=lT3vGaOLWqE&lc=UgxnPYmH9puPsA3e4jl4AaABAg,6/22/2023 13:20,0,This guy is just unbelievable??????,http://www.youtube.com/@morinechine-mp8jh
589,@iamgamestar,8:08 "some 3rd degree burn"............... \'some...\',UgxpG1EliIZ5ospKPat4AaABAg,,143,https://www.youtube.com/watch?v=lT3vGaOLWqE&lc=UgxpG1EliIZ5ospKPat4AaABAg,6/22/2023 6:54,0,8:08 "some 3rd degree burn"............... \'some...\',http://www.youtube.com/@iamgamestar
590,@domirusz24,"""I\'ve only sustained 3rd degree burns""",UgxkTiVXkfZtvWmglUh4AaABAg,,0,https://www.youtube.com/watch?v=lT3vGaOLWqE&lc=UgxkTiVXkfZtvWmglUh4AaABAg,6/20/2023 14:11,0,"""I\'ve only sustained 3rd degree burns""",http://www.youtube.com/@domirusz24
591,@nemtudom5074,His guardian angel must be working overtime LOL,UgxJ4xKp5b13AZqYWJF4AaABAg,,0,https://www.youtube.com/watch?v=lT3vGaOLWqE&lc=UgxJ4xKp5b13AZqYWJF4AaABAg,6/18/2023 21:54,0,His guardian angel must be working overtime LOL,http://www.youtube.com/@nemtudom5074
592,@harshitrai5433,intelligent ways to die,UgxVS8p3YcOXH_v5Mdx4AaABAg,,1,https://www.youtube.com/watch?v=lT3vGaOLWqE&lc=UgxVS8p3YcOXH_v5Mdx4AaABAg,6/18/2023 18:12,0,intelligent ways to die,http://www.youtube.com/@harshitrai5433
593,@Magentaice,Imagine this guy teaching in school,Ugwt2OeDREDhbsKQAch4AaABAg,,0,https://www.youtube.com/watch?v=lT3vGaOLWqE&lc=Ugwt2OeDREDhbsKQAch4AaABAg,6/17/2023 7:04,0,Imagine this guy teaching in school,http://www.youtube.com/@Magentaice
594,@d.m.mdarkmoonmusic306,8:00 it was at this moment that he knew.... he ELECTROBOOMED himself,Ugz6coXehfL_YIvAnJB4AaABAg,,0,https://www.youtube.com/watch?v=lT3vGaOLWqE&lc=Ugz6coXehfL_YIvAnJB4AaABAg,6/14/2023 17:47,0,8:00 it was at this moment that he knew.... he ELECTROBOOMED himself,http://www.youtube.com/@d.m.mdarkmoonmusic306
595,@edwardrana6337,"I can see he still alive, Khatro ki Khiladi..",UgwbOKrKGfdilRcbCAN4AaABAg,,0,https://www.youtube.com/watch?v=lT3vGaOLWqE&lc=UgwbOKrKGfdilRcbCAN4AaABAg,6/14/2023 13:15,0,"I can see he still alive, Khatro ki Khiladi..",http://www.youtube.com/@edwardrana6337
596,@vanrooyendavid,I watch this channel only to see you get shocked.,Ugw9oxndFgv_CyFlX_l4AaABAg,,2,https://www.youtube.com/watch?v=lT3vGaOLWqE&lc=Ugw9oxndFgv_CyFlX_l4AaABAg,6/10/2023 17:19,0,I watch this channel only to see you get shocked.,http://www.youtube.com/@vanrooyendavid
597,@shivu1610,7:59 to 7:54,UgynVg6G_xMQNF2UCF14AaABAg,,0,https://www.youtube.com/watch?v=lT3vGaOLWqE&lc=UgynVg6G_xMQNF2UCF14AaABAg,6/10/2023 8:52,0,7:59 to 7:54,http://www.youtube.com/@shivu1610
598,@user-pe6vr6os8l,I love you so much you‚??re the best YouTuber ever you are the genius what‚??s the high voltage when I was like to result I think about you I wanna be like you when I‚??m 18 can we be friends?,UgzmM7-Yzqu3p8Os2Tl4AaABAg,,0,https://www.youtube.com/watch?v=lT3vGaOLWqE&lc=UgzmM7-Yzqu3p8Os2Tl4AaABAg,6/9/2023 14:00,1,I love you so much you‚??re the best YouTuber ever you are the genius what‚??s the high voltage when I was like to result I think about you I wanna be like you when I‚??m 18 can we be friends?,http://www.youtube.com/@user-pe6vr6os8l
599,@BEZBAZ,Ÿ?Ÿ? Ÿ?ÿ±Ÿ? ÿ™ÿπŸ?Ÿ?Ÿ?Ÿ?,UgzmM7-Yzqu3p8Os2Tl4AaABAg.9qkMFQrg9F_9qwZSj_RoKz,@user-pe6vr6os8l,0,https://www.youtube.com/watch?v=lT3vGaOLWqE&lc=UgzmM7-Yzqu3p8Os2Tl4AaABAg.9qkMFQrg9F_9qwZSj_RoKz,6/14/2023 7:46,0,Ÿ?Ÿ? Ÿ?ÿ±Ÿ? ÿ™ÿπŸ?Ÿ?Ÿ?Ÿ?,http://www.youtube.com/@BEZBAZ
600,@13lilsykos,"I wonder if his spouse even jumps when they hear *Zap!* ""Ahhh Shhh... Owww!"" Maybe they\'re just like ""he\'s still yelling, it\'s okay.""",UgyMLvDQ3wD1xARjvRp4AaABAg,,0,https://www.youtube.com/watch?v=lT3vGaOLWqE&lc=UgyMLvDQ3wD1xARjvRp4AaABAg,6/8/2023 21:00,0,"I wonder if his spouse even jumps when they hear *Zap!* ""Ahhh Shhh... Owww!"" Maybe they\'re just like ""he\'s still yelling, it\'s okay.""",http://www.youtube.com/@13lilsykos
601,@13lilsykos,"""A simple circuit this..."" *blinks* I see that he and I have VASTLY different definitions of ""simple"".",UgwhwgMD2looZIVsN0p4AaABAg,,0,https://www.youtube.com/watch?v=lT3vGaOLWqE&lc=UgwhwgMD2looZIVsN0p4AaABAg,6/8/2023 20:52,0,"""A simple circuit this..."" *blinks* I see that he and I have VASTLY different definitions of ""simple"".",http://www.youtube.com/@13lilsykos
602,@oraloni1681,F^^@ breaker,UgxHxsVLV3TfWuSxol14AaABAg,,0,https://www.youtube.com/watch?v=lT3vGaOLWqE&lc=UgxHxsVLV3TfWuSxol14AaABAg,6/8/2023 4:15,0,F^^@ breaker,http://www.youtube.com/@oraloni1681
603,@Cloxisity,the poor guy never fails to get himself not hurt,UgzAz5lAPW-TUS9Ky4J4AaABAg,,1,https://www.youtube.com/watch?v=lT3vGaOLWqE&lc=UgzAz5lAPW-TUS9Ky4J4AaABAg,6/4/2023 9:18,0,the poor guy never fails to get himself not hurt,http://www.youtube.com/@Cloxisity
604,@TeisterMC,"""killing myself for 1million subscribers""",Ugy_Munh1y5Q7cbpPeJ4AaABAg,,0,https://www.youtube.com/watch?v=lT3vGaOLWqE&lc=Ugy_Munh1y5Q7cbpPeJ4AaABAg,6/4/2023 6:41,0,"""killing myself for 1million subscribers""",http://www.youtube.com/@TeisterMC
605,@EARRAPPEteen,Mehdi 2017: unga bunga. Fire . Fire create plasma,Ugy2AlEPZbySet_YYAh4AaABAg,,0,https://www.youtube.com/watch?v=lT3vGaOLWqE&lc=Ugy2AlEPZbySet_YYAh4AaABAg,6/3/2023 8:36,0,Mehdi 2017: unga bunga. Fire . Fire create plasma,http://www.youtube.com/@EARRAPPEteen
606,@DarronBirgenheier,"I used to have my younger brother try all of your experiments for me, before I dared to touch them myself. The funeral is next week...",Ugx9w3BCqq9JpWppywF4AaABAg,,0,https://www.youtube.com/watch?v=lT3vGaOLWqE&lc=Ugx9w3BCqq9JpWppywF4AaABAg,6/1/2023 16:25,0,"I used to have my younger brother try all of your experiments for me, before I dared to touch them myself. The funeral is next week...",http://www.youtube.com/@DarronBirgenheier
607,@ronyair3889,‚ù§‚ù§‚ù§‚ù§‚ù§,Ugy3z5hUEme2N5KAbZ54AaABAg,,0,https://www.youtube.com/watch?v=lT3vGaOLWqE&lc=Ugy3z5hUEme2N5KAbZ54AaABAg,6/1/2023 12:51,0,‚ù§‚ù§‚ù§‚ù§‚ù§,http://www.youtube.com/@ronyair3889
608,@MarshawnDixon,He‚??s gonna kill himself if he keeps acting slow with electricity. And how is he not dead from touching the jacobs ladder?!!!?§Ø?§Ø?§Ø,Ugxn1pKZUQIVWbjuPBB4AaABAg,,0,https://www.youtube.com/watch?v=lT3vGaOLWqE&lc=Ugxn1pKZUQIVWbjuPBB4AaABAg,5/30/2023 14:45,0,He‚??s gonna kill himself if he keeps acting slow with electricity. And how is he not dead from touching the jacobs ladder?!!!?§Ø?§Ø?§Ø,http://www.youtube.com/@MarshawnDixon
609,@afdashtech5322,Very safety guys??ç,UgwuufMtvtUu5FQFYD54AaABAg,,2,https://www.youtube.com/watch?v=lT3vGaOLWqE&lc=UgwuufMtvtUu5FQFYD54AaABAg,5/30/2023 7:27,0,Very safety guys??ç,http://www.youtube.com/@afdashtech5322
610,@WalterWeinzinger,"Dude, where are your safety glasses?!?!",Ugwbr1NaRsy_GatMR3J4AaABAg,,2,https://www.youtube.com/watch?v=lT3vGaOLWqE&lc=Ugwbr1NaRsy_GatMR3J4AaABAg,5/28/2023 22:38,0,"Dude, where are your safety glasses?!?!",http://www.youtube.com/@WalterWeinzinger
611,@roshanchhetry1877,How this man don\'t get hurt is he acting??,Ugz0lplvlwaDo8b6fhl4AaABAg,,0,https://www.youtube.com/watch?v=lT3vGaOLWqE&lc=Ugz0lplvlwaDo8b6fhl4AaABAg,5/27/2023 12:15,1,How this man don\'t get hurt is he acting??,http://www.youtube.com/@roshanchhetry1877
612,@purpleapple4052,"A lot of the small shocks are staged so he can show and warn of what would happen if you did it wrong, but the one where the thing fell on him was real and unscripted ??¨",Ugz0lplvlwaDo8b6fhl4AaABAg.9qDgsrwzFu29qz9ITWWv0a,@roshanchhetry1877,1,https://www.youtube.com/watch?v=lT3vGaOLWqE&lc=Ugz0lplvlwaDo8b6fhl4AaABAg.9qDgsrwzFu29qz9ITWWv0a,6/15/2023 7:55,0,"A lot of the small shocks are staged so he can show and warn of what would happen if you did it wrong, but the one where the thing fell on him was real and unscripted ??¨",http://www.youtube.com/@purpleapple4052
613,@user-st3eq5he5n,–?—è–¥–µ—?–∫–∞ –ø–æ—?–æ–∂–µ –≤ —?–æ—Å—Å–∏–∏ –≤—?—?–æ—Å. –?–æ–ª–Ω–æ–µ –Ω–µ —Å–æ–±–ª—?–¥–µ–Ω–∏–µ —?–µ—?–Ω–∏–∫–∏ –±–µ–∑–æ–ø–∞—Å–Ω–æ—Å—?–∏ –∏ —?—è–ø-–ª—è–ø,UgyOsl8y-lndZeC_1Bl4AaABAg,,0,https://www.youtube.com/watch?v=lT3vGaOLWqE&lc=UgyOsl8y-lndZeC_1Bl4AaABAg,5/27/2023 6:40,0,–?—è–¥–µ—?–∫–∞ –ø–æ—?–æ–∂–µ –≤ —?–æ—Å—Å–∏–∏ –≤—?—?–æ—Å. –?–æ–ª–Ω–æ–µ –Ω–µ —Å–æ–±–ª—?–¥–µ–Ω–∏–µ —?–µ—?–Ω–∏–∫–∏ –±–µ–∑–æ–ø–∞—Å–Ω–æ—Å—?–∏ –∏ —?—è–ø-–ª—è–ø,http://www.youtube.com/@user-st3eq5he5n
614,@rahulnayak8840,"""Say Hello to my 28 INCH Sparkler"" Well well looks like someone\'s gonna be very HAPPY",UgxA5amWrDiHx3bZvit4AaABAg,,0,https://www.youtube.com/watch?v=lT3vGaOLWqE&lc=UgxA5amWrDiHx3bZvit4AaABAg,5/27/2023 1:42,0,"""Say Hello to my 28 INCH Sparkler"" Well well looks like someone\'s gonna be very HAPPY",http://www.youtube.com/@rahulnayak8840
615,@Antonov_Alexey,??≠??≠??≠,Ugx7VXuR0DSHTGINcp54AaABAg,,0,https://www.youtube.com/watch?v=lT3vGaOLWqE&lc=Ugx7VXuR0DSHTGINcp54AaABAg,5/26/2023 12:52,0,??≠??≠??≠,http://www.youtube.com/@Antonov_Alexey
616,@Engineer_Anton,ElectroBOOM always survives high voltage! How‚?¶ Im lost for words,UgzligJKWLVRfCsxIv94AaABAg,,0,https://www.youtube.com/watch?v=lT3vGaOLWqE&lc=UgzligJKWLVRfCsxIv94AaABAg,5/26/2023 8:23,0,ElectroBOOM always survives high voltage! How‚?¶ Im lost for words,http://www.youtube.com/@Engineer_Anton
617,@anuragkataria4632,Louis after leaving pearson hardman,Ugx3tj6vVCRfd1kMUyp4AaABAg,,0,https://www.youtube.com/watch?v=lT3vGaOLWqE&lc=Ugx3tj6vVCRfd1kMUyp4AaABAg,5/25/2023 12:25,0,Louis after leaving pearson hardman,http://www.youtube.com/@anuragkataria4632
618,@leezylane,"My favorite fucking person bro, you\'re my spirit animal.",UgxHeMIP3mUHq4zxb1l4AaABAg,,0,https://www.youtube.com/watch?v=lT3vGaOLWqE&lc=UgxHeMIP3mUHq4zxb1l4AaABAg,5/25/2023 12:00,0,"My favorite fucking person bro, you\'re my spirit animal.",http://www.youtube.com/@leezylane
619,@rohithk.m5155,Most luckiest person ever seen ???,UgzRaWd6JdeA1WbnTPJ4AaABAg,,0,https://www.youtube.com/watch?v=lT3vGaOLWqE&lc=UgzRaWd6JdeA1WbnTPJ4AaABAg,5/25/2023 6:53,0,Most luckiest person ever seen ???,http://www.youtube.com/@rohithk.m5155
620,@stirfry59,insert penis jokes here,UgyvlvsnQAxouqcS-614AaABAg,,0,https://www.youtube.com/watch?v=lT3vGaOLWqE&lc=UgyvlvsnQAxouqcS-614AaABAg,5/25/2023 0:03,0,insert penis jokes here,http://www.youtube.com/@stirfry59
621,@AxeAR,Mehdi proposing to his wife 6:47,UgwBDD6TVAqSHE6QlWp4AaABAg,,2,https://www.youtube.com/watch?v=lT3vGaOLWqE&lc=UgwBDD6TVAqSHE6QlWp4AaABAg,5/23/2023 23:45,0,Mehdi proposing to his wife 6:47,http://www.youtube.com/@AxeAR
622,@shpluk,"So glad you lived long enough to post this video, to many many more!",UgxXO81nClXC-RDw6iR4AaABAg,,0,https://www.youtube.com/watch?v=lT3vGaOLWqE&lc=UgxXO81nClXC-RDw6iR4AaABAg,5/21/2023 17:04,0,"So glad you lived long enough to post this video, to many many more!",http://www.youtube.com/@shpluk
623,@monke10469,His mind will blow up if you told him what safety is,UgwnLVMyDHYA-JyC9t14AaABAg,,0,https://www.youtube.com/watch?v=lT3vGaOLWqE&lc=UgwnLVMyDHYA-JyC9t14AaABAg,5/21/2023 16:58,0,His mind will blow up if you told him what safety is,http://www.youtube.com/@monke10469
624,@ahsu647,9:24 the fire says ????èª,UgzNrk7YKdt5QdRzGmp4AaABAg,,9,https://www.youtube.com/watch?v=lT3vGaOLWqE&lc=UgzNrk7YKdt5QdRzGmp4AaABAg,5/21/2023 1:50,1,9:24 the fire says ????èª,http://www.youtube.com/@ahsu647
625,@SubroOrbus,Oœ?O,UgzNrk7YKdt5QdRzGmp4AaABAg.9py7ZKsvgz59uA_bX6BL8k,@ahsu647,1,https://www.youtube.com/watch?v=lT3vGaOLWqE&lc=UgzNrk7YKdt5QdRzGmp4AaABAg.9py7ZKsvgz59uA_bX6BL8k,9/2/2023 17:19,0,Oœ?O,http://www.youtube.com/@SubroOrbus
626,@Very_pro,‚??And i only sustained third degree burns!‚?ù Dude ‚??only‚?ù?,Ugwe4gcErAHO2iUFcVJ4AaABAg,,0,https://www.youtube.com/watch?v=lT3vGaOLWqE&lc=Ugwe4gcErAHO2iUFcVJ4AaABAg,5/20/2023 18:03,0,‚??And i only sustained third degree burns!‚?ù Dude ‚??only‚?ù?,http://www.youtube.com/@Very_pro
627,@hansiman1977,can you show me the eletricks in this video..https://youtu.be/ExUrX5WUlgY,UgyJVjPgW2lltwZUWhJ4AaABAg,,0,https://www.youtube.com/watch?v=lT3vGaOLWqE&lc=UgyJVjPgW2lltwZUWhJ4AaABAg,5/20/2023 2:22,0,can you show me the eletricks in this video..https://youtu.be/ExUrX5WUlgY,http://www.youtube.com/@hansiman1977
628,@craftygamer2831,I would love a 3d printer,UgwXrbX_pL6jUTQMM0Z4AaABAg,,0,https://www.youtube.com/watch?v=lT3vGaOLWqE&lc=UgwXrbX_pL6jUTQMM0Z4AaABAg,5/19/2023 22:25,0,I would love a 3d printer,http://www.youtube.com/@craftygamer2831
629,@craftygamer2831,Thanks,UgyIvBZZlEBN20VoFqJ4AaABAg,,0,https://www.youtube.com/watch?v=lT3vGaOLWqE&lc=UgyIvBZZlEBN20VoFqJ4AaABAg,5/19/2023 22:24,0,Thanks,http://www.youtube.com/@craftygamer2831
630,@user-ss4pq8ts2w,???????????????????????? Ahhhahahahah ?????????????????????,UgztS1BgF1IDz_vmmh54AaABAg,,1,https://www.youtube.com/watch?v=lT3vGaOLWqE&lc=UgztS1BgF1IDz_vmmh54AaABAg,5/19/2023 16:55,0,???????????????????????? Ahhhahahahah ?????????????????????,http://www.youtube.com/@user-ss4pq8ts2w
631,@Heherehide,He made my ladder,Ugx4v69xlMZTA62mVfZ4AaABAg,,0,https://www.youtube.com/watch?v=lT3vGaOLWqE&lc=Ugx4v69xlMZTA62mVfZ4AaABAg,5/18/2023 22:20,0,He made my ladder,http://www.youtube.com/@Heherehide
632,@rartgawgre4009,7:58,UgwEmstARCawDQyjz_N4AaABAg,,1,https://www.youtube.com/watch?v=lT3vGaOLWqE&lc=UgwEmstARCawDQyjz_N4AaABAg,5/18/2023 12:41,0,7:58,http://www.youtube.com/@rartgawgre4009
633,@mateosheqi1168,LULZ my BOT... LULZBOT,UgwpnPy-UbqMfyAbAix4AaABAg,,0,https://www.youtube.com/watch?v=lT3vGaOLWqE&lc=UgwpnPy-UbqMfyAbAix4AaABAg,5/18/2023 9:18,0,LULZ my BOT... LULZBOT,http://www.youtube.com/@mateosheqi1168
634,@wesleytasso5562,Voc3 √© √≥timo ???,UgxG37eqa0XryDNo63t4AaABAg,,0,https://www.youtube.com/watch?v=lT3vGaOLWqE&lc=UgxG37eqa0XryDNo63t4AaABAg,5/17/2023 20:54,0,Voc3 √© √≥timo ???,http://www.youtube.com/@wesleytasso5562
635,@lihgtlumilux27,u uing,Ugy9b2NVAg4hVR6Rb6l4AaABAg,,0,https://www.youtube.com/watch?v=lT3vGaOLWqE&lc=Ugy9b2NVAg4hVR6Rb6l4AaABAg,5/17/2023 13:54,0,u uing,http://www.youtube.com/@lihgtlumilux27
636,@tazopaksashvili104,bro dosnet coutn the uantume and thermal physics,Ugz-E5ZjR-tAdU7861V4AaABAg,,0,https://www.youtube.com/watch?v=lT3vGaOLWqE&lc=Ugz-E5ZjR-tAdU7861V4AaABAg,5/16/2023 17:49,0,bro dosnet coutn the uantume and thermal physics,http://www.youtube.com/@tazopaksashvili104
637,@DiyanSoumya,"Hi I am Diyan very very good show ,s",Ugwxj2ARzR15t83pb0t4AaABAg,,0,https://www.youtube.com/watch?v=lT3vGaOLWqE&lc=Ugwxj2ARzR15t83pb0t4AaABAg,5/15/2023 2:09,0,"Hi I am Diyan very very good show ,s",http://www.youtube.com/@DiyanSoumya
638,@shivrajsinghyt,Iski gaand me bahut chull h ???,Ugy8TRTqGmjtu6kkjaV4AaABAg,,0,https://www.youtube.com/watch?v=lT3vGaOLWqE&lc=Ugy8TRTqGmjtu6kkjaV4AaABAg,5/14/2023 15:23,0,Iski gaand me bahut chull h ???,http://www.youtube.com/@shivrajsinghyt
639,@Ruby20069,Poor guy,Ugwg9umlOMaLoanUeHt4AaABAg,,0,https://www.youtube.com/watch?v=lT3vGaOLWqE&lc=Ugwg9umlOMaLoanUeHt4AaABAg,5/11/2023 21:49,0,Poor guy,http://www.youtube.com/@Ruby20069
640,@HTM3000,8:00 i thoght you gona die??¢,UgyKa3bsvgFCGLdm_rF4AaABAg,,2,https://www.youtube.com/watch?v=lT3vGaOLWqE&lc=UgyKa3bsvgFCGLdm_rF4AaABAg,5/10/2023 16:38,0,8:00 i thoght you gona die??¢,http://www.youtube.com/@HTM3000
641,@gaminghero6125,I could tell you this guy will die by electric short-circuit,Ugzc3VQ2AgFY1XguDe14AaABAg,,0,https://www.youtube.com/watch?v=lT3vGaOLWqE&lc=Ugzc3VQ2AgFY1XguDe14AaABAg,5/10/2023 13:09,0,I could tell you this guy will die by electric short-circuit,http://www.youtube.com/@gaminghero6125
642,@sgamitmathur,You mean 5.62 Million????????????,Ugy0uut70-1uurPDFD54AaABAg,,0,https://www.youtube.com/watch?v=lT3vGaOLWqE&lc=Ugy0uut70-1uurPDFD54AaABAg,5/10/2023 9:45,0,You mean 5.62 Million????????????,http://www.youtube.com/@sgamitmathur
643,@pcxanime,8:00 ??????,UgynEC-Mz_9bbknYrn94AaABAg,,0,https://www.youtube.com/watch?v=lT3vGaOLWqE&lc=UgynEC-Mz_9bbknYrn94AaABAg,5/10/2023 5:54,0,8:00 ??????,http://www.youtube.com/@pcxanime
644,@JasonFolk07,I seen alot of funny shit in my life but thats probably the best lmfao ???,Ugxj23ZQ7Dp7U4of-bx4AaABAg,,0,https://www.youtube.com/watch?v=lT3vGaOLWqE&lc=Ugxj23ZQ7Dp7U4of-bx4AaABAg,5/9/2023 23:23,0,I seen alot of funny shit in my life but thats probably the best lmfao ???,http://www.youtube.com/@JasonFolk07
645,@RamRamAndroid,Hey I want a 3D printer,UgwCfNxcovVJ0Ft0xKt4AaABAg,,0,https://www.youtube.com/watch?v=lT3vGaOLWqE&lc=UgwCfNxcovVJ0Ft0xKt4AaABAg,5/9/2023 12:45,0,Hey I want a 3D printer,http://www.youtube.com/@RamRamAndroid
646,@absurdengineering,"Important knowledge tidbit: those alligator clip covers are quite conductive, and at high voltage they are just barely any better than touching bare metal. They also vary wildly in their conductivity between batches/manufacturers/etc.",UgwMNjpPU7W2ueU3oXx4AaABAg,,0,https://www.youtube.com/watch?v=lT3vGaOLWqE&lc=UgwMNjpPU7W2ueU3oXx4AaABAg,5/9/2023 11:17,0,"Important knowledge tidbit: those alligator clip covers are quite conductive, and at high voltage they are just barely any better than touching bare metal. They also vary wildly in their conductivity between batches/manufacturers/etc.",http://www.youtube.com/@absurdengineering
647,@thelunaticco9320,8:03 Those shaking hands... Fucking hell man.,UgzPAQSU0dhGovAamRh4AaABAg,,0,https://www.youtube.com/watch?v=lT3vGaOLWqE&lc=UgzPAQSU0dhGovAamRh4AaABAg,5/9/2023 9:35,0,8:03 Those shaking hands... Fucking hell man.,http://www.youtube.com/@thelunaticco9320
648,@firstdayofmylife,Why are you still alive ???,UgyHemECF5EV9TefVjh4AaABAg,,0,https://www.youtube.com/watch?v=lT3vGaOLWqE&lc=UgyHemECF5EV9TefVjh4AaABAg,5/9/2023 7:24,1,Why are you still alive ???,http://www.youtube.com/@firstdayofmylife
649,@Pelican_t,Why are you asking?,UgyHemECF5EV9TefVjh4AaABAg.9pUpIOJCGjc9pzKGSF2DRM,@firstdayofmylife,0,https://www.youtube.com/watch?v=lT3vGaOLWqE&lc=UgyHemECF5EV9TefVjh4AaABAg.9pUpIOJCGjc9pzKGSF2DRM,5/21/2023 13:00,0,Why are you asking?,http://www.youtube.com/@Pelican_t
650,@yhangmincang642,Ïù¥ Ï??Ï†?Ï?®Î?? Ïß?Ïß? Ï?? Ï£ΩÎ?§ Ïß?Ïß? Í∏?Î∞© Ï£ΩÏù? Í≤? Í∞?Ïù?Îç∞,UgzZ5k0hfamC5KLTl8p4AaABAg,,0,https://www.youtube.com/watch?v=lT3vGaOLWqE&lc=UgzZ5k0hfamC5KLTl8p4AaABAg,5/8/2023 6:09,0,Ïù¥ Ï??Ï†?Ï?®Î?? Ïß?Ïß? Ï?? Ï£ΩÎ?§ Ïß?Ïß? Í∏?Î∞© Ï£ΩÏù? Í≤? Í∞?Ïù?Îç∞,http://www.youtube.com/@yhangmincang642
651,@Retrograde99,The day He almost died,Ugy3eNaeClJjH62b31V4AaABAg,,0,https://www.youtube.com/watch?v=lT3vGaOLWqE&lc=Ugy3eNaeClJjH62b31V4AaABAg,5/8/2023 4:06,0,The day He almost died,http://www.youtube.com/@Retrograde99
652,@180ran8,it\'s amazing you are still alive. please keep alive.,UgwhNKrUOjP1bsprLwp4AaABAg,,0,https://www.youtube.com/watch?v=lT3vGaOLWqE&lc=UgwhNKrUOjP1bsprLwp4AaABAg,5/7/2023 10:07,0,it\'s amazing you are still alive. please keep alive.,http://www.youtube.com/@180ran8
653,@stalelemonproduction,"it\'s called a jacobs ladder because if you touch it, one way or another, you\'ll be seeing the afterlife",UgyqdxVgYHqYRUfCPAF4AaABAg,,0,https://www.youtube.com/watch?v=lT3vGaOLWqE&lc=UgyqdxVgYHqYRUfCPAF4AaABAg,5/7/2023 10:03,0,"it\'s called a jacobs ladder because if you touch it, one way or another, you\'ll be seeing the afterlife",http://www.youtube.com/@stalelemonproduction
654,@Minipolice,?????????,Ugw3kXhFbAAG9Sa7LnV4AaABAg,,0,https://www.youtube.com/watch?v=lT3vGaOLWqE&lc=Ugw3kXhFbAAG9Sa7LnV4AaABAg,5/6/2023 13:03,0,?????????,http://www.youtube.com/@Minipolice
655,@matthewlake9872,"I love his lack of PPE, it makes everything more exciting. I haven‚??t laughed so hard in a long time.",UgwpuN2nZj4336rz6a94AaABAg,,0,https://www.youtube.com/watch?v=lT3vGaOLWqE&lc=UgwpuN2nZj4336rz6a94AaABAg,5/6/2023 11:34,0,"I love his lack of PPE, it makes everything more exciting. I haven‚??t laughed so hard in a long time.",http://www.youtube.com/@matthewlake9872
656,@favtime7540,How he is alive after this 7:57,UgxHMi9j-GbBN_ljtDZ4AaABAg,,0,https://www.youtube.com/watch?v=lT3vGaOLWqE&lc=UgxHMi9j-GbBN_ljtDZ4AaABAg,5/6/2023 3:41,0,How he is alive after this 7:57,http://www.youtube.com/@favtime7540
657,@chronobot2001,Why is it that seeing you in pain is so satisfying? I\'m sure you will have a very entertaining obituary notice and you will receive your Darwin award posthumously. Technically all Darwin awards are received posthumously.,UgxMl79VEuWv2PESIRh4AaABAg,,0,https://www.youtube.com/watch?v=lT3vGaOLWqE&lc=UgxMl79VEuWv2PESIRh4AaABAg,5/4/2023 20:25,0,Why is it that seeing you in pain is so satisfying? I\'m sure you will have a very entertaining obituary notice and you will receive your Darwin award posthumously. Technically all Darwin awards are received posthumously.,http://www.youtube.com/@chronobot2001
658,@mehrabmousavi4830,Youe were deuoe fole,UgzhTgd4STDJtFjt42R4AaABAg,,0,https://www.youtube.com/watch?v=lT3vGaOLWqE&lc=UgzhTgd4STDJtFjt42R4AaABAg,5/4/2023 18:50,0,Youe were deuoe fole,http://www.youtube.com/@mehrabmousavi4830
659,@unknown-pk5ez,damn i missed this .before its so entertaining to watch bamn suprised,UgzPk7QdxrQY0eQZdpl4AaABAg,,0,https://www.youtube.com/watch?v=lT3vGaOLWqE&lc=UgzPk7QdxrQY0eQZdpl4AaABAg,5/4/2023 8:42,0,damn i missed this .before its so entertaining to watch bamn suprised,http://www.youtube.com/@unknown-pk5ez
660,@vinetwister9048,abcdefghijklmnopqrstuvwxyz your amazing,UgxQ60KY5YouXjsMLyR4AaABAg,,0,https://www.youtube.com/watch?v=lT3vGaOLWqE&lc=UgxQ60KY5YouXjsMLyR4AaABAg,5/3/2023 6:48,0,abcdefghijklmnopqrstuvwxyz your amazing,http://www.youtube.com/@vinetwister9048
661,@pepepriest5973,How he is still alive is a total mistery,UgxwLHv0QBQ7VlQ09uR4AaABAg,,0,https://www.youtube.com/watch?v=lT3vGaOLWqE&lc=UgxwLHv0QBQ7VlQ09uR4AaABAg,5/2/2023 22:36,0,How he is still alive is a total mistery,http://www.youtube.com/@pepepriest5973
662,@hanks-dances-stuff,3:01 *nEiGhBoUr ReNoVaTiNg*,UgySOuRfTSmlWTppOfR4AaABAg,,0,https://www.youtube.com/watch?v=lT3vGaOLWqE&lc=UgySOuRfTSmlWTppOfR4AaABAg,5/2/2023 18:19,0,3:01 *nEiGhBoUr ReNoVaTiNg*,http://www.youtube.com/@hanks-dances-stuff
663,@SilverScarletSpider,please be safe,UgzH2immX-gIB9TO8Pl4AaABAg,,0,https://www.youtube.com/watch?v=lT3vGaOLWqE&lc=UgzH2immX-gIB9TO8Pl4AaABAg,5/2/2023 14:06,0,please be safe,http://www.youtube.com/@SilverScarletSpider
664,@user-lk3hm7uw8k,holaa can i use your video in school??? please please please please please please please please please please please please please please please please6,UgxO-tn_8McZnrd1Fvd4AaABAg,,0,https://www.youtube.com/watch?v=lT3vGaOLWqE&lc=UgxO-tn_8McZnrd1Fvd4AaABAg,5/2/2023 4:06,0,holaa can i use your video in school??? please please please please please please please please please please please please please please please please6,http://www.youtube.com/@user-lk3hm7uw8k
665,@antxnioo,"If this guy tells you to be careful around this, you know it\'s serious ???",UgxXNITD4l-mJQTGLyV4AaABAg,,4,https://www.youtube.com/watch?v=lT3vGaOLWqE&lc=UgxXNITD4l-mJQTGLyV4AaABAg,5/1/2023 8:23,0,"If this guy tells you to be careful around this, you know it\'s serious ???",http://www.youtube.com/@antxnioo
666,@Breakvan.,he has gained resistance to the shock,Ugzbol1Kcyu15y2DJRV4AaABAg,,0,https://www.youtube.com/watch?v=lT3vGaOLWqE&lc=Ugzbol1Kcyu15y2DJRV4AaABAg,5/1/2023 7:09,0,he has gained resistance to the shock,http://www.youtube.com/@Breakvan.
667,@trinayankonwar,I am not subscribing him just to save his life,UgzJwQEX_GI9qJtZIiF4AaABAg,,0,https://www.youtube.com/watch?v=lT3vGaOLWqE&lc=UgzJwQEX_GI9qJtZIiF4AaABAg,4/30/2023 8:31,0,I am not subscribing him just to save his life,http://www.youtube.com/@trinayankonwar
668,@syedayubali4440,I will lol for my 3d printer,Ugz2DJbG_hZdKMBw9NB4AaABAg,,0,https://www.youtube.com/watch?v=lT3vGaOLWqE&lc=Ugz2DJbG_hZdKMBw9NB4AaABAg,4/30/2023 4:38,0,I will lol for my 3d printer,http://www.youtube.com/@syedayubali4440
669,@robertchapman2174,"Aight, who didn\'t make the English captions?!? I\'m going to [REDACTED].",UgzAArdABxNPs58lwiJ4AaABAg,,0,https://www.youtube.com/watch?v=lT3vGaOLWqE&lc=UgzAArdABxNPs58lwiJ4AaABAg,4/29/2023 16:43,0,"Aight, who didn\'t make the English captions?!? I\'m going to [REDACTED].",http://www.youtube.com/@robertchapman2174
670,@stevofoo,"Just don\'t burn the house down, master!!!",UgystI5KaiXcM9gic6t4AaABAg,,0,https://www.youtube.com/watch?v=lT3vGaOLWqE&lc=UgystI5KaiXcM9gic6t4AaABAg,4/29/2023 9:48,0,"Just don\'t burn the house down, master!!!",http://www.youtube.com/@stevofoo
671,@tomchompoo338,Buffalo?????????,UgwcaH433X0-FOO_lpp4AaABAg,,0,https://www.youtube.com/watch?v=lT3vGaOLWqE&lc=UgwcaH433X0-FOO_lpp4AaABAg,4/28/2023 23:22,0,Buffalo?????????,http://www.youtube.com/@tomchompoo338
672,@Idkwhattochangeit2,How is nobody talking about how he said ‚??i only sustained some 3rd degree burns ‚??,UgxsTwTmYtcc_eXxJAd4AaABAg,,0,https://www.youtube.com/watch?v=lT3vGaOLWqE&lc=UgxsTwTmYtcc_eXxJAd4AaABAg,4/27/2023 18:05,0,How is nobody talking about how he said ‚??i only sustained some 3rd degree burns ‚??,http://www.youtube.com/@Idkwhattochangeit2
673,@ChickenPermissionOG,Why did you even reach for it instead of moving.,UgxcFCWx8I8AQfWosPx4AaABAg,,0,https://www.youtube.com/watch?v=lT3vGaOLWqE&lc=UgxcFCWx8I8AQfWosPx4AaABAg,4/27/2023 5:48,0,Why did you even reach for it instead of moving.,http://www.youtube.com/@ChickenPermissionOG
674,@ryderhanson913,I fell bad for electro booms neighbors always hearing loud bangs,UgzNmbyoCuHpGoZMC3d4AaABAg,,0,https://www.youtube.com/watch?v=lT3vGaOLWqE&lc=UgzNmbyoCuHpGoZMC3d4AaABAg,4/26/2023 17:59,0,I fell bad for electro booms neighbors always hearing loud bangs,http://www.youtube.com/@ryderhanson913
675,@MrNerfBotPlayer,3:18 hehe??????,Ugxj4Mp5WRvh-AXOr314AaABAg,,0,https://www.youtube.com/watch?v=lT3vGaOLWqE&lc=Ugxj4Mp5WRvh-AXOr314AaABAg,4/26/2023 1:07,0,3:18 hehe??????,http://www.youtube.com/@MrNerfBotPlayer
676,@MrNerfBotPlayer,8:00 lol,UgzahKiZGoRIUeUv3A14AaABAg,,0,https://www.youtube.com/watch?v=lT3vGaOLWqE&lc=UgzahKiZGoRIUeUv3A14AaABAg,4/26/2023 1:05,0,8:00 lol,http://www.youtube.com/@MrNerfBotPlayer
677,@idkwhattoputhere678,congrats on 5 mil,UgzC2XUxmvonudj5EvJ4AaABAg,,0,https://www.youtube.com/watch?v=lT3vGaOLWqE&lc=UgzC2XUxmvonudj5EvJ4AaABAg,4/25/2023 20:07,0,congrats on 5 mil,http://www.youtube.com/@idkwhattoputhere678
678,@JackYeagerA1,You just made me subscribe,UgzuSZv5aH0GPizvbap4AaABAg,,0,https://www.youtube.com/watch?v=lT3vGaOLWqE&lc=UgzuSZv5aH0GPizvbap4AaABAg,4/24/2023 4:53,0,You just made me subscribe,http://www.youtube.com/@JackYeagerA1
679,@ruanvictor6500,5:23,UgybvAbo3WpTZ2L_vdl4AaABAg,,1,https://www.youtube.com/watch?v=lT3vGaOLWqE&lc=UgybvAbo3WpTZ2L_vdl4AaABAg,4/23/2023 18:01,0,5:23,http://www.youtube.com/@ruanvictor6500
680,@Im_Sujal,Bro is mad....,Ugw3n7ZORtjgg2q-Ik54AaABAg,,0,https://www.youtube.com/watch?v=lT3vGaOLWqE&lc=Ugw3n7ZORtjgg2q-Ik54AaABAg,4/23/2023 4:26,0,Bro is mad....,http://www.youtube.com/@Im_Sujal
681,@Bozothcow,Joking around shocking himself is funny enough but you can tell he was pretty freaked out by this one... rightly so.,UgwnFJASZieQHHGalK14AaABAg,,0,https://www.youtube.com/watch?v=lT3vGaOLWqE&lc=UgwnFJASZieQHHGalK14AaABAg,4/22/2023 21:20,0,Joking around shocking himself is funny enough but you can tell he was pretty freaked out by this one... rightly so.,http://www.youtube.com/@Bozothcow
682,@JoeKamali_Gaming,ÿ®Ÿ? ÿπŸ?Ÿ?ÿßŸ? €?Ÿ? ÿß€?ÿ±ÿßŸ?€? ÿ®Ÿ?ÿ™ ÿßŸÅÿ™ÿÆÿßÿ± Ÿ?€?⁄©Ÿ?Ÿ? :) ???,UgyZtD4We-aN2ciQxml4AaABAg,,0,https://www.youtube.com/watch?v=lT3vGaOLWqE&lc=UgyZtD4We-aN2ciQxml4AaABAg,4/22/2023 3:43,0,ÿ®Ÿ? ÿπŸ?Ÿ?ÿßŸ? €?Ÿ? ÿß€?ÿ±ÿßŸ?€? ÿ®Ÿ?ÿ™ ÿßŸÅÿ™ÿÆÿßÿ± Ÿ?€?⁄©Ÿ?Ÿ? :) ???,http://www.youtube.com/@JoeKamali_Gaming
683,@daraparsi,"Please perform the experiment of burning salt water by 13.56MHZ radio waves, this energy will separate O2 from hydrogen and it can burn in presence of spark as long as wave is being produced. In experiment please discuss how many watts/ milliwatts of radio wave energy can keep this going and what are things can help increase its efficiency. Thanks.",Ugw9en5FyMDIrL0Dhsl4AaABAg,,0,https://www.youtube.com/watch?v=lT3vGaOLWqE&lc=Ugw9en5FyMDIrL0Dhsl4AaABAg,4/21/2023 20:24,0,"Please perform the experiment of burning salt water by 13.56MHZ radio waves, this energy will separate O2 from hydrogen and it can burn in presence of spark as long as wave is being produced. In experiment please discuss how many watts/ milliwatts of radio wave energy can keep this going and what are things can help increase its efficiency. Thanks.",http://www.youtube.com/@daraparsi
684,@samwilliams5758,The fact you should be dead at least 50 times now makes me loose trust in the world of electrics and why they fail (at the best time),Ugz8uhPpdPWJWWJKPG14AaABAg,,0,https://www.youtube.com/watch?v=lT3vGaOLWqE&lc=Ugz8uhPpdPWJWWJKPG14AaABAg,4/21/2023 9:22,0,The fact you should be dead at least 50 times now makes me loose trust in the world of electrics and why they fail (at the best time),http://www.youtube.com/@samwilliams5758
685,@AgentXPQ,"I just met this guy at a conference. I had seen some of his videos before, but I didn\'t recognize him until I saw him getting shocked by a backpack Tesla coil.",Ugxf-IoG69tS6dkOViB4AaABAg,,0,https://www.youtube.com/watch?v=lT3vGaOLWqE&lc=Ugxf-IoG69tS6dkOViB4AaABAg,4/20/2023 20:10,0,"I just met this guy at a conference. I had seen some of his videos before, but I didn\'t recognize him until I saw him getting shocked by a backpack Tesla coil.",http://www.youtube.com/@AgentXPQ
686,@helenmaedelgado1972,haha your vedio is funny plaese dont be an engry that bad to your self,UgzD4VyFxcGyjDp0yR14AaABAg,,0,https://www.youtube.com/watch?v=lT3vGaOLWqE&lc=UgzD4VyFxcGyjDp0yR14AaABAg,4/20/2023 9:05,0,haha your vedio is funny plaese dont be an engry that bad to your self,http://www.youtube.com/@helenmaedelgado1972
687,@helenmaedelgado1972,its better and it is nace but be careful kungrnts tulion,UgyDV6MZzr7r6luVUzN4AaABAg,,0,https://www.youtube.com/watch?v=lT3vGaOLWqE&lc=UgyDV6MZzr7r6luVUzN4AaABAg,4/20/2023 9:02,0,its better and it is nace but be careful kungrnts tulion,http://www.youtube.com/@helenmaedelgado1972
688,@brickmation3193,8:00,UgzHFyCrj6C2ix_n5Y14AaABAg,,0,https://www.youtube.com/watch?v=lT3vGaOLWqE&lc=UgzHFyCrj6C2ix_n5Y14AaABAg,4/18/2023 23:04,0,8:00,http://www.youtube.com/@brickmation3193
689,@PEACHOFISLAMWAZ,???,UgxNLv27tJohpeaRo8d4AaABAg,,0,https://www.youtube.com/watch?v=lT3vGaOLWqE&lc=UgxNLv27tJohpeaRo8d4AaABAg,4/18/2023 20:58,0,???,http://www.youtube.com/@PEACHOFISLAMWAZ
690,@minikaruko8027,I can\'t stop laughing I am sorry ?????????????????????,Ugxvj13Hq96iWnxV_Ld4AaABAg,,0,https://www.youtube.com/watch?v=lT3vGaOLWqE&lc=Ugxvj13Hq96iWnxV_Ld4AaABAg,4/18/2023 14:08,0,I can\'t stop laughing I am sorry ?????????????????????,http://www.youtube.com/@minikaruko8027
691,@reallyhappyrockpebble7720,This man is invincible,UgyVuXpoei15d2tOWmN4AaABAg,,0,https://www.youtube.com/watch?v=lT3vGaOLWqE&lc=UgyVuXpoei15d2tOWmN4AaABAg,4/18/2023 12:18,0,This man is invincible,http://www.youtube.com/@reallyhappyrockpebble7720
692,@francisdaveramos9294,how are you still alive?,Ugzmb8ZNKGmo15F5m414AaABAg,,0,https://www.youtube.com/watch?v=lT3vGaOLWqE&lc=Ugzmb8ZNKGmo15F5m414AaABAg,4/18/2023 12:00,0,how are you still alive?,http://www.youtube.com/@francisdaveramos9294
693,@tonymccann1978,Get some eye protection bro. Set a good example whilst you\'re setting a bad one.,Ugz3N5jrRLjXx85_yn94AaABAg,,0,https://www.youtube.com/watch?v=lT3vGaOLWqE&lc=Ugz3N5jrRLjXx85_yn94AaABAg,4/18/2023 6:48,0,Get some eye protection bro. Set a good example whilst you\'re setting a bad one.,http://www.youtube.com/@tonymccann1978
694,@gabroll14gd,how to kill your self in 2 simple steps¬°¬°,UgzLLn0p7Gq7iiceZl94AaABAg,,0,https://www.youtube.com/watch?v=lT3vGaOLWqE&lc=UgzLLn0p7Gq7iiceZl94AaABAg,4/17/2023 23:31,0,how to kill your self in 2 simple steps¬°¬°,http://www.youtube.com/@gabroll14gd
695,@djnemesix452,1:43 bro having fun with 2000 volts xDD,Ugxy3M7oG8PIdEyXKMd4AaABAg,,0,https://www.youtube.com/watch?v=lT3vGaOLWqE&lc=Ugxy3M7oG8PIdEyXKMd4AaABAg,4/17/2023 20:42,0,1:43 bro having fun with 2000 volts xDD,http://www.youtube.com/@djnemesix452
696,@gearlooze,???‚ù§,UgzzPN2x6MeShjSvhzl4AaABAg,,0,https://www.youtube.com/watch?v=lT3vGaOLWqE&lc=UgzzPN2x6MeShjSvhzl4AaABAg,4/17/2023 2:52,0,???‚ù§,http://www.youtube.com/@gearlooze
697,@jakemartin2274,1:45 OW!,UgydkR59Rw55pvzfZnl4AaABAg,,0,https://www.youtube.com/watch?v=lT3vGaOLWqE&lc=UgydkR59Rw55pvzfZnl4AaABAg,4/17/2023 0:42,0,1:45 OW!,http://www.youtube.com/@jakemartin2274
698,@Reem_10110,GO OUTSIDE TO USE THE SPARKERLERS NEXT TIME (or else your house will burn down),Ugy1DDklmyF1EVp_OBZ4AaABAg,,0,https://www.youtube.com/watch?v=lT3vGaOLWqE&lc=Ugy1DDklmyF1EVp_OBZ4AaABAg,4/16/2023 10:08,0,GO OUTSIDE TO USE THE SPARKERLERS NEXT TIME (or else your house will burn down),http://www.youtube.com/@Reem_10110
699,@Moocowthegreat,I just did it at home???,UgwlRLUb6nrZV89MGg54AaABAg,,0,https://www.youtube.com/watch?v=lT3vGaOLWqE&lc=UgwlRLUb6nrZV89MGg54AaABAg,4/13/2023 21:46,0,I just did it at home???,http://www.youtube.com/@Moocowthegreat
700,@PeteVanDemark,Incredibly dangerous!,UgwIpS3vmKwNcq0KnWd4AaABAg,,0,https://www.youtube.com/watch?v=lT3vGaOLWqE&lc=UgwIpS3vmKwNcq0KnWd4AaABAg,4/13/2023 13:54,0,Incredibly dangerous!,http://www.youtube.com/@PeteVanDemark
701,@mobiletechnologystar,you make me laugh in this video this experiment i was doing a long time ago but not in this very dangerous way but hey you are cool. you did it so no one ever tries to do it ever :) ?????????,UgzSF9UJkLOPgK0UD7p4AaABAg,,0,https://www.youtube.com/watch?v=lT3vGaOLWqE&lc=UgzSF9UJkLOPgK0UD7p4AaABAg,4/13/2023 10:13,0,you make me laugh in this video this experiment i was doing a long time ago but not in this very dangerous way but hey you are cool. you did it so no one ever tries to do it ever :) ?????????,http://www.youtube.com/@mobiletechnologystar
702,@trailertrashed6390,yesssss,Ugw5pRKvzQeMHrX6uSZ4AaABAg,,0,https://www.youtube.com/watch?v=lT3vGaOLWqE&lc=Ugw5pRKvzQeMHrX6uSZ4AaABAg,4/11/2023 21:58,0,yesssss,http://www.youtube.com/@trailertrashed6390
703,@lemanurberk2481,7:43,Ugwv2BmLVU1w8-wHs2F4AaABAg,,0,https://www.youtube.com/watch?v=lT3vGaOLWqE&lc=Ugwv2BmLVU1w8-wHs2F4AaABAg,4/11/2023 9:02,0,7:43,http://www.youtube.com/@lemanurberk2481
704,@lemanurberk2481,3:28,UgzSW8CcD5SZtIlqMAd4AaABAg,,0,https://www.youtube.com/watch?v=lT3vGaOLWqE&lc=UgzSW8CcD5SZtIlqMAd4AaABAg,4/11/2023 9:00,0,3:28,http://www.youtube.com/@lemanurberk2481
705,@lemanurberk2481,5:23,UgwrK5-LQDkyO4Kcb6V4AaABAg,,0,https://www.youtube.com/watch?v=lT3vGaOLWqE&lc=UgwrK5-LQDkyO4Kcb6V4AaABAg,4/11/2023 8:57,2,5:23,http://www.youtube.com/@lemanurberk2481
706,@lemanurberk2481,6:03,UgwrK5-LQDkyO4Kcb6V4AaABAg.9oMtizqlKFY9oMto8YuCQv,@lemanurberk2481,0,https://www.youtube.com/watch?v=lT3vGaOLWqE&lc=UgwrK5-LQDkyO4Kcb6V4AaABAg.9oMtizqlKFY9oMto8YuCQv,4/11/2023 8:58,0,6:03,http://www.youtube.com/@lemanurberk2481
707,@lemanurberk2481,6:26,UgwrK5-LQDkyO4Kcb6V4AaABAg.9oMtizqlKFY9oMtqkWT0rV,@lemanurberk2481,0,https://www.youtube.com/watch?v=lT3vGaOLWqE&lc=UgwrK5-LQDkyO4Kcb6V4AaABAg.9oMtizqlKFY9oMtqkWT0rV,4/11/2023 8:59,0,6:26,http://www.youtube.com/@lemanurberk2481
708,@lemanurberk2481,5:08,UgzVcf4SEB02GwPN8494AaABAg,,0,https://www.youtube.com/watch?v=lT3vGaOLWqE&lc=UgzVcf4SEB02GwPN8494AaABAg,4/11/2023 8:57,0,5:08,http://www.youtube.com/@lemanurberk2481
709,@lemanurberk2481,3:16,UgyGHqwyqpyQaGAr1SJ4AaABAg,,0,https://www.youtube.com/watch?v=lT3vGaOLWqE&lc=UgyGHqwyqpyQaGAr1SJ4AaABAg,4/11/2023 8:56,0,3:16,http://www.youtube.com/@lemanurberk2481
710,@lemanurberk2481,1:36,UgwXuz4t9Qxv-zTb4o94AaABAg,,0,https://www.youtube.com/watch?v=lT3vGaOLWqE&lc=UgwXuz4t9Qxv-zTb4o94AaABAg,4/11/2023 8:55,0,1:36,http://www.youtube.com/@lemanurberk2481
711,@lemanurberk2481,7:54,UgyuBTx3QnbBtL7uknJ4AaABAg,,0,https://www.youtube.com/watch?v=lT3vGaOLWqE&lc=UgyuBTx3QnbBtL7uknJ4AaABAg,4/11/2023 8:54,0,7:54,http://www.youtube.com/@lemanurberk2481
712,@highgroundhg-cup6650,yes,UgwRFHUIIZQOJa2s83N4AaABAg,,0,https://www.youtube.com/watch?v=lT3vGaOLWqE&lc=UgwRFHUIIZQOJa2s83N4AaABAg,4/11/2023 1:10,0,yes,http://www.youtube.com/@highgroundhg-cup6650
713,@edthompson9569,Glad you‚??re OK.,UgwVyI20RJ9DcfcnNXl4AaABAg,,0,https://www.youtube.com/watch?v=lT3vGaOLWqE&lc=UgwVyI20RJ9DcfcnNXl4AaABAg,4/10/2023 21:03,0,Glad you‚??re OK.,http://www.youtube.com/@edthompson9569
714,@penfold7800,"Didn\'t you realise that lighting a match (or any kind of wood) also creates a cloud of tiny carbon particles that CONDUCT Electricity, then when the carbon is obliterated it creates an ionic plasma flow for the electricity. Cool effect if that\'s what you were going for.",UgzBieu4pC6Qd_pugAB4AaABAg,,0,https://www.youtube.com/watch?v=lT3vGaOLWqE&lc=UgzBieu4pC6Qd_pugAB4AaABAg,4/10/2023 19:07,0,"Didn\'t you realise that lighting a match (or any kind of wood) also creates a cloud of tiny carbon particles that CONDUCT Electricity, then when the carbon is obliterated it creates an ionic plasma flow for the electricity. Cool effect if that\'s what you were going for.",http://www.youtube.com/@penfold7800
715,@steveoTHEGREAT,Live leak lol,UgxqpyecKqmj5GgJzaJ4AaABAg,,0,https://www.youtube.com/watch?v=lT3vGaOLWqE&lc=UgxqpyecKqmj5GgJzaJ4AaABAg,4/10/2023 18:43,0,Live leak lol,http://www.youtube.com/@steveoTHEGREAT
716,@TechMaxPCTech,Electric Saftey "Am I a joke to you?" Mehdi " Yes" ??????,Ugy0BT-kuusb9d_jnCB4AaABAg,,0,https://www.youtube.com/watch?v=lT3vGaOLWqE&lc=Ugy0BT-kuusb9d_jnCB4AaABAg,4/10/2023 17:29,0,Electric Saftey "Am I a joke to you?" Mehdi " Yes" ??????,http://www.youtube.com/@TechMaxPCTech
717,@kulto1986,08:00 hahaha !,Ugz9MIp8dCCWkP43nLF4AaABAg,,0,https://www.youtube.com/watch?v=lT3vGaOLWqE&lc=Ugz9MIp8dCCWkP43nLF4AaABAg,4/9/2023 1:39,0,08:00 hahaha !,http://www.youtube.com/@kulto1986
718,@specialtv9672,How many lives do you have?,UgyrpcfcyZSs1oLgLb54AaABAg,,0,https://www.youtube.com/watch?v=lT3vGaOLWqE&lc=UgyrpcfcyZSs1oLgLb54AaABAg,4/8/2023 21:09,1,How many lives do you have?,http://www.youtube.com/@specialtv9672
719,@Pelican_t,Over 9000,UgyrpcfcyZSs1oLgLb54AaABAg.9oGU11CorTa9pzKTCTeDWT,@specialtv9672,0,https://www.youtube.com/watch?v=lT3vGaOLWqE&lc=UgyrpcfcyZSs1oLgLb54AaABAg.9oGU11CorTa9pzKTCTeDWT,5/21/2023 13:02,0,Over 9000,http://www.youtube.com/@Pelican_t
720,@arunrhegde3486,Bro has more plot armour than luffy???,UgxUfZT_IwUiEJFqZZp4AaABAg,,2,https://www.youtube.com/watch?v=lT3vGaOLWqE&lc=UgxUfZT_IwUiEJFqZZp4AaABAg,4/8/2023 13:47,0,Bro has more plot armour than luffy???,http://www.youtube.com/@arunrhegde3486
721,@B_COOPER,Me: Hey man do you have a lighter? ElectroBOOM: *electroburns the shit out of us*,UgxTwMFnjMwa4MtQD754AaABAg,,0,https://www.youtube.com/watch?v=lT3vGaOLWqE&lc=UgxTwMFnjMwa4MtQD754AaABAg,4/7/2023 4:01,0,Me: Hey man do you have a lighter? ElectroBOOM: *electroburns the shit out of us*,http://www.youtube.com/@B_COOPER
722,@blakjacdafyeboy6228,That thing flew made me laugh ???,UgywG1CvUL3WOmUUPix4AaABAg,,0,https://www.youtube.com/watch?v=lT3vGaOLWqE&lc=UgywG1CvUL3WOmUUPix4AaABAg,4/5/2023 22:16,0,That thing flew made me laugh ???,http://www.youtube.com/@blakjacdafyeboy6228
723,@DeepakSingh-wv5ii,still educative and funny,Ugz_WLnBg1h8WXhyY8d4AaABAg,,0,https://www.youtube.com/watch?v=lT3vGaOLWqE&lc=Ugz_WLnBg1h8WXhyY8d4AaABAg,4/5/2023 13:19,0,still educative and funny,http://www.youtube.com/@DeepakSingh-wv5ii
724,@CoralSnodgrass-lc2jj,I can‚??t stop dying laughing,UgxY_6bWbalcJOY6BMN4AaABAg,,0,https://www.youtube.com/watch?v=lT3vGaOLWqE&lc=UgxY_6bWbalcJOY6BMN4AaABAg,4/5/2023 2:22,0,I can‚??t stop dying laughing,http://www.youtube.com/@CoralSnodgrass-lc2jj
725,@JohnThomas-lq5qp,If this creative guy has a family hopes he had a lot of disability  life insurance.,Ugz9aX8yAxrX56_LaRx4AaABAg,,0,https://www.youtube.com/watch?v=lT3vGaOLWqE&lc=Ugz9aX8yAxrX56_LaRx4AaABAg,4/2/2023 20:13,0,If this creative guy has a family hopes he had a lot of disability  life insurance.,http://www.youtube.com/@JohnThomas-lq5qp
726,@JohnThomas-lq5qp,"Always wanted to make a big one to go along with all of my Halloween stuff like a coffin that opens up, moving rats, skull that top of head pops open, tomb stones that shake, etc.",UgwRtC3TfsQP7upu2SV4AaABAg,,0,https://www.youtube.com/watch?v=lT3vGaOLWqE&lc=UgwRtC3TfsQP7upu2SV4AaABAg,4/2/2023 20:12,0,"Always wanted to make a big one to go along with all of my Halloween stuff like a coffin that opens up, moving rats, skull that top of head pops open, tomb stones that shake, etc.",http://www.youtube.com/@JohnThomas-lq5qp
727,@danek_hren,10:13 turn on auto generated subtitles ?????????,UgyHYs2hHKVluLSyCW94AaABAg,,1,https://www.youtube.com/watch?v=lT3vGaOLWqE&lc=UgyHYs2hHKVluLSyCW94AaABAg,4/2/2023 9:59,0,10:13 turn on auto generated subtitles ?????????,http://www.youtube.com/@danek_hren
728,@mohamadrashedi6451,7:58?§£?§£,UgwvkcnYzzekVGzX_YV4AaABAg,,0,https://www.youtube.com/watch?v=lT3vGaOLWqE&lc=UgwvkcnYzzekVGzX_YV4AaABAg,4/1/2023 15:01,0,7:58?§£?§£,http://www.youtube.com/@mohamadrashedi6451
729,@juliangerdshikov8075,The Best!!!!,UgxqGQF4UM11HoY8jNR4AaABAg,,0,https://www.youtube.com/watch?v=lT3vGaOLWqE&lc=UgxqGQF4UM11HoY8jNR4AaABAg,3/31/2023 5:19,0,The Best!!!!,http://www.youtube.com/@juliangerdshikov8075
730,@JonathanDaniel-bk7ue,get Him some gloves people,UgyuUGTvaX5lFSKdhG54AaABAg,,0,https://www.youtube.com/watch?v=lT3vGaOLWqE&lc=UgyuUGTvaX5lFSKdhG54AaABAg,3/30/2023 14:31,0,get Him some gloves people,http://www.youtube.com/@JonathanDaniel-bk7ue
731,@jorgerangel2390,This video gives me an intense distress all the way,Ugz9Lfy7bTWyD9YPxvZ4AaABAg,,0,https://www.youtube.com/watch?v=lT3vGaOLWqE&lc=Ugz9Lfy7bTWyD9YPxvZ4AaABAg,3/29/2023 23:05,0,This video gives me an intense distress all the way,http://www.youtube.com/@jorgerangel2390
732,@axelammenti6114,Axelammmenti,UgxA1agYJG1HqORgXVZ4AaABAg,,1,https://www.youtube.com/watch?v=lT3vGaOLWqE&lc=UgxA1agYJG1HqORgXVZ4AaABAg,3/29/2023 13:38,0,Axelammmenti,http://www.youtube.com/@axelammenti6114
733,@szarosszeker69,Poor guy just wanted to celebrate,UgyYKXbpMb9T3iDjm2V4AaABAg,,0,https://www.youtube.com/watch?v=lT3vGaOLWqE&lc=UgyYKXbpMb9T3iDjm2V4AaABAg,3/27/2023 17:49,0,Poor guy just wanted to celebrate,http://www.youtube.com/@szarosszeker69
734,@twitchmain95,I got so scared when it fell ??Æ,UgzbTj22ptlcxfUlhbd4AaABAg,,0,https://www.youtube.com/watch?v=lT3vGaOLWqE&lc=UgzbTj22ptlcxfUlhbd4AaABAg,3/26/2023 23:15,0,I got so scared when it fell ??Æ,http://www.youtube.com/@twitchmain95
735,@mahdis7938,ÿ®ÿßÿ≠ÿßŸ? ÿ®Ÿ?ÿØ,Ugwh1Wx3s1VQG0p30M94AaABAg,,0,https://www.youtube.com/watch?v=lT3vGaOLWqE&lc=Ugwh1Wx3s1VQG0p30M94AaABAg,3/26/2023 16:01,0,ÿ®ÿßÿ≠ÿßŸ? ÿ®Ÿ?ÿØ,http://www.youtube.com/@mahdis7938
736,@d.celestio1574,I wonder if I\'ll die before him from a heart attack watching him getting shocked or he\'ll die from the shock before me,UgzTwH46RYDUhYGcgRF4AaABAg,,0,https://www.youtube.com/watch?v=lT3vGaOLWqE&lc=UgzTwH46RYDUhYGcgRF4AaABAg,3/25/2023 13:46,0,I wonder if I\'ll die before him from a heart attack watching him getting shocked or he\'ll die from the shock before me,http://www.youtube.com/@d.celestio1574
737,@Al3xUTV,8:01 almost chocked to death watching this,UgwHMD9ZRsXkLrZMOjl4AaABAg,,0,https://www.youtube.com/watch?v=lT3vGaOLWqE&lc=UgwHMD9ZRsXkLrZMOjl4AaABAg,3/24/2023 22:00,0,8:01 almost chocked to death watching this,http://www.youtube.com/@Al3xUTV
738,@wiralle4039,7:57 ???,Ugz_mTFu56jqX_zcGuB4AaABAg,,0,https://www.youtube.com/watch?v=lT3vGaOLWqE&lc=Ugz_mTFu56jqX_zcGuB4AaABAg,3/22/2023 20:30,0,7:57 ???,http://www.youtube.com/@wiralle4039
739,@jlmotta7049,Imagina a conta de luz desse cara,UgwFhOYoMJogbXxbFkd4AaABAg,,0,https://www.youtube.com/watch?v=lT3vGaOLWqE&lc=UgwFhOYoMJogbXxbFkd4AaABAg,3/22/2023 9:21,0,Imagina a conta de luz desse cara,http://www.youtube.com/@jlmotta7049
740,@AccountRemoved101,"Literally the protagonist, your plot armor is immensely strong.",UgxIQEnnzUXuLvdd9zZ4AaABAg,,0,https://www.youtube.com/watch?v=lT3vGaOLWqE&lc=UgxIQEnnzUXuLvdd9zZ4AaABAg,3/21/2023 14:02,0,"Literally the protagonist, your plot armor is immensely strong.",http://www.youtube.com/@AccountRemoved101
741,@monodeepdutta4600,His face when he turned on the transformer ???,UgzwfK5wRUQy_HF6XQh4AaABAg,,0,https://www.youtube.com/watch?v=lT3vGaOLWqE&lc=UgzwfK5wRUQy_HF6XQh4AaABAg,3/20/2023 5:28,0,His face when he turned on the transformer ???,http://www.youtube.com/@monodeepdutta4600
742,@KendellConiff,I did something similar but not possibly deadly at a greenhouse. Out of the corner of my eye I saw something falling over so I instinctively reached to catch it. I was a big cactus. Grab and release LOL,UgzGd8I54603k6ufjwN4AaABAg,,0,https://www.youtube.com/watch?v=lT3vGaOLWqE&lc=UgzGd8I54603k6ufjwN4AaABAg,3/19/2023 5:12,0,I did something similar but not possibly deadly at a greenhouse. Out of the corner of my eye I saw something falling over so I instinctively reached to catch it. I was a big cactus. Grab and release LOL,http://www.youtube.com/@KendellConiff
743,@GrandmaStinky,Imagine this man‚??s electric bill,UgykVE67uB63sc35tt94AaABAg,,1,https://www.youtube.com/watch?v=lT3vGaOLWqE&lc=UgykVE67uB63sc35tt94AaABAg,3/17/2023 15:12,1,Imagine this man‚??s electric bill,http://www.youtube.com/@GrandmaStinky
744,@GrandmaStinky,Or his medical bill,UgykVE67uB63sc35tt94AaABAg.9nNBlBpXmc39nNC64ORkTm,@GrandmaStinky,1,https://www.youtube.com/watch?v=lT3vGaOLWqE&lc=UgykVE67uB63sc35tt94AaABAg.9nNBlBpXmc39nNC64ORkTm,3/17/2023 15:15,0,Or his medical bill,http://www.youtube.com/@GrandmaStinky
745,@litlle_elctro_engeneer,i tried to make milions of amp with a microvave transformer. but it was broken :(,UgyR-axaQICcB3c8iZ94AaABAg,,0,https://www.youtube.com/watch?v=lT3vGaOLWqE&lc=UgyR-axaQICcB3c8iZ94AaABAg,3/17/2023 1:09,0,i tried to make milions of amp with a microvave transformer. but it was broken :(,http://www.youtube.com/@litlle_elctro_engeneer
746,@pradyumn2692,I was expecting the capacitor to time travel to 1930 and land on Mike Marcum\'s face.,UgwHmWxptONWve6be_94AaABAg,,0,https://www.youtube.com/watch?v=lT3vGaOLWqE&lc=UgwHmWxptONWve6be_94AaABAg,3/16/2023 12:19,0,I was expecting the capacitor to time travel to 1930 and land on Mike Marcum\'s face.,http://www.youtube.com/@pradyumn2692
747,@amirrezasajadi1785,This is the persians strength,UgyTL7gql3scvtRc6mp4AaABAg,,0,https://www.youtube.com/watch?v=lT3vGaOLWqE&lc=UgyTL7gql3scvtRc6mp4AaABAg,3/15/2023 15:38,0,This is the persians strength,http://www.youtube.com/@amirrezasajadi1785
748,@BayEmirkiYT,You\'ve suffered much enough already... Don\'t be sad,UgzTTQ20XusJsW9SIJl4AaABAg,,1,https://www.youtube.com/watch?v=lT3vGaOLWqE&lc=UgzTTQ20XusJsW9SIJl4AaABAg,3/15/2023 13:26,0,You\'ve suffered much enough already... Don\'t be sad,http://www.youtube.com/@BayEmirkiYT
749,@CrjaseMechaEngr,"Around 8:00, I saw the thing start to LEVITATE. How is it LEVITATING!?",UgzBIcGXJh9OKS3znwB4AaABAg,,0,https://www.youtube.com/watch?v=lT3vGaOLWqE&lc=UgzBIcGXJh9OKS3znwB4AaABAg,3/15/2023 8:11,0,"Around 8:00, I saw the thing start to LEVITATE. How is it LEVITATING!?",http://www.youtube.com/@CrjaseMechaEngr
750,@skingodmc,07:59 lmaoo,Ugywqx2UE1gI832IUpB4AaABAg,,0,https://www.youtube.com/watch?v=lT3vGaOLWqE&lc=Ugywqx2UE1gI832IUpB4AaABAg,3/15/2023 4:02,0,07:59 lmaoo,http://www.youtube.com/@skingodmc
751,@matthewleslie1008,He offers himself as tribute so we all may learn. He is electrical Jesus.,UgxZtj1in4rvROopYE94AaABAg,,0,https://www.youtube.com/watch?v=lT3vGaOLWqE&lc=UgxZtj1in4rvROopYE94AaABAg,3/15/2023 0:52,0,He offers himself as tribute so we all may learn. He is electrical Jesus.,http://www.youtube.com/@matthewleslie1008
752,@J4cob_gaming,stupid is always lucky,Ugwh3j_GzgWR9c2vn0p4AaABAg,,1,https://www.youtube.com/watch?v=lT3vGaOLWqE&lc=Ugwh3j_GzgWR9c2vn0p4AaABAg,3/13/2023 17:59,0,stupid is always lucky,http://www.youtube.com/@J4cob_gaming
753,@blueythetomandjerryfan1997,Jacob Ladder with Taz and Craig McCracken Looney Tunes and Rowdyruff Boys,UgzJy-aqQyZ3HeumHv54AaABAg,,0,https://www.youtube.com/watch?v=lT3vGaOLWqE&lc=UgzJy-aqQyZ3HeumHv54AaABAg,3/13/2023 17:47,0,Jacob Ladder with Taz and Craig McCracken Looney Tunes and Rowdyruff Boys,http://www.youtube.com/@blueythetomandjerryfan1997
754,@mukesh__lahre,Take safety measures! For your family!,Ugwqh5LC2cSIw4KznqF4AaABAg,,0,https://www.youtube.com/watch?v=lT3vGaOLWqE&lc=Ugwqh5LC2cSIw4KznqF4AaABAg,3/13/2023 4:26,0,Take safety measures! For your family!,http://www.youtube.com/@mukesh__lahre
755,@matthewholzinger1042,You can make a Jacob\'s Ladder out of an old Model-T spark coil.,Ugwmn-vAVzu1f2snJ1N4AaABAg,,0,https://www.youtube.com/watch?v=lT3vGaOLWqE&lc=Ugwmn-vAVzu1f2snJ1N4AaABAg,3/12/2023 10:10,0,You can make a Jacob\'s Ladder out of an old Model-T spark coil.,http://www.youtube.com/@matthewholzinger1042
756,@temmieAckkerman,He Got 4 million more after this video ???,Ugyt0vCpXXjrjuHa4lZ4AaABAg,,0,https://www.youtube.com/watch?v=lT3vGaOLWqE&lc=Ugyt0vCpXXjrjuHa4lZ4AaABAg,3/9/2023 11:54,0,He Got 4 million more after this video ???,http://www.youtube.com/@temmieAckkerman
757,@ameliazablan,?§£?§£?§£?§£?§£?§£?§£?§£,Ugz1fjoa4GRKPddFsbx4AaABAg,,0,https://www.youtube.com/watch?v=lT3vGaOLWqE&lc=Ugz1fjoa4GRKPddFsbx4AaABAg,3/9/2023 6:06,0,?§£?§£?§£?§£?§£?§£?§£?§£,http://www.youtube.com/@ameliazablan
758,@maigyorek2286,I started dying when the sparklers fell and he grabbed them,UgxfwNrmZhbfKD2jBE54AaABAg,,1,https://www.youtube.com/watch?v=lT3vGaOLWqE&lc=UgxfwNrmZhbfKD2jBE54AaABAg,3/7/2023 17:33,0,I started dying when the sparklers fell and he grabbed them,http://www.youtube.com/@maigyorek2286
759,@saintryu4069,Every second it looks like he\'s going to touch the ladder,UgwsHDxvmKfws9wfked4AaABAg,,0,https://www.youtube.com/watch?v=lT3vGaOLWqE&lc=UgwsHDxvmKfws9wfked4AaABAg,3/7/2023 16:58,0,Every second it looks like he\'s going to touch the ladder,http://www.youtube.com/@saintryu4069
760,@marvinratchford7913,LULZ my BOT... LULZBOT (Congratulations on surviving 1 million subscribers!),UgwjU3m4EGOVQEhjQ5V4AaABAg,,0,https://www.youtube.com/watch?v=lT3vGaOLWqE&lc=UgwjU3m4EGOVQEhjQ5V4AaABAg,3/6/2023 21:02,0,LULZ my BOT... LULZBOT (Congratulations on surviving 1 million subscribers!),http://www.youtube.com/@marvinratchford7913
761,@copycatlyn,@electroboom Lolz I need a 3d printer,UgwwgZhg67vQLDcg8Vp4AaABAg,,0,https://www.youtube.com/watch?v=lT3vGaOLWqE&lc=UgwwgZhg67vQLDcg8Vp4AaABAg,3/4/2023 16:58,0,@electroboom Lolz I need a 3d printer,http://www.youtube.com/@copycatlyn
762,@quinnbeasley94,How is this guys allowed in any laboratory,UgxW01wLZAvQgSHWpi94AaABAg,,0,https://www.youtube.com/watch?v=lT3vGaOLWqE&lc=UgxW01wLZAvQgSHWpi94AaABAg,3/4/2023 11:47,0,How is this guys allowed in any laboratory,http://www.youtube.com/@quinnbeasley94
763,@quinnbeasley94,"congrats. now, how big can a jacob\'s ladder get",Ugxjf0FkFoOHecXkZYN4AaABAg,,0,https://www.youtube.com/watch?v=lT3vGaOLWqE&lc=Ugxjf0FkFoOHecXkZYN4AaABAg,3/4/2023 11:37,0,"congrats. now, how big can a jacob\'s ladder get",http://www.youtube.com/@quinnbeasley94
764,@quocquoc-mk3oh,Safe,UgxFMYsDlKx46Paxrzt4AaABAg,,0,https://www.youtube.com/watch?v=lT3vGaOLWqE&lc=UgxFMYsDlKx46Paxrzt4AaABAg,3/4/2023 7:27,0,Safe,http://www.youtube.com/@quocquoc-mk3oh
765,@Ethan4324W,future generations should never let this gem die,UgwO2LAlXu3fZiCZe5Z4AaABAg,,0,https://www.youtube.com/watch?v=lT3vGaOLWqE&lc=UgwO2LAlXu3fZiCZe5Z4AaABAg,3/4/2023 5:40,0,future generations should never let this gem die,http://www.youtube.com/@Ethan4324W
766,@Musa...31,How to make a amplifire(speaker)?,UgzzkeOTYw_bD80ChCJ4AaABAg,,0,https://www.youtube.com/watch?v=lT3vGaOLWqE&lc=UgzzkeOTYw_bD80ChCJ4AaABAg,3/4/2023 1:01,0,How to make a amplifire(speaker)?,http://www.youtube.com/@Musa...31
767,@swezyzz,7:58 made me so laugh i am so sorry LOL.,UgzGcrSeGaIV-fOxqkV4AaABAg,,0,https://www.youtube.com/watch?v=lT3vGaOLWqE&lc=UgzGcrSeGaIV-fOxqkV4AaABAg,3/3/2023 6:58,0,7:58 made me so laugh i am so sorry LOL.,http://www.youtube.com/@swezyzz
768,@oppositionexpunged0951,i subbed for no reason,UgyW8EL_KfbWC6To4494AaABAg,,0,https://www.youtube.com/watch?v=lT3vGaOLWqE&lc=UgyW8EL_KfbWC6To4494AaABAg,3/1/2023 21:52,0,i subbed for no reason,http://www.youtube.com/@oppositionexpunged0951
769,@kevintomlin2932,He probably skipped six grade ????????????,UgyWlqjRMjIXq2rWneN4AaABAg,,0,https://www.youtube.com/watch?v=lT3vGaOLWqE&lc=UgyWlqjRMjIXq2rWneN4AaABAg,3/1/2023 21:24,1,He probably skipped six grade ????????????,http://www.youtube.com/@kevintomlin2932
770,@Steelfrost379,what does that mean,UgyWlqjRMjIXq2rWneN4AaABAg.9mjlP691bph9mltcJTZLbY,@kevintomlin2932,0,https://www.youtube.com/watch?v=lT3vGaOLWqE&lc=UgyWlqjRMjIXq2rWneN4AaABAg.9mjlP691bph9mltcJTZLbY,3/2/2023 17:14,0,what does that mean,http://www.youtube.com/@Steelfrost379
771,@flxsemi653,Even a cat\'s number of lives pale in comparison to this guy\'s,Ugym5tO3rI1o_PHQ6xZ4AaABAg,,1,https://www.youtube.com/watch?v=lT3vGaOLWqE&lc=Ugym5tO3rI1o_PHQ6xZ4AaABAg,3/1/2023 16:35,0,Even a cat\'s number of lives pale in comparison to this guy\'s,http://www.youtube.com/@flxsemi653
772,@eleenzdugat,‚?µ…?‚±§‚±§…?‚?¶‚?µ…?,UgwgaJRI8wwrYLS8DKV4AaABAg,,0,https://www.youtube.com/watch?v=lT3vGaOLWqE&lc=UgwgaJRI8wwrYLS8DKV4AaABAg,2/28/2023 21:55,0,‚?µ…?‚±§‚±§…?‚?¶‚?µ…?,http://www.youtube.com/@eleenzdugat
773,@vincitrans,,UgwWxTIZWpx3X4mvArp4AaABAg,,0,https://www.youtube.com/watch?v=lT3vGaOLWqE&lc=UgwWxTIZWpx3X4mvArp4AaABAg,2/28/2023 20:56,0,,http://www.youtube.com/@vincitrans
774,@flizzy483,explain this atheists,UgxKJjvNWJj_RJrFcph4AaABAg,,0,https://www.youtube.com/watch?v=lT3vGaOLWqE&lc=UgxKJjvNWJj_RJrFcph4AaABAg,2/28/2023 14:40,0,explain this atheists,http://www.youtube.com/@flizzy483
775,@madangenfhdfjkdmmbf1126,at 7:57 i thought ur dead dude,Ugz9fm2mBA4D9bIaI4l4AaABAg,,0,https://www.youtube.com/watch?v=lT3vGaOLWqE&lc=Ugz9fm2mBA4D9bIaI4l4AaABAg,2/27/2023 10:20,0,at 7:57 i thought ur dead dude,http://www.youtube.com/@madangenfhdfjkdmmbf1126
776,@pierrerouge8620,The beauty of this is the music ??∂ and the commercials....nice job....,UgzyfcgqzF2wwH8z7MB4AaABAg,,1,https://www.youtube.com/watch?v=lT3vGaOLWqE&lc=UgzyfcgqzF2wwH8z7MB4AaABAg,2/26/2023 13:42,0,The beauty of this is the music ??∂ and the commercials....nice job....,http://www.youtube.com/@pierrerouge8620
777,@kylewen7963,"Thanks for giving the instructive video, and I cannot stop repeating this fragment 8:00",Ugy258wV_6deyQZ6Q_F4AaABAg,,1,https://www.youtube.com/watch?v=lT3vGaOLWqE&lc=Ugy258wV_6deyQZ6Q_F4AaABAg,2/26/2023 11:53,0,"Thanks for giving the instructive video, and I cannot stop repeating this fragment 8:00",http://www.youtube.com/@kylewen7963
778,@londislagerhound,8:01 - Genuine LOL,UgwdoYaEuqfMQzBVEdd4AaABAg,,0,https://www.youtube.com/watch?v=lT3vGaOLWqE&lc=UgwdoYaEuqfMQzBVEdd4AaABAg,2/26/2023 11:21,0,8:01 - Genuine LOL,http://www.youtube.com/@londislagerhound
779,@Cata_robert25,??≠??≠??≠??∞??∞??∞??∞??∞,UgxwlOKdpYsJxJCg8HJ4AaABAg,,0,https://www.youtube.com/watch?v=lT3vGaOLWqE&lc=UgxwlOKdpYsJxJCg8HJ4AaABAg,2/26/2023 11:03,0,??≠??≠??≠??∞??∞??∞??∞??∞,http://www.youtube.com/@Cata_robert25
780,@3zoz315,Ôøº,UgyRPv3C8ihxD45CL-l4AaABAg,,1,https://www.youtube.com/watch?v=lT3vGaOLWqE&lc=UgyRPv3C8ihxD45CL-l4AaABAg,2/25/2023 10:44,2,Ôøº,http://www.youtube.com/@3zoz315
781,@patthecat8047,How...?,UgyRPv3C8ihxD45CL-l4AaABAg.9mZK0D-005R9mZqKFuKGCy,@3zoz315,1,https://www.youtube.com/watch?v=lT3vGaOLWqE&lc=UgyRPv3C8ihxD45CL-l4AaABAg.9mZK0D-005R9mZqKFuKGCy,2/25/2023 15:35,0,How...?,http://www.youtube.com/@patthecat8047
782,@3zoz315,"@@patthecat8047 go to keyboard settings and enable a microphone (search it or not idc) click it and dont say anything, wait 2 seconds and click the smol keyboard, send and you got it, that was long.",UgyRPv3C8ihxD45CL-l4AaABAg.9mZK0D-005R9mdIxxoIa9h,@3zoz315,0,https://www.youtube.com/watch?v=lT3vGaOLWqE&lc=UgyRPv3C8ihxD45CL-l4AaABAg.9mZK0D-005R9mdIxxoIa9h,2/27/2023 9:11,0,"@@patthecat8047 go to keyboard settings and enable a microphone (search it or not idc) click it and dont say anything, wait 2 seconds and click the smol keyboard, send and you got it, that was long.",http://www.youtube.com/@3zoz315
783,@vishaanthaditya,I\'m clear now lyk why he\'s got only less hair on his head...who knows! Most of them would have just burnt everytime he gets struck by the shock??ê,UgxCAq6ZHLmaNdr91g94AaABAg,,0,https://www.youtube.com/watch?v=lT3vGaOLWqE&lc=UgxCAq6ZHLmaNdr91g94AaABAg,2/24/2023 9:08,0,I\'m clear now lyk why he\'s got only less hair on his head...who knows! Most of them would have just burnt everytime he gets struck by the shock??ê,http://www.youtube.com/@vishaanthaditya
784,@yuutsukihiro9171,Maybe I can post it on lively ???????????? (when talking about touching wires with both hands ),UgxQ_7CKeZUciXQLh354AaABAg,,0,https://www.youtube.com/watch?v=lT3vGaOLWqE&lc=UgxQ_7CKeZUciXQLh354AaABAg,2/23/2023 8:23,0,Maybe I can post it on lively ???????????? (when talking about touching wires with both hands ),http://www.youtube.com/@yuutsukihiro9171
785,@samrinkhan8951,Can you make mr beast some things,UgylCQV0k_2Vkd7omA54AaABAg,,0,https://www.youtube.com/watch?v=lT3vGaOLWqE&lc=UgylCQV0k_2Vkd7omA54AaABAg,2/23/2023 5:33,0,Can you make mr beast some things,http://www.youtube.com/@samrinkhan8951
786,@ZHDFanat,—?–µ–±—è –¥—?—?–∞–∫–∞ –Ω–µ —?—?–∏–ª–∏ –Ω–∞ —?–∏–∑–∏–∫–µ —?—?–æ –≤—Å–µ –æ–ø—?—?—? —Å —ç–ª–µ–∫—?—?–∏—?–µ–≤—Å—?–≤–æ–º –¥–æ–ª–∂–Ω—? –ø—?–æ–≤–æ–¥–∏—?—?—Å—è –≤ –ø–µ—?—?–∞—?–∫–∞—? —?–µ–∑–∏–Ω–æ–≤—?—? –∏–ª–∏ —?—? –æ–∫–æ–Ω—?–∏–ª 5 –∫–ª–∞—Å—Å–æ–≤ –∏ –ø–ª—?–Ω—?–ª –Ω–∞ –≤—Å–µ,UgwPYgPxjhI2zWBrW9Z4AaABAg,,1,https://www.youtube.com/watch?v=lT3vGaOLWqE&lc=UgwPYgPxjhI2zWBrW9Z4AaABAg,2/22/2023 19:15,0,—?–µ–±—è –¥—?—?–∞–∫–∞ –Ω–µ —?—?–∏–ª–∏ –Ω–∞ —?–∏–∑–∏–∫–µ —?—?–æ –≤—Å–µ –æ–ø—?—?—? —Å —ç–ª–µ–∫—?—?–∏—?–µ–≤—Å—?–≤–æ–º –¥–æ–ª–∂–Ω—? –ø—?–æ–≤–æ–¥–∏—?—?—Å—è –≤ –ø–µ—?—?–∞—?–∫–∞—? —?–µ–∑–∏–Ω–æ–≤—?—? –∏–ª–∏ —?—? –æ–∫–æ–Ω—?–∏–ª 5 –∫–ª–∞—Å—Å–æ–≤ –∏ –ø–ª—?–Ω—?–ª –Ω–∞ –≤—Å–µ,http://www.youtube.com/@ZHDFanat
787,@tengkim2223,8:00,UgyxH3vgfpJIpu9pvOh4AaABAg,,0,https://www.youtube.com/watch?v=lT3vGaOLWqE&lc=UgyxH3vgfpJIpu9pvOh4AaABAg,2/22/2023 12:53,0,8:00,http://www.youtube.com/@tengkim2223
788,@tengkim2223,800,UgyUNpZFZN4mkHhZh_x4AaABAg,,0,https://www.youtube.com/watch?v=lT3vGaOLWqE&lc=UgyUNpZFZN4mkHhZh_x4AaABAg,2/22/2023 12:53,0,800,http://www.youtube.com/@tengkim2223
789,@hugoromeyn4582,I Promise... I Will NEVER complain about bad connecting alligator clips again.,UgzIAVPEIZQeIjv3mDl4AaABAg,,0,https://www.youtube.com/watch?v=lT3vGaOLWqE&lc=UgzIAVPEIZQeIjv3mDl4AaABAg,2/21/2023 16:51,0,I Promise... I Will NEVER complain about bad connecting alligator clips again.,http://www.youtube.com/@hugoromeyn4582
790,@MacNKoB3,Currently confused why I\'m fascinated,UgyhBRD4xHm7p6CFoyB4AaABAg,,0,https://www.youtube.com/watch?v=lT3vGaOLWqE&lc=UgyhBRD4xHm7p6CFoyB4AaABAg,2/21/2023 14:35,0,Currently confused why I\'m fascinated,http://www.youtube.com/@MacNKoB3
791,@tennisracket166,"‚??Thanks to my flimsy wire connections to the transformer that fell off quickly, I only sustained some *third degree burns*‚?ù???",UgzGuk_VcmcQrFazlNx4AaABAg,,0,https://www.youtube.com/watch?v=lT3vGaOLWqE&lc=UgzGuk_VcmcQrFazlNx4AaABAg,2/21/2023 12:46,0,"‚??Thanks to my flimsy wire connections to the transformer that fell off quickly, I only sustained some *third degree burns*‚?ù???",http://www.youtube.com/@tennisracket166
792,@dirpycalbus,It‚??s from the Bible,UgxlfJg_jE5kGP5_zeh4AaABAg,,0,https://www.youtube.com/watch?v=lT3vGaOLWqE&lc=UgxlfJg_jE5kGP5_zeh4AaABAg,2/21/2023 7:34,0,It‚??s from the Bible,http://www.youtube.com/@dirpycalbus
793,@GreenGlo1991,The fact we nearly witnessed this man die,UgykdbbJXVQZik7Gg4Z4AaABAg,,0,https://www.youtube.com/watch?v=lT3vGaOLWqE&lc=UgykdbbJXVQZik7Gg4Z4AaABAg,2/19/2023 23:34,0,The fact we nearly witnessed this man die,http://www.youtube.com/@GreenGlo1991
794,@greedyv2247,i cant wait to win the giveaway,UgwwihfnFgHvCOxgQo14AaABAg,,0,https://www.youtube.com/watch?v=lT3vGaOLWqE&lc=UgwwihfnFgHvCOxgQo14AaABAg,2/19/2023 22:49,0,i cant wait to win the giveaway,http://www.youtube.com/@greedyv2247
795,@tontonwashington5337,Why bro is still alive ? ?§£,UgyYH2tokTr4nQJWRLl4AaABAg,,0,https://www.youtube.com/watch?v=lT3vGaOLWqE&lc=UgyYH2tokTr4nQJWRLl4AaABAg,2/19/2023 8:06,0,Why bro is still alive ? ?§£,http://www.youtube.com/@tontonwashington5337
796,@robertthegamer3484,Someone protect this man at all costs ‚ù§Ô∏è‚?ç?©π?????≠??????,Ugx8PDU_0eH8AHUn_zl4AaABAg,,1,https://www.youtube.com/watch?v=lT3vGaOLWqE&lc=Ugx8PDU_0eH8AHUn_zl4AaABAg,2/18/2023 23:18,1,Someone protect this man at all costs ‚ù§Ô∏è‚?ç?©π?????≠??????,http://www.youtube.com/@robertthegamer3484
797,@Hw99796,i really want him as my teacher lol,Ugx8PDU_0eH8AHUn_zl4AaABAg.9mIdi9EFHaq9mJOhhZVWTB,@robertthegamer3484,0,https://www.youtube.com/watch?v=lT3vGaOLWqE&lc=Ugx8PDU_0eH8AHUn_zl4AaABAg.9mIdi9EFHaq9mJOhhZVWTB,2/19/2023 6:17,0,i really want him as my teacher lol,http://www.youtube.com/@Hw99796
798,@Ashking698,My bro has survived from The electric attack ?????????,UgxuHP3uI1iZaBGxWnx4AaABAg,,1,https://www.youtube.com/watch?v=lT3vGaOLWqE&lc=UgxuHP3uI1iZaBGxWnx4AaABAg,2/18/2023 15:27,0,My bro has survived from The electric attack ?????????,http://www.youtube.com/@Ashking698
799,@JeremyBrewer-wn4hr,"LULZ my BOT,,,LULZBOT My 3 children and I are in school for Instrumentation and Controls. A good 3D printer would be amazing. I\'m sure I missed the giveaway by....years....nevermind, I just realized this is 5 years old....",UgybgKdZZeSPuxOZRDJ4AaABAg,,0,https://www.youtube.com/watch?v=lT3vGaOLWqE&lc=UgybgKdZZeSPuxOZRDJ4AaABAg,2/17/2023 14:44,0,"LULZ my BOT,,,LULZBOT My 3 children and I are in school for Instrumentation and Controls. A good 3D printer would be amazing. I\'m sure I missed the giveaway by....years....nevermind, I just realized this is 5 years old....",http://www.youtube.com/@JeremyBrewer-wn4hr
800,@thelegendaryKat,?§£?§£?§£ –¥–µ–±–∏–ª .–ê —è –∏ —?–æ –Ω–µ—Å–æ–±–ª—?–¥–∞—? —?–µ—?–Ω–∏–∫—? –±–µ–∑–æ–ø–∞—Å–Ω–æ—Å—?–∏ –Ω–æ –º–µ–Ω—è –ø—?–∞–∫—?–∏—?–µ—Å–∫–∏ –Ω–µ —?–∞–∑—? –Ω–µ –±–∏–ª–æ —?–æ–∫–æ–º,UgwTKPv24uTAiet1jRR4AaABAg,,0,https://www.youtube.com/watch?v=lT3vGaOLWqE&lc=UgwTKPv24uTAiet1jRR4AaABAg,2/17/2023 10:35,0,?§£?§£?§£ –¥–µ–±–∏–ª .–ê —è –∏ —?–æ –Ω–µ—Å–æ–±–ª—?–¥–∞—? —?–µ—?–Ω–∏–∫—? –±–µ–∑–æ–ø–∞—Å–Ω–æ—Å—?–∏ –Ω–æ –º–µ–Ω—è –ø—?–∞–∫—?–∏—?–µ—Å–∫–∏ –Ω–µ —?–∞–∑—? –Ω–µ –±–∏–ª–æ —?–æ–∫–æ–º,http://www.youtube.com/@thelegendaryKat
801,@vindhyapc3148,"I can\'t control my laughing in last time,???????§£sir you are really interested ?????????",UgxbJ568CoWr90bLZBR4AaABAg,,0,https://www.youtube.com/watch?v=lT3vGaOLWqE&lc=UgxbJ568CoWr90bLZBR4AaABAg,2/17/2023 9:58,0,"I can\'t control my laughing in last time,???????§£sir you are really interested ?????????",http://www.youtube.com/@vindhyapc3148
802,@theha5336,8:00,Ugy7lc6nGR9lCwezlsJ4AaABAg,,0,https://www.youtube.com/watch?v=lT3vGaOLWqE&lc=Ugy7lc6nGR9lCwezlsJ4AaABAg,2/17/2023 0:50,0,8:00,http://www.youtube.com/@theha5336
803,@Bravo_L,F=0 not f=ma,Ugzajm_myb8AvQNMdcB4AaABAg,,0,https://www.youtube.com/watch?v=lT3vGaOLWqE&lc=Ugzajm_myb8AvQNMdcB4AaABAg,2/15/2023 20:21,0,F=0 not f=ma,http://www.youtube.com/@Bravo_L
804,@Bravo_L,This the one where he almost dies right?,UgzI-qNddqPnFTQiGPB4AaABAg,,1,https://www.youtube.com/watch?v=lT3vGaOLWqE&lc=UgzI-qNddqPnFTQiGPB4AaABAg,2/15/2023 20:17,0,This the one where he almost dies right?,http://www.youtube.com/@Bravo_L
805,@mrboyban,ElectroBoom has safely passed the high voltage test. He is kind of a humanoid electron able to travel through the power grid. Loved to see him holding the sparkles.,UgxMjqxkBWKnwwQsRAR4AaABAg,,4,https://www.youtube.com/watch?v=lT3vGaOLWqE&lc=UgxMjqxkBWKnwwQsRAR4AaABAg,2/15/2023 19:15,0,ElectroBoom has safely passed the high voltage test. He is kind of a humanoid electron able to travel through the power grid. Loved to see him holding the sparkles.,http://www.youtube.com/@mrboyban
806,@mrboyban,?§£ ??•,Ugxes_6kdajL8vtHdvd4AaABAg,,0,https://www.youtube.com/watch?v=lT3vGaOLWqE&lc=Ugxes_6kdajL8vtHdvd4AaABAg,2/15/2023 19:06,0,?§£ ??•,http://www.youtube.com/@mrboyban
807,@heavyweaponsguy6284,"3:01 tell your neighbor to shut up and stop renovating, or EVEN BETTER, make a loud sound thats louder then his renovations and annoy him until they stop so you can make your youtube video in peace. just hide a recorder somewhere and have it running to where nobody else but him can hear it.",UgydMaP6Bc2mcnSySwR4AaABAg,,0,https://www.youtube.com/watch?v=lT3vGaOLWqE&lc=UgydMaP6Bc2mcnSySwR4AaABAg,2/14/2023 18:19,0,"3:01 tell your neighbor to shut up and stop renovating, or EVEN BETTER, make a loud sound thats louder then his renovations and annoy him until they stop so you can make your youtube video in peace. just hide a recorder somewhere and have it running to where nobody else but him can hear it.",http://www.youtube.com/@heavyweaponsguy6284
808,@nikolasjames2nd179,This is so funny and I love him suffering,UgzERrj36VT053XUNgl4AaABAg,,1,https://www.youtube.com/watch?v=lT3vGaOLWqE&lc=UgzERrj36VT053XUNgl4AaABAg,2/14/2023 18:00,0,This is so funny and I love him suffering,http://www.youtube.com/@nikolasjames2nd179
809,@Wagonball_Z,"i really hope you are okay, because i laughed a lot. XD",Ugx11c9D0YVtuFgooBt4AaABAg,,0,https://www.youtube.com/watch?v=lT3vGaOLWqE&lc=Ugx11c9D0YVtuFgooBt4AaABAg,2/13/2023 9:03,0,"i really hope you are okay, because i laughed a lot. XD",http://www.youtube.com/@Wagonball_Z
810,@DoodiePunk,Your videos should all be labeled "don\'t try this at home".,Ugzd2H7AY2MNQK2CDZ94AaABAg,,0,https://www.youtube.com/watch?v=lT3vGaOLWqE&lc=Ugzd2H7AY2MNQK2CDZ94AaABAg,2/12/2023 16:44,0,Your videos should all be labeled "don\'t try this at home".,http://www.youtube.com/@DoodiePunk
811,@kuso8631,Craziest dude in turkey,Ugzk6TS9vV_Z2Qo24zR4AaABAg,,1,https://www.youtube.com/watch?v=lT3vGaOLWqE&lc=Ugzk6TS9vV_Z2Qo24zR4AaABAg,2/12/2023 8:57,0,Craziest dude in turkey,http://www.youtube.com/@kuso8631
812,@elizastar1973,Giggle ??????,Ugw3m_lVKMWHc2kqqM14AaABAg,,0,https://www.youtube.com/watch?v=lT3vGaOLWqE&lc=Ugw3m_lVKMWHc2kqqM14AaABAg,2/12/2023 1:06,0,Giggle ??????,http://www.youtube.com/@elizastar1973
813,@rosacabrera3492,‚±§‚?µ,Ugw8jiCWsvzVOJkhMi14AaABAg,,0,https://www.youtube.com/watch?v=lT3vGaOLWqE&lc=Ugw8jiCWsvzVOJkhMi14AaABAg,2/11/2023 17:26,0,‚±§‚?µ,http://www.youtube.com/@rosacabrera3492
814,@harrydevrieze7209,6:30 bro made a fucking nuclear weapon,Ugwh8X36t45o0BEJfIF4AaABAg,,0,https://www.youtube.com/watch?v=lT3vGaOLWqE&lc=Ugwh8X36t45o0BEJfIF4AaABAg,2/11/2023 16:00,0,6:30 bro made a fucking nuclear weapon,http://www.youtube.com/@harrydevrieze7209
815,@mekro84,You are crazyyy So I subscribe u??ê???,UgwINtOraOFUAGpY9-l4AaABAg,,0,https://www.youtube.com/watch?v=lT3vGaOLWqE&lc=UgwINtOraOFUAGpY9-l4AaABAg,2/11/2023 14:43,0,You are crazyyy So I subscribe u??ê???,http://www.youtube.com/@mekro84
816,@VIVOUNRECORDS,You are fucking crazy man,UgzzDZE1a6kALufw1hh4AaABAg,,1,https://www.youtube.com/watch?v=lT3vGaOLWqE&lc=UgzzDZE1a6kALufw1hh4AaABAg,2/11/2023 9:14,0,You are fucking crazy man,http://www.youtube.com/@VIVOUNRECORDS
817,@linuxuberuser,I passed out from an 800V discharge from a voltage doubler. You did not get zapped for real from that MOT,UgwycHGF2kF6CPQtIph4AaABAg,,0,https://www.youtube.com/watch?v=lT3vGaOLWqE&lc=UgwycHGF2kF6CPQtIph4AaABAg,2/10/2023 11:30,0,I passed out from an 800V discharge from a voltage doubler. You did not get zapped for real from that MOT,http://www.youtube.com/@linuxuberuser
818,@Stanfordscienceman,This man literally just has plot armor and he knows it,UgzYHRZUQ7o1Wv2pO654AaABAg,,0,https://www.youtube.com/watch?v=lT3vGaOLWqE&lc=UgzYHRZUQ7o1Wv2pO654AaABAg,2/10/2023 10:54,0,This man literally just has plot armor and he knows it,http://www.youtube.com/@Stanfordscienceman
819,@itzVeStA-pj8fb,ÿÆÿØÿß ÿ≤Ÿ?ÿØŸ? Ÿ?⁄ØŸ? ÿØÿßÿ±Ÿ?ÿ™ Ÿ?ÿ±ÿØ ÿ™Ÿ?ÿ±€?ÿ®ÿß ÿ®Ÿ? ÿßŸ?⁄©ÿ™ÿ±Ÿ? ÿ™ÿ®ÿØ€?Ÿ? ÿ¥ÿØ€? ÿØŸ?ÿ™ ⁄Øÿ±Ÿ?,UgygsjkfcXx8spOpFBF4AaABAg,,0,https://www.youtube.com/watch?v=lT3vGaOLWqE&lc=UgygsjkfcXx8spOpFBF4AaABAg,2/9/2023 19:14,0,ÿÆÿØÿß ÿ≤Ÿ?ÿØŸ? Ÿ?⁄ØŸ? ÿØÿßÿ±Ÿ?ÿ™ Ÿ?ÿ±ÿØ ÿ™Ÿ?ÿ±€?ÿ®ÿß ÿ®Ÿ? ÿßŸ?⁄©ÿ™ÿ±Ÿ? ÿ™ÿ®ÿØ€?Ÿ? ÿ¥ÿØ€? ÿØŸ?ÿ™ ⁄Øÿ±Ÿ?,http://www.youtube.com/@itzVeStA-pj8fb
820,@ItzMeLight999,6:03 Supra exhaust,Ugwr5acVOYyKgPdiQLZ4AaABAg,,1,https://www.youtube.com/watch?v=lT3vGaOLWqE&lc=Ugwr5acVOYyKgPdiQLZ4AaABAg,2/9/2023 2:35,0,6:03 Supra exhaust,http://www.youtube.com/@ItzMeLight999
821,@RealitikDaily,"Dude slow down on the risks you are taking just to entertain youtube views, you are going to get killed at this pace. Just not worth it. You can do impressive stuffs which are much safer tbh...",UgznYzckTT6R_hIRQVh4AaABAg,,0,https://www.youtube.com/watch?v=lT3vGaOLWqE&lc=UgznYzckTT6R_hIRQVh4AaABAg,2/8/2023 3:33,0,"Dude slow down on the risks you are taking just to entertain youtube views, you are going to get killed at this pace. Just not worth it. You can do impressive stuffs which are much safer tbh...",http://www.youtube.com/@RealitikDaily
822,@johnpizeria3229,De milagro no se a incendiado,UgzeM268pfjISkR9UDt4AaABAg,,0,https://www.youtube.com/watch?v=lT3vGaOLWqE&lc=UgzeM268pfjISkR9UDt4AaABAg,2/7/2023 11:04,0,De milagro no se a incendiado,http://www.youtube.com/@johnpizeria3229
823,@alanzeiradf,kkkkkkkkkkkkkkkkkkkkkkk,UgxH2vNu9qQ7NPzPKGJ4AaABAg,,0,https://www.youtube.com/watch?v=lT3vGaOLWqE&lc=UgxH2vNu9qQ7NPzPKGJ4AaABAg,2/7/2023 9:28,0,kkkkkkkkkkkkkkkkkkkkkkk,http://www.youtube.com/@alanzeiradf
824,@Jarmen__Kell,How is this guy still alive? lol,Ugwe9xpN8xYB-dywtHd4AaABAg,,0,https://www.youtube.com/watch?v=lT3vGaOLWqE&lc=Ugwe9xpN8xYB-dywtHd4AaABAg,2/5/2023 23:00,0,How is this guy still alive? lol,http://www.youtube.com/@Jarmen__Kell
825,@marceloeduardoluiz,HAHAHAHAHAHAHAHAHAHAHAHAHA,Ugz0n6fiemxz1c8MUOF4AaABAg,,0,https://www.youtube.com/watch?v=lT3vGaOLWqE&lc=Ugz0n6fiemxz1c8MUOF4AaABAg,2/4/2023 9:11,0,HAHAHAHAHAHAHAHAHAHAHAHAHA,http://www.youtube.com/@marceloeduardoluiz
826,@MrMark-cz3ev,8:00 when even your reflexs are dumb. He was trying to catch that thing lmao,UgzXT3SorOMDUH6iUbp4AaABAg,,0,https://www.youtube.com/watch?v=lT3vGaOLWqE&lc=UgzXT3SorOMDUH6iUbp4AaABAg,2/4/2023 8:07,0,8:00 when even your reflexs are dumb. He was trying to catch that thing lmao,http://www.youtube.com/@MrMark-cz3ev
827,@tm5123,6:44 explains EXACTLY why this channel has 5.5 mil subs lol,UgxcgoPPD5TgUWdRiMV4AaABAg,,0,https://www.youtube.com/watch?v=lT3vGaOLWqE&lc=UgxcgoPPD5TgUWdRiMV4AaABAg,2/3/2023 17:12,0,6:44 explains EXACTLY why this channel has 5.5 mil subs lol,http://www.youtube.com/@tm5123
828,@itsfunneyplayz_0000,6:42 Bro\'s happy even tho the wires are burning,UgxvHK3uKuDtRq9w2wJ4AaABAg,,0,https://www.youtube.com/watch?v=lT3vGaOLWqE&lc=UgxvHK3uKuDtRq9w2wJ4AaABAg,2/2/2023 8:53,0,6:42 Bro\'s happy even tho the wires are burning,http://www.youtube.com/@itsfunneyplayz_0000
829,@DarthTwilight,"..... I\'ma do this at home, because you\'re not my real mom!",UgyyqHMvASddIiI_ODR4AaABAg,,0,https://www.youtube.com/watch?v=lT3vGaOLWqE&lc=UgyyqHMvASddIiI_ODR4AaABAg,2/1/2023 21:21,0,"..... I\'ma do this at home, because you\'re not my real mom!",http://www.youtube.com/@DarthTwilight
830,@ahlamktrb5260,Please translate of Aruba,UgzwV6k1PJsFuWBHAKZ4AaABAg,,0,https://www.youtube.com/watch?v=lT3vGaOLWqE&lc=UgzwV6k1PJsFuWBHAKZ4AaABAg,2/1/2023 6:02,0,Please translate of Aruba,http://www.youtube.com/@ahlamktrb5260
831,@erikreddington461,"Ahh, THE incident. Now I get it",UgxUieq2cWhdI1jaw-V4AaABAg,,1,https://www.youtube.com/watch?v=lT3vGaOLWqE&lc=UgxUieq2cWhdI1jaw-V4AaABAg,2/1/2023 4:01,0,"Ahh, THE incident. Now I get it",http://www.youtube.com/@erikreddington461
832,@Jakov-yd7vc,i feel bad for you cuse people only whatch you being shoc,Ugw_s7hUD6abmXOguGF4AaABAg,,0,https://www.youtube.com/watch?v=lT3vGaOLWqE&lc=Ugw_s7hUD6abmXOguGF4AaABAg,1/31/2023 18:19,0,i feel bad for you cuse people only whatch you being shoc,http://www.youtube.com/@Jakov-yd7vc
833,@kenbrady119,Can a Lulzbot printer print another Lulzbot printer?,UgzEBIA_5xvbNeLeDi94AaABAg,,0,https://www.youtube.com/watch?v=lT3vGaOLWqE&lc=UgzEBIA_5xvbNeLeDi94AaABAg,1/31/2023 17:29,0,Can a Lulzbot printer print another Lulzbot printer?,http://www.youtube.com/@kenbrady119
834,@fpinb,ÿßŸ?ÿ™ ÿπÿ±ÿ®Ÿ?‚ù§,UgyBDFY36S8T4o2l8V94AaABAg,,0,https://www.youtube.com/watch?v=lT3vGaOLWqE&lc=UgyBDFY36S8T4o2l8V94AaABAg,1/31/2023 9:24,0,ÿßŸ?ÿ™ ÿπÿ±ÿ®Ÿ?‚ù§,http://www.youtube.com/@fpinb
835,@narenchris711,"""if you\'re to unfortunete to hold this ladder, you\'ll die"" Electroboom on 7:59 :",UgyLr0e9BHWU-BMwldd4AaABAg,,0,https://www.youtube.com/watch?v=lT3vGaOLWqE&lc=UgyLr0e9BHWU-BMwldd4AaABAg,1/30/2023 22:39,0,"""if you\'re to unfortunete to hold this ladder, you\'ll die"" Electroboom on 7:59 :",http://www.youtube.com/@narenchris711
836,@shellyduby6712,what a electric hero,UgzDBX2JwqPnbPH6Uuh4AaABAg,,0,https://www.youtube.com/watch?v=lT3vGaOLWqE&lc=UgzDBX2JwqPnbPH6Uuh4AaABAg,1/30/2023 21:24,0,what a electric hero,http://www.youtube.com/@shellyduby6712
837,@shellyduby6712,send me one please bless you,Ugxlu_hpp-DUWQJ6aYR4AaABAg,,0,https://www.youtube.com/watch?v=lT3vGaOLWqE&lc=Ugxlu_hpp-DUWQJ6aYR4AaABAg,1/30/2023 21:14,0,send me one please bless you,http://www.youtube.com/@shellyduby6712
838,@bxbmbr766,I love your videos,UgwJTOHomjgvLj_ULAt4AaABAg,,0,https://www.youtube.com/watch?v=lT3vGaOLWqE&lc=UgwJTOHomjgvLj_ULAt4AaABAg,1/30/2023 11:51,0,I love your videos,http://www.youtube.com/@bxbmbr766
839,@marcoalvarez2334,No matter how old this video is I still laugh so hard this entire video,UgzSXeYtmEaeAsH4zp94AaABAg,,0,https://www.youtube.com/watch?v=lT3vGaOLWqE&lc=UgzSXeYtmEaeAsH4zp94AaABAg,1/29/2023 23:34,0,No matter how old this video is I still laugh so hard this entire video,http://www.youtube.com/@marcoalvarez2334
840,@shaneshane4592,its a wonder this guy is still alive i love it,Ugy7bwYjIQr1zB4KY5R4AaABAg,,0,https://www.youtube.com/watch?v=lT3vGaOLWqE&lc=Ugy7bwYjIQr1zB4KY5R4AaABAg,1/29/2023 21:19,0,its a wonder this guy is still alive i love it,http://www.youtube.com/@shaneshane4592
841,@lasannawoth7114,?????????,UgxYeXD0mUvWL6UM7vZ4AaABAg,,0,https://www.youtube.com/watch?v=lT3vGaOLWqE&lc=UgxYeXD0mUvWL6UM7vZ4AaABAg,1/29/2023 21:01,0,?????????,http://www.youtube.com/@lasannawoth7114
842,@Mikee969,Ik the video is old but no one is gonna talk about electro booms secret singing talent?,Ugwwq-i-fN3TibdzNRV4AaABAg,,0,https://www.youtube.com/watch?v=lT3vGaOLWqE&lc=Ugwwq-i-fN3TibdzNRV4AaABAg,1/29/2023 19:36,0,Ik the video is old but no one is gonna talk about electro booms secret singing talent?,http://www.youtube.com/@Mikee969
843,@baskargunal9976,Bro I will appreciate u bro because u risking your life to high voltage which will kill u in a seconds?????Å??????,Ugy_Ywgp5lw_ziYRw1d4AaABAg,,0,https://www.youtube.com/watch?v=lT3vGaOLWqE&lc=Ugy_Ywgp5lw_ziYRw1d4AaABAg,1/29/2023 3:39,0,Bro I will appreciate u bro because u risking your life to high voltage which will kill u in a seconds?????Å??????,http://www.youtube.com/@baskargunal9976
844,@c4rlosantonio322,this dude is so funny,UgwUr-j7RftaQ8bhihV4AaABAg,,0,https://www.youtube.com/watch?v=lT3vGaOLWqE&lc=UgwUr-j7RftaQ8bhihV4AaABAg,1/27/2023 21:50,0,this dude is so funny,http://www.youtube.com/@c4rlosantonio322
845,@bernardev3,ElectroBOOM are literally IShowSpeed from electricity.,Ugw43UTTwGKLRcTmVBB4AaABAg,,0,https://www.youtube.com/watch?v=lT3vGaOLWqE&lc=Ugw43UTTwGKLRcTmVBB4AaABAg,1/27/2023 17:39,0,ElectroBOOM are literally IShowSpeed from electricity.,http://www.youtube.com/@bernardev3
846,@Oligarxe,Shoutouts to my man that almost died for 1 million,UgxNceK7w7lNklQvhhB4AaABAg,,0,https://www.youtube.com/watch?v=lT3vGaOLWqE&lc=UgxNceK7w7lNklQvhhB4AaABAg,1/27/2023 16:52,0,Shoutouts to my man that almost died for 1 million,http://www.youtube.com/@Oligarxe
847,@petermckay,Hold my beer,Ugx9b64w3DB5ti8CZQh4AaABAg,,0,https://www.youtube.com/watch?v=lT3vGaOLWqE&lc=Ugx9b64w3DB5ti8CZQh4AaABAg,1/27/2023 16:45,0,Hold my beer,http://www.youtube.com/@petermckay
848,@eriksrholt360,one day ur gonna kill ur self,UgxwSZI3DXWMiqCUl-B4AaABAg,,0,https://www.youtube.com/watch?v=lT3vGaOLWqE&lc=UgxwSZI3DXWMiqCUl-B4AaABAg,1/27/2023 15:41,0,one day ur gonna kill ur self,http://www.youtube.com/@eriksrholt360
849,@blakesmith2594,This guy never gets old,UgzQNLbAgPf7ZKHXS1J4AaABAg,,0,https://www.youtube.com/watch?v=lT3vGaOLWqE&lc=UgzQNLbAgPf7ZKHXS1J4AaABAg,1/27/2023 12:02,1,This guy never gets old,http://www.youtube.com/@blakesmith2594
850,@squidwardfromua,You mean never gets not popular? Or you mean he\'ll die before becoming old?)),UgzQNLbAgPf7ZKHXS1J4AaABAg.9lOmvOxnZ_o9nIc__9E9AL,@blakesmith2594,0,https://www.youtube.com/watch?v=lT3vGaOLWqE&lc=UgzQNLbAgPf7ZKHXS1J4AaABAg.9lOmvOxnZ_o9nIc__9E9AL,3/15/2023 20:39,0,You mean never gets not popular? Or you mean he\'ll die before becoming old?)),http://www.youtube.com/@squidwardfromua
851,@josephnewberry9290,The very bad thing happens at exactly 8:00. Still glad you survived Mehdi.,Ugwe2KbWeRjacvSUrqh4AaABAg,,0,https://www.youtube.com/watch?v=lT3vGaOLWqE&lc=Ugwe2KbWeRjacvSUrqh4AaABAg,1/27/2023 10:54,0,The very bad thing happens at exactly 8:00. Still glad you survived Mehdi.,http://www.youtube.com/@josephnewberry9290
852,@Shivanshmusicsxx,Electroboom make my day Thanku mehdi ‚ù§,UgxTdmX1sDtVY5CSLe54AaABAg,,0,https://www.youtube.com/watch?v=lT3vGaOLWqE&lc=UgxTdmX1sDtVY5CSLe54AaABAg,1/27/2023 10:39,0,Electroboom make my day Thanku mehdi ‚ù§,http://www.youtube.com/@Shivanshmusicsxx
853,@ico277,skill issue,UgyfEeAfpQdnIWxj6ul4AaABAg,,0,https://www.youtube.com/watch?v=lT3vGaOLWqE&lc=UgyfEeAfpQdnIWxj6ul4AaABAg,1/27/2023 9:44,0,skill issue,http://www.youtube.com/@ico277
854,@gueyguerthzapata,Excelente manera de rostizar el aire,UgzpNdfrPl4e9j-Pi2J4AaABAg,,0,https://www.youtube.com/watch?v=lT3vGaOLWqE&lc=UgzpNdfrPl4e9j-Pi2J4AaABAg,1/27/2023 0:50,0,Excelente manera de rostizar el aire,http://www.youtube.com/@gueyguerthzapata
855,@Adnankhan-fd1zr,6:44 sounds like Mr bean ???,UgyJixmwtWT9fVY0BQN4AaABAg,,1,https://www.youtube.com/watch?v=lT3vGaOLWqE&lc=UgyJixmwtWT9fVY0BQN4AaABAg,1/26/2023 6:06,0,6:44 sounds like Mr bean ???,http://www.youtube.com/@Adnankhan-fd1zr
856,@indig0studl0s,"As a kid, this monument made my childhood",UgwcwElqkSPVe2zju_Z4AaABAg,,0,https://www.youtube.com/watch?v=lT3vGaOLWqE&lc=UgwcwElqkSPVe2zju_Z4AaABAg,1/25/2023 23:19,0,"As a kid, this monument made my childhood",http://www.youtube.com/@indig0studl0s
857,@Stuffff921,This guy immortal to electricity so that when he goes to prison and gets executed. He won‚??t die.,UgzCPLwJ1dwfTIAR7XF4AaABAg,,1,https://www.youtube.com/watch?v=lT3vGaOLWqE&lc=UgzCPLwJ1dwfTIAR7XF4AaABAg,1/23/2023 16:42,0,This guy immortal to electricity so that when he goes to prison and gets executed. He won‚??t die.,http://www.youtube.com/@Stuffff921
858,@flappyjay_gaming,*my name being jacob*,UgyAyOl1stPxjAnFUDF4AaABAg,,0,https://www.youtube.com/watch?v=lT3vGaOLWqE&lc=UgyAyOl1stPxjAnFUDF4AaABAg,1/23/2023 9:34,0,*my name being jacob*,http://www.youtube.com/@flappyjay_gaming
859,@Beast2260,7:49 it sounded like a very bad ??©,UgybE77vqFNNwBJcWGF4AaABAg,,0,https://www.youtube.com/watch?v=lT3vGaOLWqE&lc=UgybE77vqFNNwBJcWGF4AaABAg,1/22/2023 15:07,0,7:49 it sounded like a very bad ??©,http://www.youtube.com/@Beast2260
860,@panda4247,"I have checked the page with the safety tips - you are missing a crucial one: when building anything that is supposed do stand (electrical or not, does not matter), make sure the base is big enough or secured to the surface under it. I noticed it first in the video where you mare Van De Graaf generator, that the small bowl that was receiving the shocks only stood on a small base and it wiggled with each shock. Think about it. The force of some electrons jumping through was enough to shake that structure because it had light base. If I were building a ""shrine"" to support 28 inch sparklers, I would make the base much bugger. Even if you did not have currents running through it, the burning sparklers tend to bend, therefore it might offset the center of gravity too much and... well, the video speaks for itself",Ugx3gVxz9eER2kupBeN4AaABAg,,1,https://www.youtube.com/watch?v=lT3vGaOLWqE&lc=Ugx3gVxz9eER2kupBeN4AaABAg,1/22/2023 6:22,0,"I have checked the page with the safety tips - you are missing a crucial one: when building anything that is supposed do stand (electrical or not, does not matter), make sure the base is big enough or secured to the surface under it. I noticed it first in the video where you mare Van De Graaf generator, that the small bowl that was receiving the shocks only stood on a small base and it wiggled with each shock. Think about it. The force of some electrons jumping through was enough to shake that structure because it had light base. If I were building a ""shrine"" to support 28 inch sparklers, I would make the base much bugger. Even if you did not have currents running through it, the burning sparklers tend to bend, therefore it might offset the center of gravity too much and... well, the video speaks for itself",http://www.youtube.com/@panda4247
861,@johnwalter6410,7:59 ??????????????????,Ugw7Rqrb-KQKRm5q00d4AaABAg,,0,https://www.youtube.com/watch?v=lT3vGaOLWqE&lc=Ugw7Rqrb-KQKRm5q00d4AaABAg,1/22/2023 2:10,0,7:59 ??????????????????,http://www.youtube.com/@johnwalter6410
862,@tyrone6820,Lulz my bots luzbot,UgxYAZx-OkXKXlYrKod4AaABAg,,0,https://www.youtube.com/watch?v=lT3vGaOLWqE&lc=UgxYAZx-OkXKXlYrKod4AaABAg,1/21/2023 17:07,0,Lulz my bots luzbot,http://www.youtube.com/@tyrone6820
863,@alesilva8983,"dear electro boom, i would really like to know if your 3d printers are being given away for free because id like a Prusa 3d printer!! thanks!!",UgwCK_yXBPxdy98YqoZ4AaABAg,,1,https://www.youtube.com/watch?v=lT3vGaOLWqE&lc=UgwCK_yXBPxdy98YqoZ4AaABAg,1/21/2023 11:53,0,"dear electro boom, i would really like to know if your 3d printers are being given away for free because id like a Prusa 3d printer!! thanks!!",http://www.youtube.com/@alesilva8983
864,@milanlasicaforever5522,How you can live? Maybe you know what you doing but maybe not,Ugzzt5ap970WytvIqB14AaABAg,,0,https://www.youtube.com/watch?v=lT3vGaOLWqE&lc=Ugzzt5ap970WytvIqB14AaABAg,1/21/2023 6:08,0,How you can live? Maybe you know what you doing but maybe not,http://www.youtube.com/@milanlasicaforever5522
865,@leonvanheerden9174,?§£,UgxbC1bJYfOXmaUmQmB4AaABAg,,0,https://www.youtube.com/watch?v=lT3vGaOLWqE&lc=UgxbC1bJYfOXmaUmQmB4AaABAg,1/21/2023 6:00,0,?§£,http://www.youtube.com/@leonvanheerden9174
866,@lalanotlistening,Thank you for not dying Mehdi,UgyLx8o6HWVHSkNOh7F4AaABAg,,0,https://www.youtube.com/watch?v=lT3vGaOLWqE&lc=UgyLx8o6HWVHSkNOh7F4AaABAg,1/20/2023 13:28,0,Thank you for not dying Mehdi,http://www.youtube.com/@lalanotlistening
867,@sincereflowers3218,7:59.,Ugyq9kf3NRiTxpBO8_x4AaABAg,,0,https://www.youtube.com/watch?v=lT3vGaOLWqE&lc=Ugyq9kf3NRiTxpBO8_x4AaABAg,1/19/2023 23:18,0,7:59.,http://www.youtube.com/@sincereflowers3218
868,@theequatoracademyjodhpur9446,God make you happy from these electric socks,UgyH4EaTE6NhzGfhoC94AaABAg,,2,https://www.youtube.com/watch?v=lT3vGaOLWqE&lc=UgyH4EaTE6NhzGfhoC94AaABAg,1/19/2023 23:17,0,God make you happy from these electric socks,http://www.youtube.com/@theequatoracademyjodhpur9446
869,@jeffreynolds922,I found this video shocking.,Ugw_WzPlfMUq0X9rMT54AaABAg,,0,https://www.youtube.com/watch?v=lT3vGaOLWqE&lc=Ugw_WzPlfMUq0X9rMT54AaABAg,1/19/2023 21:43,0,I found this video shocking.,http://www.youtube.com/@jeffreynolds922
870,@colaflessje,7:55 we just witnessed a man almost die,Ugyanr12V2DPLDtZqJB4AaABAg,,0,https://www.youtube.com/watch?v=lT3vGaOLWqE&lc=Ugyanr12V2DPLDtZqJB4AaABAg,1/19/2023 16:52,0,7:55 we just witnessed a man almost die,http://www.youtube.com/@colaflessje
871,@JimEckhardt,"Mehdi, when that Jacobs ladder fell over towards you, I reacted by jumping forward to try grab it... But instead *almost* managed to throw my cellphone at my very broken TV set. Took my heart about 2 minutes to chill.",UgwCe3VHoy85yfAFY5x4AaABAg,,0,https://www.youtube.com/watch?v=lT3vGaOLWqE&lc=UgwCe3VHoy85yfAFY5x4AaABAg,1/19/2023 12:53,0,"Mehdi, when that Jacobs ladder fell over towards you, I reacted by jumping forward to try grab it... But instead *almost* managed to throw my cellphone at my very broken TV set. Took my heart about 2 minutes to chill.",http://www.youtube.com/@JimEckhardt
872,@constastar1660,47k eisizkza,Ugwap8Fsw30oFxj0eFp4AaABAg,,0,https://www.youtube.com/watch?v=lT3vGaOLWqE&lc=Ugwap8Fsw30oFxj0eFp4AaABAg,1/19/2023 11:17,0,47k eisizkza,http://www.youtube.com/@constastar1660
873,@theplanetearth7176,"If you put a metal nail there, would it teleport to a different place?",Ugz-4O6CJlkdHx0xIuh4AaABAg,,0,https://www.youtube.com/watch?v=lT3vGaOLWqE&lc=Ugz-4O6CJlkdHx0xIuh4AaABAg,1/19/2023 10:59,0,"If you put a metal nail there, would it teleport to a different place?",http://www.youtube.com/@theplanetearth7176
874,@isaac2600001414,"Si escucharon sobr√© el gato de schr√∂dinger, est√© hombre acabar√° creando una paradoja sin usar una caja ?????????",UgzgyH8gVIU63o4vKRl4AaABAg,,0,https://www.youtube.com/watch?v=lT3vGaOLWqE&lc=UgzgyH8gVIU63o4vKRl4AaABAg,1/18/2023 16:48,0,"Si escucharon sobr√© el gato de schr√∂dinger, est√© hombre acabar√° creando una paradoja sin usar una caja ?????????",http://www.youtube.com/@isaac2600001414
875,@josephgreen6568,God bless you for reaching 1 million subscribers ?????????????????????,UgyDS5qaNiJRxEfA8id4AaABAg,,0,https://www.youtube.com/watch?v=lT3vGaOLWqE&lc=UgyDS5qaNiJRxEfA8id4AaABAg,1/18/2023 11:11,0,God bless you for reaching 1 million subscribers ?????????????????????,http://www.youtube.com/@josephgreen6568
876,@lilikrosecobain5310,????????????,UgxBQgh79Y5cHqmHYgR4AaABAg,,0,https://www.youtube.com/watch?v=lT3vGaOLWqE&lc=UgxBQgh79Y5cHqmHYgR4AaABAg,1/18/2023 7:11,0,????????????,http://www.youtube.com/@lilikrosecobain5310
877,@gideonkinney8197,I was the 1 millionth subscriber,UgyEGbUYbICcUAdWCyB4AaABAg,,0,https://www.youtube.com/watch?v=lT3vGaOLWqE&lc=UgyEGbUYbICcUAdWCyB4AaABAg,1/18/2023 5:47,0,I was the 1 millionth subscriber,http://www.youtube.com/@gideonkinney8197
878,@losttone6077,And what have we learned today audience do not do this at home and above all safety first. Now hold my beer and watch this....,UgxIQG0UY0fbj_jTyZl4AaABAg,,0,https://www.youtube.com/watch?v=lT3vGaOLWqE&lc=UgxIQG0UY0fbj_jTyZl4AaABAg,1/17/2023 20:20,0,And what have we learned today audience do not do this at home and above all safety first. Now hold my beer and watch this....,http://www.youtube.com/@losttone6077
879,@rikvermeer1325,Happy to still see you alive!!,Ugx-X3eClL3JMRFkVR94AaABAg,,0,https://www.youtube.com/watch?v=lT3vGaOLWqE&lc=Ugx-X3eClL3JMRFkVR94AaABAg,1/17/2023 10:01,0,Happy to still see you alive!!,http://www.youtube.com/@rikvermeer1325
880,@thatgtagnood,7:56,UgzVDYKohtdsdaHaI7J4AaABAg,,0,https://www.youtube.com/watch?v=lT3vGaOLWqE&lc=UgzVDYKohtdsdaHaI7J4AaABAg,1/17/2023 1:50,0,7:56,http://www.youtube.com/@thatgtagnood
881,@asheshinfinite3766,EDUCATED COBRA?§£,UgyVwi7tCKpLAJlyglN4AaABAg,,1,https://www.youtube.com/watch?v=lT3vGaOLWqE&lc=UgyVwi7tCKpLAJlyglN4AaABAg,1/17/2023 1:10,0,EDUCATED COBRA?§£,http://www.youtube.com/@asheshinfinite3766
882,@ianmcnab9534,Looking back at this one 5 years on and he managed to survive to 5 million subscribers so far..........,Ugzy3vwenyhOCx3wqhx4AaABAg,,0,https://www.youtube.com/watch?v=lT3vGaOLWqE&lc=Ugzy3vwenyhOCx3wqhx4AaABAg,1/16/2023 20:41,0,Looking back at this one 5 years on and he managed to survive to 5 million subscribers so far..........,http://www.youtube.com/@ianmcnab9534
883,@BigcountryReactions,This wonder person makes my day everyday. Thank you,Ugx-49F7VGYT0LCXR3h4AaABAg,,0,https://www.youtube.com/watch?v=lT3vGaOLWqE&lc=Ugx-49F7VGYT0LCXR3h4AaABAg,1/16/2023 20:07,0,This wonder person makes my day everyday. Thank you,http://www.youtube.com/@BigcountryReactions
884,@gferg4860,saw this channel pop up. instantly subbed. dude is so crazy with electricity I get nervous lol,UgwQ74I2Vzjz1KgkkKF4AaABAg,,0,https://www.youtube.com/watch?v=lT3vGaOLWqE&lc=UgwQ74I2Vzjz1KgkkKF4AaABAg,1/16/2023 14:53,0,saw this channel pop up. instantly subbed. dude is so crazy with electricity I get nervous lol,http://www.youtube.com/@gferg4860
885,@Cunat121,Only unplanned shock that nearly killed him ???,Ugx4k6pqaHhWXm719jR4AaABAg,,1,https://www.youtube.com/watch?v=lT3vGaOLWqE&lc=Ugx4k6pqaHhWXm719jR4AaABAg,1/16/2023 12:37,0,Only unplanned shock that nearly killed him ???,http://www.youtube.com/@Cunat121
886,@charlesmangum2100,You are either brave or crazy. You make the choice. I cannot speak since I reached blindly in an old TV and got tickled by the fly back transformer.,UgxtSRQp1rnrZNi0E-54AaABAg,,0,https://www.youtube.com/watch?v=lT3vGaOLWqE&lc=UgxtSRQp1rnrZNi0E-54AaABAg,1/16/2023 12:10,0,You are either brave or crazy. You make the choice. I cannot speak since I reached blindly in an old TV and got tickled by the fly back transformer.,http://www.youtube.com/@charlesmangum2100
887,@StuckInsideAWashingMachine,7:51 Tempting fate right there,Ugwu0v0Hj0hh8QZrCdh4AaABAg,,0,https://www.youtube.com/watch?v=lT3vGaOLWqE&lc=Ugwu0v0Hj0hh8QZrCdh4AaABAg,1/16/2023 3:16,0,7:51 Tempting fate right there,http://www.youtube.com/@StuckInsideAWashingMachine
888,@deadmanriding1118,"I was electrocuted by 600vac main power for half a minute to 45 seconds. It was most definitely the equivalent of taking a ride on an electric chair, successfully ??µ (its been done before). The only after effect was it permanently repaired my chronic 4 year elbow hyperextension injury  left 2 1/4"" burn scars to remind me to always be careful.",UgxWhSj2wETBrLCStL94AaABAg,,0,https://www.youtube.com/watch?v=lT3vGaOLWqE&lc=UgxWhSj2wETBrLCStL94AaABAg,1/16/2023 2:15,0,"I was electrocuted by 600vac main power for half a minute to 45 seconds. It was most definitely the equivalent of taking a ride on an electric chair, successfully ??µ (its been done before). The only after effect was it permanently repaired my chronic 4 year elbow hyperextension injury  left 2 1/4"" burn scars to remind me to always be careful.",http://www.youtube.com/@deadmanriding1118
889,@ScrimmyBingus42,0:04 mehdi\'s genuine surprise here just kills me,UgwGqmPwfTdSDMV4Ueh4AaABAg,,110,https://www.youtube.com/watch?v=lT3vGaOLWqE&lc=UgwGqmPwfTdSDMV4Ueh4AaABAg,1/16/2023 1:56,0,0:04 mehdi\'s genuine surprise here just kills me,http://www.youtube.com/@ScrimmyBingus42
890,@ivanschmutzok2255,Bro he almost died from the micro transformer??≤,UgzQ01JLEG4uIdcU0P94AaABAg,,0,https://www.youtube.com/watch?v=lT3vGaOLWqE&lc=UgzQ01JLEG4uIdcU0P94AaABAg,1/16/2023 0:29,0,Bro he almost died from the micro transformer??≤,http://www.youtube.com/@ivanschmutzok2255
891,@shanebrobst5875,Mehdi:FUCKING breaker Everyone else :,UgyJo51TlaAizFGtKYh4AaABAg,,0,https://www.youtube.com/watch?v=lT3vGaOLWqE&lc=UgyJo51TlaAizFGtKYh4AaABAg,1/15/2023 22:53,0,Mehdi:FUCKING breaker Everyone else :,http://www.youtube.com/@shanebrobst5875
892,@aghilesk,Still the most epic 1M celebration on Youtube.,Ugwz3TXbOAviL4MsGbp4AaABAg,,3,https://www.youtube.com/watch?v=lT3vGaOLWqE&lc=Ugwz3TXbOAviL4MsGbp4AaABAg,1/15/2023 22:47,0,Still the most epic 1M celebration on Youtube.,http://www.youtube.com/@aghilesk
893,@luisangelgaribaldi928,Hi congrats Did you teach me too much!!! Thans a lot! (I want a printer 3D...thanks before...) Luis Angel,UgzuFzv2bGqupCy-pBR4AaABAg,,0,https://www.youtube.com/watch?v=lT3vGaOLWqE&lc=UgzuFzv2bGqupCy-pBR4AaABAg,1/15/2023 16:17,0,Hi congrats Did you teach me too much!!! Thans a lot! (I want a printer 3D...thanks before...) Luis Angel,http://www.youtube.com/@luisangelgaribaldi928
894,@AwesomePawesome,"""a simple circuit like this"" *writes in rick and morty*",Ugxc-bLeW-1T0lkEbih4AaABAg,,0,https://www.youtube.com/watch?v=lT3vGaOLWqE&lc=Ugxc-bLeW-1T0lkEbih4AaABAg,1/15/2023 15:13,0,"""a simple circuit like this"" *writes in rick and morty*",http://www.youtube.com/@AwesomePawesome
895,@shahriaryshaira1365,"Dear sir.hi great full for your work, did you ??? heard about keshe plasma field technology and reactors, from Mr mehran tavakoly keshe from keshe foundation??????????????????if you nano wire your cupper wire will be Much better...........",UgwgrHBuMPpAjMeNdGV4AaABAg,,0,https://www.youtube.com/watch?v=lT3vGaOLWqE&lc=UgwgrHBuMPpAjMeNdGV4AaABAg,1/14/2023 21:14,0,"Dear sir.hi great full for your work, did you ??? heard about keshe plasma field technology and reactors, from Mr mehran tavakoly keshe from keshe foundation??????????????????if you nano wire your cupper wire will be Much better...........",http://www.youtube.com/@shahriaryshaira1365
896,@schultz02,Mate he is the king of making tasers,Ugz96CHdRsJwKldbx3d4AaABAg,,0,https://www.youtube.com/watch?v=lT3vGaOLWqE&lc=Ugz96CHdRsJwKldbx3d4AaABAg,1/14/2023 17:00,0,Mate he is the king of making tasers,http://www.youtube.com/@schultz02
897,@dadogwitdabignose,"i used to think this guy was utterly hilarious when he got electrocuted in his videos five years ago, now i just see it\'s educational as hell",UgxNHoheFF3QLFoAbh94AaABAg,,0,https://www.youtube.com/watch?v=lT3vGaOLWqE&lc=UgxNHoheFF3QLFoAbh94AaABAg,1/14/2023 9:05,0,"i used to think this guy was utterly hilarious when he got electrocuted in his videos five years ago, now i just see it\'s educational as hell",http://www.youtube.com/@dadogwitdabignose
898,@brianwood5220,"Great video, thanks for sharing.",UgzRgZOi5I8Johltf5h4AaABAg,,0,https://www.youtube.com/watch?v=lT3vGaOLWqE&lc=UgzRgZOi5I8Johltf5h4AaABAg,1/14/2023 5:30,0,"Great video, thanks for sharing.",http://www.youtube.com/@brianwood5220
899,@memexd2558,7:58 that face is Soo funny,UgxPnSc0EC6w1LsfSIZ4AaABAg,,0,https://www.youtube.com/watch?v=lT3vGaOLWqE&lc=UgxPnSc0EC6w1LsfSIZ4AaABAg,1/13/2023 21:33,0,7:58 that face is Soo funny,http://www.youtube.com/@memexd2558
900,@PascalAbi,4:48 his phone,UgwP6TRu8c3V7nCJPJ54AaABAg,,0,https://www.youtube.com/watch?v=lT3vGaOLWqE&lc=UgwP6TRu8c3V7nCJPJ54AaABAg,1/13/2023 10:43,0,4:48 his phone,http://www.youtube.com/@PascalAbi
901,@vaporishbell957,8:00 when I stub my toe,Ugw-vAp6R2ZoZsr-UrR4AaABAg,,0,https://www.youtube.com/watch?v=lT3vGaOLWqE&lc=Ugw-vAp6R2ZoZsr-UrR4AaABAg,1/11/2023 23:41,0,8:00 when I stub my toe,http://www.youtube.com/@vaporishbell957
902,@sadas672,"Man, you the best!????????????",Ugxxk0NhOXAjXliGJS94AaABAg,,0,https://www.youtube.com/watch?v=lT3vGaOLWqE&lc=Ugxxk0NhOXAjXliGJS94AaABAg,1/11/2023 23:04,0,"Man, you the best!????????????",http://www.youtube.com/@sadas672
903,@ThaBootyBandit,How is he alive,UgwGefihyQ4lYv4N_Gx4AaABAg,,0,https://www.youtube.com/watch?v=lT3vGaOLWqE&lc=UgwGefihyQ4lYv4N_Gx4AaABAg,1/11/2023 19:09,0,How is he alive,http://www.youtube.com/@ThaBootyBandit
904,@pierQRzt180,I notice only now that the "Mehdi from the future" is the one after the incident.,Ugz4oNUPXIPNboeg9Jx4AaABAg,,0,https://www.youtube.com/watch?v=lT3vGaOLWqE&lc=Ugz4oNUPXIPNboeg9Jx4AaABAg,1/11/2023 15:23,0,I notice only now that the "Mehdi from the future" is the one after the incident.,http://www.youtube.com/@pierQRzt180
905,@ericbadly,Nah whenever I see his hands close to the wire it just gets me so nervous,UgyuIVSNATMzJOVMffF4AaABAg,,0,https://www.youtube.com/watch?v=lT3vGaOLWqE&lc=UgyuIVSNATMzJOVMffF4AaABAg,1/10/2023 21:40,0,Nah whenever I see his hands close to the wire it just gets me so nervous,http://www.youtube.com/@ericbadly
906,@Alienami,"I am not sure why you thought giant sparklers inside was a good idea, nevermind making them into deadly high voltage ones... Honestly, if they didn\'t fall over first, I assume far worse would have happened. Because you didn\'t anticipate the plasma and the electric charge and weight change moving the top heavy arrangement... Nor that the 3D printed plastic stand was bare minimum stability and also would have DEFINITELY melted FAST if they did arc and ignite (like the Capacitor) and that would have done it... Hundreds of degrees of molten melt and hundreds of volts right in your lap...and the volts would have made you unable to respond to the molten metal and bonfire that is, or was, your lap area.",Ugwf1kKkNgbjasuhfmZ4AaABAg,,0,https://www.youtube.com/watch?v=lT3vGaOLWqE&lc=Ugwf1kKkNgbjasuhfmZ4AaABAg,1/10/2023 17:26,0,"I am not sure why you thought giant sparklers inside was a good idea, nevermind making them into deadly high voltage ones... Honestly, if they didn\'t fall over first, I assume far worse would have happened. Because you didn\'t anticipate the plasma and the electric charge and weight change moving the top heavy arrangement... Nor that the 3D printed plastic stand was bare minimum stability and also would have DEFINITELY melted FAST if they did arc and ignite (like the Capacitor) and that would have done it... Hundreds of degrees of molten melt and hundreds of volts right in your lap...and the volts would have made you unable to respond to the molten metal and bonfire that is, or was, your lap area.",http://www.youtube.com/@Alienami
907,@WilsonJavierVelozParra,I need a printer. *joke.txt attached*,Ugxt5qhfvwyPT8P563t4AaABAg,,0,https://www.youtube.com/watch?v=lT3vGaOLWqE&lc=Ugxt5qhfvwyPT8P563t4AaABAg,1/10/2023 9:24,0,I need a printer. *joke.txt attached*,http://www.youtube.com/@WilsonJavierVelozParra
908,@GokantheHusky,Ladies and Gentlemen: The video that almost killed the man himself.,UgwLpxHSUgPnae60yS54AaABAg,,0,https://www.youtube.com/watch?v=lT3vGaOLWqE&lc=UgwLpxHSUgPnae60yS54AaABAg,1/10/2023 0:56,0,Ladies and Gentlemen: The video that almost killed the man himself.,http://www.youtube.com/@GokantheHusky
909,@TheInvisibleOrange26,You telling me that 2:46 turned into THAT!!! 3:18,UgzZ6D6UvMMPLQipsyN4AaABAg,,0,https://www.youtube.com/watch?v=lT3vGaOLWqE&lc=UgzZ6D6UvMMPLQipsyN4AaABAg,1/8/2023 23:42,0,You telling me that 2:46 turned into THAT!!! 3:18,http://www.youtube.com/@TheInvisibleOrange26
910,@amberson5838,–? –ø–µ—?–≤—?–π —?–∞–∑ –≤–∏–∂—? –æ–±—?–∞–∑–æ–≤–∞–Ω–Ω–æ–≥–æ –∞–π–∑–µ—?–∞,UgzCwouVfNdbanhiUEl4AaABAg,,0,https://www.youtube.com/watch?v=lT3vGaOLWqE&lc=UgzCwouVfNdbanhiUEl4AaABAg,1/8/2023 13:39,0,–? –ø–µ—?–≤—?–π —?–∞–∑ –≤–∏–∂—? –æ–±—?–∞–∑–æ–≤–∞–Ω–Ω–æ–≥–æ –∞–π–∑–µ—?–∞,http://www.youtube.com/@amberson5838
911,@banluongthien5968,Th·ª£ ƒ?i·ª?n b√¨nh d∆∞∆°ng,Ugyif4gKxj0FWw8WYF54AaABAg,,0,https://www.youtube.com/watch?v=lT3vGaOLWqE&lc=Ugyif4gKxj0FWw8WYF54AaABAg,1/8/2023 5:43,0,Th·ª£ ƒ?i·ª?n b√¨nh d∆∞∆°ng,http://www.youtube.com/@banluongthien5968
912,@geralduslepan5208,8:00 this reaction must be the best of mehdi ever hahaha,Ugz6qBu8g2ttLh5pU7p4AaABAg,,0,https://www.youtube.com/watch?v=lT3vGaOLWqE&lc=Ugz6qBu8g2ttLh5pU7p4AaABAg,1/8/2023 1:00,0,8:00 this reaction must be the best of mehdi ever hahaha,http://www.youtube.com/@geralduslepan5208
913,@tommydigiacomo2876,Love this guy lmao so funny,UgztXTBhWgdlq5wdT4R4AaABAg,,0,https://www.youtube.com/watch?v=lT3vGaOLWqE&lc=UgztXTBhWgdlq5wdT4R4AaABAg,1/7/2023 22:21,0,Love this guy lmao so funny,http://www.youtube.com/@tommydigiacomo2876
914,@tommydigiacomo2876,Lulsballs..lol 3d printer.,Ugzy6jC0xuhjwZzxbmB4AaABAg,,0,https://www.youtube.com/watch?v=lT3vGaOLWqE&lc=Ugzy6jC0xuhjwZzxbmB4AaABAg,1/7/2023 22:19,0,Lulsballs..lol 3d printer.,http://www.youtube.com/@tommydigiacomo2876
915,@derp0112,This guy is the equivalent to 7 year old me trying to figure out how to make a Redstone door,UgwGtVBWWBTT346e_0N4AaABAg,,0,https://www.youtube.com/watch?v=lT3vGaOLWqE&lc=UgwGtVBWWBTT346e_0N4AaABAg,1/7/2023 21:26,0,This guy is the equivalent to 7 year old me trying to figure out how to make a Redstone door,http://www.youtube.com/@derp0112
916,@SB-nt9fp,This will be a wonderful memorial channel some day LOL,UgwhfOMcpojy76eneL14AaABAg,,3,https://www.youtube.com/watch?v=lT3vGaOLWqE&lc=UgwhfOMcpojy76eneL14AaABAg,1/7/2023 14:33,0,This will be a wonderful memorial channel some day LOL,http://www.youtube.com/@SB-nt9fp
917,@clintwilde1048,"I saw movies just like this over 55 years ago as a new student in electronics Navy A school, but in that case, it was a cartoon character who sustained all the injuries. Perhaps this fellow is like the guy that got struck by lightning many times and survived.",UgxuByS_9iTLch0wtxp4AaABAg,,0,https://www.youtube.com/watch?v=lT3vGaOLWqE&lc=UgxuByS_9iTLch0wtxp4AaABAg,1/6/2023 20:54,0,"I saw movies just like this over 55 years ago as a new student in electronics Navy A school, but in that case, it was a cartoon character who sustained all the injuries. Perhaps this fellow is like the guy that got struck by lightning many times and survived.",http://www.youtube.com/@clintwilde1048
918,@Moocowthegreat,ElectroBOOM: This is your final warning! Do not touch this!! Me: \\ / \\ / \\ / ?????è \\ ‚?°Ô∏è / \\ / \\/,Ugziaxq0ITkOAiKHvVh4AaABAg,,0,https://www.youtube.com/watch?v=lT3vGaOLWqE&lc=Ugziaxq0ITkOAiKHvVh4AaABAg,1/6/2023 19:22,0,ElectroBOOM: This is your final warning! Do not touch this!! Me: \\ / \\ / \\ / ?????è \\ ‚?°Ô∏è / \\ / \\/,http://www.youtube.com/@Moocowthegreat
919,@forerunnert,5.4 million currently..,UgwZnSaydsPWsY7sZqN4AaABAg,,0,https://www.youtube.com/watch?v=lT3vGaOLWqE&lc=UgwZnSaydsPWsY7sZqN4AaABAg,1/6/2023 18:39,0,5.4 million currently..,http://www.youtube.com/@forerunnert
920,@khaledkwaider2856,?§£ this dude is Rick of electric science,UgzWgoeXNWIk2IFksYl4AaABAg,,0,https://www.youtube.com/watch?v=lT3vGaOLWqE&lc=UgzWgoeXNWIk2IFksYl4AaABAg,1/5/2023 22:18,0,?§£ this dude is Rick of electric science,http://www.youtube.com/@khaledkwaider2856
921,@v.d.l.7246,He\'s like the Ladybug from Bullet Train. Surviving all the death situations.,UgxXVHTEhIt_AlIT1AV4AaABAg,,0,https://www.youtube.com/watch?v=lT3vGaOLWqE&lc=UgxXVHTEhIt_AlIT1AV4AaABAg,1/5/2023 17:13,0,He\'s like the Ladybug from Bullet Train. Surviving all the death situations.,http://www.youtube.com/@v.d.l.7246
922,@AntonioTheSpartan,"8:30 Lyrics for the 1Mil Subscribers Song (in Gibberish): Oanava Friera Min Amore En Tama Miarna Men Amore A Ta Guliora Me Cafo E Taco Rogma Sel Amore A Na Maniro Men Amur? O Camo Riter Van Anyore An Tare Siero Sta Va Freu Ra Va Na Neuro Mot Amore O Navo Fuero A Mane Sicu Chinda Om Vari Tebe --------------------------------------------------------------------------------- Edit: Here\'s the English Translation I will find my love My love lies among the darkness You are starting to lose hope But I will fight for my love Who is my true lover? They are right behind me I will hold your hand tight No matter what happens, my love You will survive We will live a happy life together --------------------------------------------------------------------------------- Let me know if this is accurate by giving this comment a like, I would really appreciate it! :D",UgyAvUn6m9a0KIz8j6l4AaABAg,,3,https://www.youtube.com/watch?v=lT3vGaOLWqE&lc=UgyAvUn6m9a0KIz8j6l4AaABAg,1/2/2023 13:44,0,"8:30 Lyrics for the 1Mil Subscribers Song (in Gibberish): Oanava Friera Min Amore En Tama Miarna Men Amore A Ta Guliora Me Cafo E Taco Rogma Sel Amore A Na Maniro Men Amur? O Camo Riter Van Anyore An Tare Siero Sta Va Freu Ra Va Na Neuro Mot Amore O Navo Fuero A Mane Sicu Chinda Om Vari Tebe --------------------------------------------------------------------------------- Edit: Here\'s the English Translation I will find my love My love lies among the darkness You are starting to lose hope But I will fight for my love Who is my true lover? They are right behind me I will hold your hand tight No matter what happens, my love You will survive We will live a happy life together --------------------------------------------------------------------------------- Let me know if this is accurate by giving this comment a like, I would really appreciate it! :D",http://www.youtube.com/@AntonioTheSpartan
923,@Steelware.,Im dead ?????¢?????¢?????Æ?????Æ??????????????????,UgysEJbLUDX9bidg-fx4AaABAg,,0,https://www.youtube.com/watch?v=lT3vGaOLWqE&lc=UgysEJbLUDX9bidg-fx4AaABAg,12/30/2022 2:55,0,Im dead ?????¢?????¢?????Æ?????Æ??????????????????,http://www.youtube.com/@Steelware.
924,@ZAKYY0000,can you throw a bolt into the fire,UgzFzSOXQEAoANk3d3p4AaABAg,,0,https://www.youtube.com/watch?v=lT3vGaOLWqE&lc=UgzFzSOXQEAoANk3d3p4AaABAg,12/29/2022 22:51,0,can you throw a bolt into the fire,http://www.youtube.com/@ZAKYY0000
925,@Wasd74258,0:06 seconds soo funny,UgxhiXtmtdDtUrHCiGZ4AaABAg,,0,https://www.youtube.com/watch?v=lT3vGaOLWqE&lc=UgxhiXtmtdDtUrHCiGZ4AaABAg,12/29/2022 0:24,0,0:06 seconds soo funny,http://www.youtube.com/@Wasd74258
926,@stroopsix8814,The start tho,UgxWysAA7ACJBqqY6454AaABAg,,0,https://www.youtube.com/watch?v=lT3vGaOLWqE&lc=UgxWysAA7ACJBqqY6454AaABAg,12/28/2022 18:51,0,The start tho,http://www.youtube.com/@stroopsix8814
927,@Affan0509,??????????????????????????????????????????????????????????????????,UgyrWa1Qno6XsbrrmG54AaABAg,,0,https://www.youtube.com/watch?v=lT3vGaOLWqE&lc=UgyrWa1Qno6XsbrrmG54AaABAg,12/28/2022 9:05,0,??????????????????????????????????????????????????????????????????,http://www.youtube.com/@Affan0509
928,@AstroWorldObjectCosmos,1:45,UgwYxEL9X7ysIm0OGwp4AaABAg,,0,https://www.youtube.com/watch?v=lT3vGaOLWqE&lc=UgwYxEL9X7ysIm0OGwp4AaABAg,12/27/2022 17:18,0,1:45,http://www.youtube.com/@AstroWorldObjectCosmos
929,@skynerthebest396,10:26 got me so well lol,Ugx2ULKIF5uqJpPlIFZ4AaABAg,,0,https://www.youtube.com/watch?v=lT3vGaOLWqE&lc=Ugx2ULKIF5uqJpPlIFZ4AaABAg,12/26/2022 6:37,0,10:26 got me so well lol,http://www.youtube.com/@skynerthebest396
930,@xdvid5298,how in the ever livingly fu- i mean frick is this guy alive,UgxEsPL73Vq-Go2uI-94AaABAg,,0,https://www.youtube.com/watch?v=lT3vGaOLWqE&lc=UgxEsPL73Vq-Go2uI-94AaABAg,12/25/2022 16:45,0,how in the ever livingly fu- i mean frick is this guy alive,http://www.youtube.com/@xdvid5298
931,@xTheGameViewerx,Can someone explain to me the severity of the thing falling on him almost causing his death?,Ugx4dLtSYJD4HSnHwmJ4AaABAg,,0,https://www.youtube.com/watch?v=lT3vGaOLWqE&lc=Ugx4dLtSYJD4HSnHwmJ4AaABAg,12/24/2022 15:16,0,Can someone explain to me the severity of the thing falling on him almost causing his death?,http://www.youtube.com/@xTheGameViewerx
932,@Rizzivr,How you keep items from your ass to giveaway ?§?,Ugw61cg0AADeZqG0pxh4AaABAg,,0,https://www.youtube.com/watch?v=lT3vGaOLWqE&lc=Ugw61cg0AADeZqG0pxh4AaABAg,12/24/2022 15:09,0,How you keep items from your ass to giveaway ?§?,http://www.youtube.com/@Rizzivr
933,@cedrikv.b4860,Most electrocuted man on earth,UgxO8ScNrvn7lbxFpOt4AaABAg,,0,https://www.youtube.com/watch?v=lT3vGaOLWqE&lc=UgxO8ScNrvn7lbxFpOt4AaABAg,12/23/2022 22:45,0,Most electrocuted man on earth,http://www.youtube.com/@cedrikv.b4860
934,@embracethevoid9196,Do you want a riot shield to save yourself from electric shock,UgwBOCQLK9cq35n_BD14AaABAg,,0,https://www.youtube.com/watch?v=lT3vGaOLWqE&lc=UgwBOCQLK9cq35n_BD14AaABAg,12/23/2022 8:14,0,Do you want a riot shield to save yourself from electric shock,http://www.youtube.com/@embracethevoid9196
935,@gravitrax1,03:17 is so fun to 03:20 metal bye and 08:00 is so fun too,UgyjsEPuTnC9tewf7994AaABAg,,1,https://www.youtube.com/watch?v=lT3vGaOLWqE&lc=UgyjsEPuTnC9tewf7994AaABAg,12/23/2022 4:27,0,03:17 is so fun to 03:20 metal bye and 08:00 is so fun too,http://www.youtube.com/@gravitrax1
936,@RudeBuddha,"Video got recommended again, and still thankful to the wires for saving beautiful man.",UgzaftcDhUa4mmboeKJ4AaABAg,,1,https://www.youtube.com/watch?v=lT3vGaOLWqE&lc=UgzaftcDhUa4mmboeKJ4AaABAg,12/22/2022 4:21,0,"Video got recommended again, and still thankful to the wires for saving beautiful man.",http://www.youtube.com/@RudeBuddha
937,@minhuc5266,Th·ª£ ƒ?i·ª?n ·ª? b√¨nh d∆∞∆°ng???,UgxKUUYeMOpv34IxcH94AaABAg,,0,https://www.youtube.com/watch?v=lT3vGaOLWqE&lc=UgxKUUYeMOpv34IxcH94AaABAg,12/21/2022 7:53,0,Th·ª£ ƒ?i·ª?n ·ª? b√¨nh d∆∞∆°ng???,http://www.youtube.com/@minhuc5266
938,@fernandosolatre6083,I was 8 years old when I first watch his video and I think it\'s funny but after many years I still watch his video,UgypXL_otHLLf8HUcY94AaABAg,,0,https://www.youtube.com/watch?v=lT3vGaOLWqE&lc=UgypXL_otHLLf8HUcY94AaABAg,12/21/2022 5:32,0,I was 8 years old when I first watch his video and I think it\'s funny but after many years I still watch his video,http://www.youtube.com/@fernandosolatre6083
939,@supermum3492,3:17 Bro just made a lightsaber ?§£,UgyX1Egt0kfnWUBe3Bx4AaABAg,,0,https://www.youtube.com/watch?v=lT3vGaOLWqE&lc=UgyX1Egt0kfnWUBe3Bx4AaABAg,12/20/2022 18:49,0,3:17 Bro just made a lightsaber ?§£,http://www.youtube.com/@supermum3492
940,@alberteugen4327,this guy is invincible,Ugx9N6Luj8DPSg0gw354AaABAg,,5,https://www.youtube.com/watch?v=lT3vGaOLWqE&lc=Ugx9N6Luj8DPSg0gw354AaABAg,12/20/2022 14:56,0,this guy is invincible,http://www.youtube.com/@alberteugen4327
941,@DeadInside24_7,Hes so traumatized he jumps at the sound of the breaker tripping ????????????,UgyfnMeoFwC1a_1qFwJ4AaABAg,,0,https://www.youtube.com/watch?v=lT3vGaOLWqE&lc=UgyfnMeoFwC1a_1qFwJ4AaABAg,12/20/2022 0:58,0,Hes so traumatized he jumps at the sound of the breaker tripping ????????????,http://www.youtube.com/@DeadInside24_7
942,@leoposavec2990,Can we all just apriciate how beautiful hes singin,UgzRLHp6l81qRuCvvLd4AaABAg,,0,https://www.youtube.com/watch?v=lT3vGaOLWqE&lc=UgzRLHp6l81qRuCvvLd4AaABAg,12/19/2022 18:33,0,Can we all just apriciate how beautiful hes singin,http://www.youtube.com/@leoposavec2990
943,@emilioolvera8874,He says it\'s sheer luck I call it sheer stupidity ?§£?§£?§£,UgyL3xNHjfpp_iLj7U14AaABAg,,2,https://www.youtube.com/watch?v=lT3vGaOLWqE&lc=UgyL3xNHjfpp_iLj7U14AaABAg,12/19/2022 10:03,0,He says it\'s sheer luck I call it sheer stupidity ?§£?§£?§£,http://www.youtube.com/@emilioolvera8874
944,@Bryson-jo3qp,bro a superhero,Ugz7j38u7_qT0-_10Xp4AaABAg,,0,https://www.youtube.com/watch?v=lT3vGaOLWqE&lc=Ugz7j38u7_qT0-_10Xp4AaABAg,12/18/2022 23:42,0,bro a superhero,http://www.youtube.com/@Bryson-jo3qp
945,@dougtaylor7724,I‚??m afraid at 10 million subs he will build an electric chair. If he lives that long.,UgzhWzxL8nzI4ffw6JF4AaABAg,,4789,https://www.youtube.com/watch?v=lT3vGaOLWqE&lc=UgzhWzxL8nzI4ffw6JF4AaABAg,12/18/2022 13:38,15,I‚??m afraid at 10 million subs he will build an electric chair. If he lives that long.,http://www.youtube.com/@dougtaylor7724
946,@rekik2936,lmao???,UgzhWzxL8nzI4ffw6JF4AaABAg.9jmy3UbfBVt9krX8a5kMtf,@dougtaylor7724,33,https://www.youtube.com/watch?v=lT3vGaOLWqE&lc=UgzhWzxL8nzI4ffw6JF4AaABAg.9jmy3UbfBVt9krX8a5kMtf,1/14/2023 4:42,0,lmao???,http://www.youtube.com/@rekik2936
947,@isaactrockman4417,"He basically did, with the heated chair thing",UgzhWzxL8nzI4ffw6JF4AaABAg.9jmy3UbfBVt9l2QozDwq5s,@dougtaylor7724,133,https://www.youtube.com/watch?v=lT3vGaOLWqE&lc=UgzhWzxL8nzI4ffw6JF4AaABAg.9jmy3UbfBVt9l2QozDwq5s,1/18/2023 19:37,0,"He basically did, with the heated chair thing",http://www.youtube.com/@isaactrockman4417
948,@My_Concept_Inspiration,Ye if he live that long,UgzhWzxL8nzI4ffw6JF4AaABAg.9jmy3UbfBVt9lQCTTQDuga,@dougtaylor7724,11,https://www.youtube.com/watch?v=lT3vGaOLWqE&lc=UgzhWzxL8nzI4ffw6JF4AaABAg.9jmy3UbfBVt9lQCTTQDuga,1/28/2023 1:14,0,Ye if he live that long,http://www.youtube.com/@My_Concept_Inspiration
949,@monomate,oooooooooooooooo we\'re halfway there,UgzhWzxL8nzI4ffw6JF4AaABAg.9jmy3UbfBVt9lSbEbyWp4Y,@dougtaylor7724,9,https://www.youtube.com/watch?v=lT3vGaOLWqE&lc=UgzhWzxL8nzI4ffw6JF4AaABAg.9jmy3UbfBVt9lSbEbyWp4Y,1/28/2023 23:37,0,oooooooooooooooo we\'re halfway there,http://www.youtube.com/@monomate
950,@BuckWezr,"And will survive that too, I\'d bet!",UgzhWzxL8nzI4ffw6JF4AaABAg.9jmy3UbfBVt9ow05Y1MArc,@dougtaylor7724,3,https://www.youtube.com/watch?v=lT3vGaOLWqE&lc=UgzhWzxL8nzI4ffw6JF4AaABAg.9jmy3UbfBVt9ow05Y1MArc,4/25/2023 9:35,0,"And will survive that too, I\'d bet!",http://www.youtube.com/@BuckWezr
951,@michaelattle1815,0,Ugx5nO6ZPAu_kRcl8M54AaABAg,,0,https://www.youtube.com/watch?v=lT3vGaOLWqE&lc=Ugx5nO6ZPAu_kRcl8M54AaABAg,12/18/2022 6:54,0,0,http://www.youtube.com/@michaelattle1815
952,@skyeline.,Whenever the thing fell I could feel the electricity through the screen ???,Ugz99vnDH00eC2ipM4l4AaABAg,,27,https://www.youtube.com/watch?v=lT3vGaOLWqE&lc=Ugz99vnDH00eC2ipM4l4AaABAg,12/17/2022 22:49,0,Whenever the thing fell I could feel the electricity through the screen ???,http://www.youtube.com/@skyeline.
953,@roseabee7503,Is it me or does he look offended that the wire shocked him at 1:45? ?§£?§£?§£,UgyoHfsdqSwuKEjhQKV4AaABAg,,1,https://www.youtube.com/watch?v=lT3vGaOLWqE&lc=UgyoHfsdqSwuKEjhQKV4AaABAg,12/17/2022 20:48,0,Is it me or does he look offended that the wire shocked him at 1:45? ?§£?§£?§£,http://www.youtube.com/@roseabee7503
954,@DaSpecialZak,wonder if there\'ll be a 6 million subscriber special,UgzsOaNcyy_0cJFgmxB4AaABAg,,1,https://www.youtube.com/watch?v=lT3vGaOLWqE&lc=UgzsOaNcyy_0cJFgmxB4AaABAg,12/17/2022 16:46,0,wonder if there\'ll be a 6 million subscriber special,http://www.youtube.com/@DaSpecialZak
955,@jesusynadamas4261,Sigue haciendo el idiota Alg√∫n d√≠a puedes temer un accidente,UgwfWre1cc_F99ehq8x4AaABAg,,1,https://www.youtube.com/watch?v=lT3vGaOLWqE&lc=UgwfWre1cc_F99ehq8x4AaABAg,12/17/2022 8:38,0,Sigue haciendo el idiota Alg√∫n d√≠a puedes temer un accidente,http://www.youtube.com/@jesusynadamas4261
956,@mathscraw3741,The hilarious thing that he is still trying to make some dangerous things even there are sparks around and half of the system collapsed is tells us too much about "why bad things happen to good people".,Ugy_7MdYTyJUkL5aZbV4AaABAg,,0,https://www.youtube.com/watch?v=lT3vGaOLWqE&lc=Ugy_7MdYTyJUkL5aZbV4AaABAg,12/17/2022 6:06,0,The hilarious thing that he is still trying to make some dangerous things even there are sparks around and half of the system collapsed is tells us too much about "why bad things happen to good people".,http://www.youtube.com/@mathscraw3741
957,@supernautistaken,"the key to survival must be in the breaker,",UgxbYwubd0kBDGLsDOV4AaABAg,,0,https://www.youtube.com/watch?v=lT3vGaOLWqE&lc=UgxbYwubd0kBDGLsDOV4AaABAg,12/15/2022 8:35,0,"the key to survival must be in the breaker,",http://www.youtube.com/@supernautistaken
958,@edwinking1654,8:00,UgxjByvRfwZxc7mTEWB4AaABAg,,1,https://www.youtube.com/watch?v=lT3vGaOLWqE&lc=UgxjByvRfwZxc7mTEWB4AaABAg,12/14/2022 22:56,0,8:00,http://www.youtube.com/@edwinking1654
959,@Ninjanight4gt,BRO how is he still alive ??≠,UgzPXLGAu6Q0bwJYK8N4AaABAg,,0,https://www.youtube.com/watch?v=lT3vGaOLWqE&lc=UgzPXLGAu6Q0bwJYK8N4AaABAg,12/14/2022 22:36,0,BRO how is he still alive ??≠,http://www.youtube.com/@Ninjanight4gt
960,@henry4240,You guys think the giveaway is still up?,UgxiJYHNOub2DIn5xG94AaABAg,,0,https://www.youtube.com/watch?v=lT3vGaOLWqE&lc=UgxiJYHNOub2DIn5xG94AaABAg,12/14/2022 17:35,1,You guys think the giveaway is still up?,http://www.youtube.com/@henry4240
961,@paolo69,Yes,UgxiJYHNOub2DIn5xG94AaABAg.9jd4zlQiI5x9jfMysav3O0,@henry4240,0,https://www.youtube.com/watch?v=lT3vGaOLWqE&lc=UgxiJYHNOub2DIn5xG94AaABAg.9jd4zlQiI5x9jfMysav3O0,12/15/2022 14:50,0,Yes,http://www.youtube.com/@paolo69
962,@firedog1116,This is the BEST!,UgyaUSO8P7MkI5Lwr-x4AaABAg,,2,https://www.youtube.com/watch?v=lT3vGaOLWqE&lc=UgyaUSO8P7MkI5Lwr-x4AaABAg,12/13/2022 23:48,0,This is the BEST!,http://www.youtube.com/@firedog1116
963,@gehteuchnixan4156,Could You build another Jacob\'s Ladder in a Tube filled with some Gasses maybe for some arc coloration and maybe even safety?^^,Ugzvs66d4dQ7VnUmB1l4AaABAg,,17,https://www.youtube.com/watch?v=lT3vGaOLWqE&lc=Ugzvs66d4dQ7VnUmB1l4AaABAg,12/13/2022 8:59,0,Could You build another Jacob\'s Ladder in a Tube filled with some Gasses maybe for some arc coloration and maybe even safety?^^,http://www.youtube.com/@gehteuchnixan4156
964,@kristofborsi9303,A KURVA ANYADAT TE GECI,UgxzlZnzkzrPG5Bxz_F4AaABAg,,0,https://www.youtube.com/watch?v=lT3vGaOLWqE&lc=UgxzlZnzkzrPG5Bxz_F4AaABAg,12/13/2022 7:06,0,A KURVA ANYADAT TE GECI,http://www.youtube.com/@kristofborsi9303
965,@elektronik_aksesuar_turkiye,please add Turkish subtitles to your videos,UgzH0-sBflLxWefh-gV4AaABAg,,0,https://www.youtube.com/watch?v=lT3vGaOLWqE&lc=UgzH0-sBflLxWefh-gV4AaABAg,12/12/2022 17:36,0,please add Turkish subtitles to your videos,http://www.youtube.com/@elektronik_aksesuar_turkiye
966,@max_der_lachswaechter6925,"This guy ltteraly has beaten death that many times, he can`t die anymore",UgwZk2vJIVId9-F696t4AaABAg,,3,https://www.youtube.com/watch?v=lT3vGaOLWqE&lc=UgwZk2vJIVId9-F696t4AaABAg,12/12/2022 15:59,0,"This guy ltteraly has beaten death that many times, he can`t die anymore",http://www.youtube.com/@max_der_lachswaechter6925
967,@ingeantonov3738,So stupid idiot ???,Ugzw1T_yheFRSJCJnNd4AaABAg,,0,https://www.youtube.com/watch?v=lT3vGaOLWqE&lc=Ugzw1T_yheFRSJCJnNd4AaABAg,12/12/2022 14:13,0,So stupid idiot ???,http://www.youtube.com/@ingeantonov3738
968,@Nirazen,His humor is shocking!!!,Ugzz9r7faIDHO6X2pg94AaABAg,,0,https://www.youtube.com/watch?v=lT3vGaOLWqE&lc=Ugzz9r7faIDHO6X2pg94AaABAg,12/12/2022 12:45,0,His humor is shocking!!!,http://www.youtube.com/@Nirazen
969,@historyballsofficial,Him: *Almost dies* Also him: SHEEEER LUCK,UgzXS5rzCesAvR7Mi214AaABAg,,1,https://www.youtube.com/watch?v=lT3vGaOLWqE&lc=UgzXS5rzCesAvR7Mi214AaABAg,12/12/2022 11:20,0,Him: *Almost dies* Also him: SHEEEER LUCK,http://www.youtube.com/@historyballsofficial
970,@joymaurice4851,dis in the best memes god,Ugx7V2FfQnrl4xelaEx4AaABAg,,0,https://www.youtube.com/watch?v=lT3vGaOLWqE&lc=Ugx7V2FfQnrl4xelaEx4AaABAg,12/12/2022 8:53,0,dis in the best memes god,http://www.youtube.com/@joymaurice4851
971,@reyeslee6115,7:57,UgyLMElroYrb5LkuckN4AaABAg,,0,https://www.youtube.com/watch?v=lT3vGaOLWqE&lc=UgyLMElroYrb5LkuckN4AaABAg,12/12/2022 2:15,0,7:57,http://www.youtube.com/@reyeslee6115
972,@timasstanaitis6085,7:58,UgyfYYQEiRuEC7WNGux4AaABAg,,506,https://www.youtube.com/watch?v=lT3vGaOLWqE&lc=UgyfYYQEiRuEC7WNGux4AaABAg,12/11/2022 15:00,3,7:58,http://www.youtube.com/@timasstanaitis6085
973,@sith_gamer1010,Thank you,UgyfYYQEiRuEC7WNGux4AaABAg.9jW4w3CNG03A2792KU_qHe,@timasstanaitis6085,2,https://www.youtube.com/watch?v=lT3vGaOLWqE&lc=UgyfYYQEiRuEC7WNGux4AaABAg.9jW4w3CNG03A2792KU_qHe,4/12/2024 2:03,0,Thank you,http://www.youtube.com/@sith_gamer1010
974,@FCCDHFC-bk6yt,??? this is top tier content,UgyfYYQEiRuEC7WNGux4AaABAg.9jW4w3CNG03A3qXyYH_F70,@timasstanaitis6085,1,https://www.youtube.com/watch?v=lT3vGaOLWqE&lc=UgyfYYQEiRuEC7WNGux4AaABAg.9jW4w3CNG03A3qXyYH_F70,5/24/2024 22:57,0,??? this is top tier content,http://www.youtube.com/@FCCDHFC-bk6yt
975,@Sunilkumar-tm9fo,???,UgyfYYQEiRuEC7WNGux4AaABAg.9jW4w3CNG03A4mEKh8p2tH,@timasstanaitis6085,1,https://www.youtube.com/watch?v=lT3vGaOLWqE&lc=UgyfYYQEiRuEC7WNGux4AaABAg.9jW4w3CNG03A4mEKh8p2tH,6/17/2024 3:20,0,???,http://www.youtube.com/@Sunilkumar-tm9fo
976,@karinarojas6837,He wants to kill himself???,UgzCDUY1oKN_meeXvu54AaABAg,,160,https://www.youtube.com/watch?v=lT3vGaOLWqE&lc=UgzCDUY1oKN_meeXvu54AaABAg,12/11/2022 13:47,0,He wants to kill himself???,http://www.youtube.com/@karinarojas6837
977,@Squidly_Venture,congrats on surviving 4.3 million more subs!,UgwonYizCPxeqKyqiRN4AaABAg,,2,https://www.youtube.com/watch?v=lT3vGaOLWqE&lc=UgwonYizCPxeqKyqiRN4AaABAg,12/11/2022 2:54,0,congrats on surviving 4.3 million more subs!,http://www.youtube.com/@Squidly_Venture
978,@10DW_D,This is kinda dangerous since green fire is kinda toxic,UgzTClLrdxfSThg54UJ4AaABAg,,1,https://www.youtube.com/watch?v=lT3vGaOLWqE&lc=UgzTClLrdxfSThg54UJ4AaABAg,12/10/2022 17:49,1,This is kinda dangerous since green fire is kinda toxic,http://www.youtube.com/@10DW_D
979,@paolo69,Good to know,UgzTClLrdxfSThg54UJ4AaABAg.9jToSWKv72m9jfN4l8vR5A,@10DW_D,0,https://www.youtube.com/watch?v=lT3vGaOLWqE&lc=UgzTClLrdxfSThg54UJ4AaABAg.9jToSWKv72m9jfN4l8vR5A,12/15/2022 14:51,0,Good to know,http://www.youtube.com/@paolo69
980,@nilubiswas058,At least we learned what not to do,Ugw6fzzQQ4vFG-GXCgF4AaABAg,,0,https://www.youtube.com/watch?v=lT3vGaOLWqE&lc=Ugw6fzzQQ4vFG-GXCgF4AaABAg,12/10/2022 7:28,0,At least we learned what not to do,http://www.youtube.com/@nilubiswas058
981,@kosmotto,"how to get shocked 50 ways an live, THIS MAN IS A LEGEND",UgzB6WjdrSKIjiA24i94AaABAg,,3,https://www.youtube.com/watch?v=lT3vGaOLWqE&lc=UgzB6WjdrSKIjiA24i94AaABAg,12/9/2022 23:28,0,"how to get shocked 50 ways an live, THIS MAN IS A LEGEND",http://www.youtube.com/@kosmotto
982,@locuscuztheyfocuse4581,"more views then sub, ppl are truly amazing.",Ugy27G8oxV0iE2BKDPB4AaABAg,,0,https://www.youtube.com/watch?v=lT3vGaOLWqE&lc=Ugy27G8oxV0iE2BKDPB4AaABAg,12/9/2022 16:18,0,"more views then sub, ppl are truly amazing.",http://www.youtube.com/@locuscuztheyfocuse4581
983,@andrez5627,i want 3d printer pls heart emoji kiss emogi,Ugy-yF70Se8Tl5iMsqB4AaABAg,,0,https://www.youtube.com/watch?v=lT3vGaOLWqE&lc=Ugy-yF70Se8Tl5iMsqB4AaABAg,12/8/2022 20:22,0,i want 3d printer pls heart emoji kiss emogi,http://www.youtube.com/@andrez5627
984,@walidsuliman3919,Bruh???,Ugxo4oIWqtec-enPCSd4AaABAg,,0,https://www.youtube.com/watch?v=lT3vGaOLWqE&lc=Ugxo4oIWqtec-enPCSd4AaABAg,12/8/2022 13:56,0,Bruh???,http://www.youtube.com/@walidsuliman3919
985,@matthewyates7539,8:00,UgwkQORrs7Oxx8yk6IR4AaABAg,,1,https://www.youtube.com/watch?v=lT3vGaOLWqE&lc=UgwkQORrs7Oxx8yk6IR4AaABAg,12/7/2022 15:16,0,8:00,http://www.youtube.com/@matthewyates7539
986,@charlierennie7274,This man is the perfect example of the sayin "do as I say not as I do",UgwJDltDLKYIsqmRCUx4AaABAg,,803,https://www.youtube.com/watch?v=lT3vGaOLWqE&lc=UgwJDltDLKYIsqmRCUx4AaABAg,12/7/2022 14:11,1,This man is the perfect example of the sayin "do as I say not as I do",http://www.youtube.com/@charlierennie7274
987,@RomeshSingh-zn8lw,Ayoo your YouTuber,UgwJDltDLKYIsqmRCUx4AaABAg.9jLh9XwDo_U9ui-rEQEiqF,@charlierennie7274,2,https://www.youtube.com/watch?v=lT3vGaOLWqE&lc=UgwJDltDLKYIsqmRCUx4AaABAg.9jLh9XwDo_U9ui-rEQEiqF,9/16/2023 2:11,0,Ayoo your YouTuber,http://www.youtube.com/@RomeshSingh-zn8lw
988,@Callaw2k,"This man is a treasure of mankind, probably should email UNESCO bout him.",UgyMh61eNBaWviHaFQZ4AaABAg,,0,https://www.youtube.com/watch?v=lT3vGaOLWqE&lc=UgyMh61eNBaWviHaFQZ4AaABAg,12/7/2022 6:41,0,"This man is a treasure of mankind, probably should email UNESCO bout him.",http://www.youtube.com/@Callaw2k
989,@Muslim_Ab,girls : why we live longer than men ? also boys :.....................,UgyQLiFGxKgC7jARTKB4AaABAg,,10,https://www.youtube.com/watch?v=lT3vGaOLWqE&lc=UgyQLiFGxKgC7jARTKB4AaABAg,12/6/2022 14:15,0,girls : why we live longer than men ? also boys :.....................,http://www.youtube.com/@Muslim_Ab
990,@Joystick_Joy,i havent laughed like this in five years... all thanks to u lol...i forgot all my frustrations for a while,UgwBjM0FtcgRxgfjWlJ4AaABAg,,65,https://www.youtube.com/watch?v=lT3vGaOLWqE&lc=UgwBjM0FtcgRxgfjWlJ4AaABAg,12/6/2022 5:48,0,i havent laughed like this in five years... all thanks to u lol...i forgot all my frustrations for a while,http://www.youtube.com/@Joystick_Joy
991,@jeremiahcadao2278,i thought that him touching it with his right hand is the dangerous part of this video but him touching it with both of his hand is the most dangerous and hilarious at the same time ?§£?§£,UgyGZFG1VV3D5lhGcR54AaABAg,,18,https://www.youtube.com/watch?v=lT3vGaOLWqE&lc=UgyGZFG1VV3D5lhGcR54AaABAg,12/6/2022 5:22,0,i thought that him touching it with his right hand is the dangerous part of this video but him touching it with both of his hand is the most dangerous and hilarious at the same time ?§£?§£,http://www.youtube.com/@jeremiahcadao2278
992,@MmmmmCheeze,and i thought satic was bad *mehdi be like* AHHH SHI-,UgyKJwMVglOkXhZwcNB4AaABAg,,2,https://www.youtube.com/watch?v=lT3vGaOLWqE&lc=UgyKJwMVglOkXhZwcNB4AaABAg,12/6/2022 5:05,0,and i thought satic was bad *mehdi be like* AHHH SHI-,http://www.youtube.com/@MmmmmCheeze
993,@skidandpumpgame,Best celebration ever ???. And please stay safe i love your content,UgyMFkjRYs-tYN4hP3R4AaABAg,,0,https://www.youtube.com/watch?v=lT3vGaOLWqE&lc=UgyMFkjRYs-tYN4hP3R4AaABAg,12/5/2022 21:55,0,Best celebration ever ???. And please stay safe i love your content,http://www.youtube.com/@skidandpumpgame
994,@OfficalOrdinaryKid,The fact he hold it ???,Ugzv17NNOkRbUvwiJrB4AaABAg,,1,https://www.youtube.com/watch?v=lT3vGaOLWqE&lc=Ugzv17NNOkRbUvwiJrB4AaABAg,12/5/2022 0:33,0,The fact he hold it ???,http://www.youtube.com/@OfficalOrdinaryKid
995,@zyfyzay868,Took him 5 yrs to get 5 mil subs and took Ishowspeed 6 months to get 10 mil subs,UgwUW8fecV5cZtl81FJ4AaABAg,,0,https://www.youtube.com/watch?v=lT3vGaOLWqE&lc=UgwUW8fecV5cZtl81FJ4AaABAg,12/4/2022 21:45,0,Took him 5 yrs to get 5 mil subs and took Ishowspeed 6 months to get 10 mil subs,http://www.youtube.com/@zyfyzay868
996,@Tarantula7Tom,Play 7:58 at 0.25x speed. Thank me later ?§£,UgzGV0i4qp7HJNvI0Td4AaABAg,,1,https://www.youtube.com/watch?v=lT3vGaOLWqE&lc=UgzGV0i4qp7HJNvI0Td4AaABAg,12/4/2022 21:37,0,Play 7:58 at 0.25x speed. Thank me later ?§£,http://www.youtube.com/@Tarantula7Tom
997,@Tubluer,"Jeez When I was a kid I wanted to make a Jacob\'s ladder. I got as far as learning I needed to take apart a bunch of old car ignition parts, and do things like temper a bundle of steel rods before I gave up. So, is there no safe way to build one of these things?",UgwtcJIxEnWa5mJpwSZ4AaABAg,,2,https://www.youtube.com/watch?v=lT3vGaOLWqE&lc=UgwtcJIxEnWa5mJpwSZ4AaABAg,12/3/2022 5:13,0,"Jeez When I was a kid I wanted to make a Jacob\'s ladder. I got as far as learning I needed to take apart a bunch of old car ignition parts, and do things like temper a bundle of steel rods before I gave up. So, is there no safe way to build one of these things?",http://www.youtube.com/@Tubluer
998,@sohamdas5921,bro proof tested the electric chair,UgyGafckWsA_ZSLyk2J4AaABAg,,0,https://www.youtube.com/watch?v=lT3vGaOLWqE&lc=UgyGafckWsA_ZSLyk2J4AaABAg,12/2/2022 9:45,0,bro proof tested the electric chair,http://www.youtube.com/@sohamdas5921
999,@janisalo1900,Yes i need 3d printer. When is the lottery done... is there still time to partisipate? Did i win or was a just a little late? Darn it was so close... well next time time ill be little less late... have a great day ya all...,Ugytg-2ZdkbuFzPNHiV4AaABAg,,0,https://www.youtube.com/watch?v=lT3vGaOLWqE&lc=Ugytg-2ZdkbuFzPNHiV4AaABAg,12/1/2022 23:49,1,Yes i need 3d printer. When is the lottery done... is there still time to partisipate? Did i win or was a just a little late? Darn it was so close... well next time time ill be little less late... have a great day ya all...,http://www.youtube.com/@janisalo1900
1000,@paolo69,Congratulation you won an invisibld 3d printer!,Ugytg-2ZdkbuFzPNHiV4AaABAg.9j7HXv6BlDQ9jfNSc5FEPF,@janisalo1900,0,https://www.youtube.com/watch?v=lT3vGaOLWqE&lc=Ugytg-2ZdkbuFzPNHiV4AaABAg.9j7HXv6BlDQ9jfNSc5FEPF,12/15/2022 14:55,0,Congratulation you won an invisibld 3d printer!,http://www.youtube.com/@paolo69
1001,@andzuo,"""educated cobra around you neck"" HAHAHHAHA hilarious",UgyKp_ZU9ZCKGRfHoyB4AaABAg,,0,https://www.youtube.com/watch?v=lT3vGaOLWqE&lc=UgyKp_ZU9ZCKGRfHoyB4AaABAg,12/1/2022 10:20,0,"""educated cobra around you neck"" HAHAHHAHA hilarious",http://www.youtube.com/@andzuo
1002,@juncarlomaglunsod2786,fa,Ugz_VEBsYG54w31L15l4AaABAg,,0,https://www.youtube.com/watch?v=lT3vGaOLWqE&lc=Ugz_VEBsYG54w31L15l4AaABAg,12/1/2022 8:26,0,fa,http://www.youtube.com/@juncarlomaglunsod2786
1003,@jimflagg4009,I never laughed to hard. I hope you had a fire extinguisher.,UgyzNauxYeEUBzuhrhN4AaABAg,,0,https://www.youtube.com/watch?v=lT3vGaOLWqE&lc=UgyzNauxYeEUBzuhrhN4AaABAg,12/1/2022 6:57,0,I never laughed to hard. I hope you had a fire extinguisher.,http://www.youtube.com/@jimflagg4009
1004,@prm_gaming7221,this guy will make u laugh in every in his video if understand his or nor but he will make u laugh,Ugw-zTBMfWeHqwwsWUR4AaABAg,,0,https://www.youtube.com/watch?v=lT3vGaOLWqE&lc=Ugw-zTBMfWeHqwwsWUR4AaABAg,11/30/2022 8:47,0,this guy will make u laugh in every in his video if understand his or nor but he will make u laugh,http://www.youtube.com/@prm_gaming7221
1005,@amoradlem8513,Subscribed and it\'s funny when you get shocked just look at your self getting shocked,UgxjnIzEDFWqtRAn1Up4AaABAg,,0,https://www.youtube.com/watch?v=lT3vGaOLWqE&lc=UgxjnIzEDFWqtRAn1Up4AaABAg,11/29/2022 9:52,0,Subscribed and it\'s funny when you get shocked just look at your self getting shocked,http://www.youtube.com/@amoradlem8513
1006,@midnightsocean2689,The most impressive part of this channel is that the dude\'s still alive.,UgyTedQtPjFOC7n561h4AaABAg,,0,https://www.youtube.com/watch?v=lT3vGaOLWqE&lc=UgyTedQtPjFOC7n561h4AaABAg,11/29/2022 3:51,0,The most impressive part of this channel is that the dude\'s still alive.,http://www.youtube.com/@midnightsocean2689
1007,@Smilprty4thedvl,Tjimbob12,UgxLDfNpKwrhZsk2v654AaABAg,,0,https://www.youtube.com/watch?v=lT3vGaOLWqE&lc=UgxLDfNpKwrhZsk2v654AaABAg,11/27/2022 22:28,0,Tjimbob12,http://www.youtube.com/@Smilprty4thedvl
1008,@thegamingdead3657,He‚??s gonna evolve into a human that is electric resistant one day I‚??m sure of it,UgzquPre99SHEyjTOB14AaABAg,,0,https://www.youtube.com/watch?v=lT3vGaOLWqE&lc=UgzquPre99SHEyjTOB14AaABAg,11/27/2022 17:31,0,He‚??s gonna evolve into a human that is electric resistant one day I‚??m sure of it,http://www.youtube.com/@thegamingdead3657
1009,@hendersongaming7012,im years late but i still need a 3d printer that actually works .. buz zap bam,UgxZuKxPwvOtpq2Qw0N4AaABAg,,0,https://www.youtube.com/watch?v=lT3vGaOLWqE&lc=UgxZuKxPwvOtpq2Qw0N4AaABAg,11/27/2022 10:26,0,im years late but i still need a 3d printer that actually works .. buz zap bam,http://www.youtube.com/@hendersongaming7012
1010,@fitolinolocchegg1103,I neeed a lulzbot mini printer to make safety estructures to no struck miself whit 20000 volts when try to make this experiments XD,Ugyj0uDw2plCkkuDScd4AaABAg,,0,https://www.youtube.com/watch?v=lT3vGaOLWqE&lc=Ugyj0uDw2plCkkuDScd4AaABAg,11/27/2022 10:24,0,I neeed a lulzbot mini printer to make safety estructures to no struck miself whit 20000 volts when try to make this experiments XD,http://www.youtube.com/@fitolinolocchegg1103
1011,@FBIofficial570,He isn\'t a normal person,Ugz3Zy2S2vY4POLune94AaABAg,,0,https://www.youtube.com/watch?v=lT3vGaOLWqE&lc=Ugz3Zy2S2vY4POLune94AaABAg,11/27/2022 6:35,0,He isn\'t a normal person,http://www.youtube.com/@FBIofficial570
1012,@leilaboukhris477,?§£?§£?§£?§???ç??ç??ç?§£?§£?§£?§£?§£?§£?§£?§£?§£?§£?§£?§£?§£????§£?§£?§£????§??§??§??§??§??§??§Ø?§Ø?§Ø,UgxwKd5crU-DV0Pz3Hd4AaABAg,,0,https://www.youtube.com/watch?v=lT3vGaOLWqE&lc=UgxwKd5crU-DV0Pz3Hd4AaABAg,11/26/2022 18:43,2,?§£?§£?§£?§???ç??ç??ç?§£?§£?§£?§£?§£?§£?§£?§£?§£?§£?§£?§£?§£????§£?§£?§£????§??§??§??§??§??§??§Ø?§Ø?§Ø,http://www.youtube.com/@leilaboukhris477
1013,@leilaboukhris477,S,UgxwKd5crU-DV0Pz3Hd4AaABAg.9iurUNgTo0Q9iurWyJJMqK,@leilaboukhris477,0,https://www.youtube.com/watch?v=lT3vGaOLWqE&lc=UgxwKd5crU-DV0Pz3Hd4AaABAg.9iurUNgTo0Q9iurWyJJMqK,11/26/2022 18:43,0,S,http://www.youtube.com/@leilaboukhris477
1014,@leilaboukhris477,Rvddedrdedrfrvr,UgxwKd5crU-DV0Pz3Hd4AaABAg.9iurUNgTo0Q9iurZZihQ_S,@leilaboukhris477,0,https://www.youtube.com/watch?v=lT3vGaOLWqE&lc=UgxwKd5crU-DV0Pz3Hd4AaABAg.9iurUNgTo0Q9iurZZihQ_S,11/26/2022 18:44,0,Rvddedrdedrfrvr,http://www.youtube.com/@leilaboukhris477
1015,@3tezeSH,WER IS THE FUNNY MOMENTS,UgxLRJIdRxQ7ngaEj6F4AaABAg,,0,https://www.youtube.com/watch?v=lT3vGaOLWqE&lc=UgxLRJIdRxQ7ngaEj6F4AaABAg,11/26/2022 2:16,0,WER IS THE FUNNY MOMENTS,http://www.youtube.com/@3tezeSH
1016,@balisongflipping1454,I always laugh at these,Ugwtaz8rmpFk-PaRKKF4AaABAg,,0,https://www.youtube.com/watch?v=lT3vGaOLWqE&lc=Ugwtaz8rmpFk-PaRKKF4AaABAg,11/25/2022 15:09,0,I always laugh at these,http://www.youtube.com/@balisongflipping1454
1017,@joymakerRC,"science asylum sent me to you , and your intro hooked me , good stuff",Ugz8W2bZky7EJnyCdt94AaABAg,,0,https://www.youtube.com/watch?v=lT3vGaOLWqE&lc=Ugz8W2bZky7EJnyCdt94AaABAg,11/24/2022 7:34,1,"science asylum sent me to you , and your intro hooked me , good stuff",http://www.youtube.com/@joymakerRC
1018,@joymakerRC,you are nuts,Ugz8W2bZky7EJnyCdt94AaABAg.9ioWM6kcu4a9ioXQaA6nmu,@joymakerRC,0,https://www.youtube.com/watch?v=lT3vGaOLWqE&lc=Ugz8W2bZky7EJnyCdt94AaABAg.9ioWM6kcu4a9ioXQaA6nmu,11/24/2022 7:43,0,you are nuts,http://www.youtube.com/@joymakerRC
1019,@alimourabit9911,Up,Ugy7wCOeYQGGtulW--54AaABAg,,0,https://www.youtube.com/watch?v=lT3vGaOLWqE&lc=Ugy7wCOeYQGGtulW--54AaABAg,11/24/2022 6:31,0,Up,http://www.youtube.com/@alimourabit9911
1020,@cloudyjd7753,fricking breaker,Ugxk2MXwfaO4rmWWxtN4AaABAg,,0,https://www.youtube.com/watch?v=lT3vGaOLWqE&lc=Ugxk2MXwfaO4rmWWxtN4AaABAg,11/23/2022 1:04,0,fricking breaker,http://www.youtube.com/@cloudyjd7753
1021,@markthefilmmaker2613,this is the craziest shit i ever seen wtf is wrong with u....legend,Ugy9JiLNGmow1U0a33R4AaABAg,,0,https://www.youtube.com/watch?v=lT3vGaOLWqE&lc=Ugy9JiLNGmow1U0a33R4AaABAg,11/23/2022 0:42,0,this is the craziest shit i ever seen wtf is wrong with u....legend,http://www.youtube.com/@markthefilmmaker2613
1022,@nextnext8902,Please use glasses,UgywqwbjGzen85llqVZ4AaABAg,,0,https://www.youtube.com/watch?v=lT3vGaOLWqE&lc=UgywqwbjGzen85llqVZ4AaABAg,11/23/2022 0:26,0,Please use glasses,http://www.youtube.com/@nextnext8902
1023,@wetmancalliste,Give lulz and i give u lols,Ugz_k3Gse4mQKzKiIFt4AaABAg,,0,https://www.youtube.com/watch?v=lT3vGaOLWqE&lc=Ugz_k3Gse4mQKzKiIFt4AaABAg,11/22/2022 18:37,0,Give lulz and i give u lols,http://www.youtube.com/@wetmancalliste
1024,@richardrobles8255,I need please,Ugw_EZvBspkryTEfDzd4AaABAg,,0,https://www.youtube.com/watch?v=lT3vGaOLWqE&lc=Ugw_EZvBspkryTEfDzd4AaABAg,11/22/2022 13:16,0,I need please,http://www.youtube.com/@richardrobles8255
1025,@myawesomepositivelife,Amazing,UgwjCV467qSIjfzb2rp4AaABAg,,0,https://www.youtube.com/watch?v=lT3vGaOLWqE&lc=UgwjCV467qSIjfzb2rp4AaABAg,11/21/2022 22:59,0,Amazing,http://www.youtube.com/@myawesomepositivelife
1026,@skala1977,This guy is hilarious!!! ??ç?èª????èª??è?èª,UgwhLKOT85IdYY5tOBF4AaABAg,,0,https://www.youtube.com/watch?v=lT3vGaOLWqE&lc=UgwhLKOT85IdYY5tOBF4AaABAg,11/21/2022 20:50,0,This guy is hilarious!!! ??ç?èª????èª??è?èª,http://www.youtube.com/@skala1977
1027,@ashishsahu242,a real doctor strange,UgyYEn4ER438ZIUfbRB4AaABAg,,0,https://www.youtube.com/watch?v=lT3vGaOLWqE&lc=UgyYEn4ER438ZIUfbRB4AaABAg,11/21/2022 10:55,0,a real doctor strange,http://www.youtube.com/@ashishsahu242
1028,@Cxrinae,"8:00 I love how his first thought was to grab it with both hands instead of moving out the way, lol",Ugzzf_8M-3dtvCoRujt4AaABAg,,290,https://www.youtube.com/watch?v=lT3vGaOLWqE&lc=Ugzzf_8M-3dtvCoRujt4AaABAg,11/20/2022 17:32,9,"8:00 I love how his first thought was to grab it with both hands instead of moving out the way, lol",http://www.youtube.com/@Cxrinae
1029,@ZombieN8YT,"Ikr? He literally said if you touch it, you die.",Ugzzf_8M-3dtvCoRujt4AaABAg.9ifHd4dWEvZ9wX_OG8ZMgb,@Cxrinae,10,https://www.youtube.com/watch?v=lT3vGaOLWqE&lc=Ugzzf_8M-3dtvCoRujt4AaABAg.9ifHd4dWEvZ9wX_OG8ZMgb,10/31/2023 8:43,0,"Ikr? He literally said if you touch it, you die.",http://www.youtube.com/@ZombieN8YT
1030,@AppuPlays,reflex,Ugzzf_8M-3dtvCoRujt4AaABAg.9ifHd4dWEvZ9xAcFwQwfVO,@Cxrinae,12,https://www.youtube.com/watch?v=lT3vGaOLWqE&lc=Ugzzf_8M-3dtvCoRujt4AaABAg.9ifHd4dWEvZ9xAcFwQwfVO,11/16/2023 6:16,0,reflex,http://www.youtube.com/@AppuPlays
1031,@Ren-lx8wv,@@ZombieN8YT I mean a rod of death is falling towards you. He panicked and his first response was to stop it from falling on him.,Ugzzf_8M-3dtvCoRujt4AaABAg.9ifHd4dWEvZ9xXL1SenuKH,@Cxrinae,56,https://www.youtube.com/watch?v=lT3vGaOLWqE&lc=Ugzzf_8M-3dtvCoRujt4AaABAg.9ifHd4dWEvZ9xXL1SenuKH,11/25/2023 2:00,0,@@ZombieN8YT I mean a rod of death is falling towards you. He panicked and his first response was to stop it from falling on him.,http://www.youtube.com/@Ren-lx8wv
1032,@xxextremeredpandalova5731,I find it funny but I know it‚??s dangerous as heck‚?¶ I‚??m broken,Ugzzf_8M-3dtvCoRujt4AaABAg.9ifHd4dWEvZ9xeZHyju9xv,@Cxrinae,4,https://www.youtube.com/watch?v=lT3vGaOLWqE&lc=Ugzzf_8M-3dtvCoRujt4AaABAg.9ifHd4dWEvZ9xeZHyju9xv,11/28/2023 6:38,0,I find it funny but I know it‚??s dangerous as heck‚?¶ I‚??m broken,http://www.youtube.com/@xxextremeredpandalova5731
1033,@ItWasSaucerShaped,catching a falling thing is an involuntary reflex something very important to understand when working with dangerous material,Ugzzf_8M-3dtvCoRujt4AaABAg.9ifHd4dWEvZA-3q_ifb8d8,@Cxrinae,22,https://www.youtube.com/watch?v=lT3vGaOLWqE&lc=Ugzzf_8M-3dtvCoRujt4AaABAg.9ifHd4dWEvZA-3q_ifb8d8,1/27/2024 4:41,0,catching a falling thing is an involuntary reflex something very important to understand when working with dangerous material,http://www.youtube.com/@ItWasSaucerShaped
1034,@ishaansingh6512,The Jacob\'s ladder be like; heloooo mf ?§£?§£?§£?§£?§£?§£?§£?§£?§£?§£,Ugw5SpFaNsP4Hq2AMU54AaABAg,,0,https://www.youtube.com/watch?v=lT3vGaOLWqE&lc=Ugw5SpFaNsP4Hq2AMU54AaABAg,11/20/2022 14:23,0,The Jacob\'s ladder be like; heloooo mf ?§£?§£?§£?§£?§£?§£?§£?§£?§£?§£,http://www.youtube.com/@ishaansingh6512
1035,@kavinkumars1825,I want printer,UgzEpk3PMDTsnKKpkK14AaABAg,,0,https://www.youtube.com/watch?v=lT3vGaOLWqE&lc=UgzEpk3PMDTsnKKpkK14AaABAg,11/20/2022 5:47,0,I want printer,http://www.youtube.com/@kavinkumars1825
1036,@MrCorn4000,THE END LOL,UgwVwRqJGm42iOp81JF4AaABAg,,0,https://www.youtube.com/watch?v=lT3vGaOLWqE&lc=UgwVwRqJGm42iOp81JF4AaABAg,11/19/2022 14:23,0,THE END LOL,http://www.youtube.com/@MrCorn4000
1037,@zachboo,You‚??re like the Louis Slotin of playing with electricity.,Ugx0nPV_OGVmttkqIUR4AaABAg,,0,https://www.youtube.com/watch?v=lT3vGaOLWqE&lc=Ugx0nPV_OGVmttkqIUR4AaABAg,11/19/2022 4:21,0,You‚??re like the Louis Slotin of playing with electricity.,http://www.youtube.com/@zachboo
1038,@ctrl-del630,Youtube is not worth dying for. But it does make beautiful video\'s ???,UgzsCVN_dXEjmaUjFQN4AaABAg,,0,https://www.youtube.com/watch?v=lT3vGaOLWqE&lc=UgzsCVN_dXEjmaUjFQN4AaABAg,11/18/2022 13:13,0,Youtube is not worth dying for. But it does make beautiful video\'s ???,http://www.youtube.com/@ctrl-del630
1039,@mr.bright684,you should show this to the people who complain that electricity is dangerous,UgzmDDA_yZ62fpMNHn54AaABAg,,0,https://www.youtube.com/watch?v=lT3vGaOLWqE&lc=UgzmDDA_yZ62fpMNHn54AaABAg,11/18/2022 12:47,0,you should show this to the people who complain that electricity is dangerous,http://www.youtube.com/@mr.bright684
1040,@fartwrangler,We used to do this with1/4" steel rods and a neon light transformer (~5Kv).,UgxM4S08k27RHS5Ttg54AaABAg,,0,https://www.youtube.com/watch?v=lT3vGaOLWqE&lc=UgxM4S08k27RHS5Ttg54AaABAg,11/17/2022 16:24,0,We used to do this with1/4" steel rods and a neon light transformer (~5Kv).,http://www.youtube.com/@fartwrangler
1041,@gopiram2570,?????????????????????,UgwNUN6od6v0YizVsEB4AaABAg,,0,https://www.youtube.com/watch?v=lT3vGaOLWqE&lc=UgwNUN6od6v0YizVsEB4AaABAg,11/17/2022 11:56,0,?????????????????????,http://www.youtube.com/@gopiram2570
1042,@gopiram2570,??§??§??§??§??§??§??§??§??§??????????????????,UgyYv6yLLIv2cFrIFKZ4AaABAg,,0,https://www.youtube.com/watch?v=lT3vGaOLWqE&lc=UgyYv6yLLIv2cFrIFKZ4AaABAg,11/17/2022 11:55,0,??§??§??§??§??§??§??§??§??§??????????????????,http://www.youtube.com/@gopiram2570
1043,@Ol-wolfie,Lets hope he makes it to the next 1 million subs. How his heart hasn\'t exploded at this point is beyond science.,UgyLZWq7txDo62VXQYJ4AaABAg,,0,https://www.youtube.com/watch?v=lT3vGaOLWqE&lc=UgyLZWq7txDo62VXQYJ4AaABAg,11/17/2022 10:52,0,Lets hope he makes it to the next 1 million subs. How his heart hasn\'t exploded at this point is beyond science.,http://www.youtube.com/@Ol-wolfie
1044,@igxniisan6996,"9:47, you survived 5M subscribers, and will continue to survive 70 to 80 M more",Ugy2R5cj-KGps4Vx4A14AaABAg,,25,https://www.youtube.com/watch?v=lT3vGaOLWqE&lc=Ugy2R5cj-KGps4Vx4A14AaABAg,11/16/2022 15:05,0,"9:47, you survived 5M subscribers, and will continue to survive 70 to 80 M more",http://www.youtube.com/@igxniisan6996
1045,@igxniisan6996,"8:05, I didn\'t know if I should laugh or cry in happiness thay he\'s alive at that moment..",Ugwnogq4Zrg2_yFKDG54AaABAg,,1,https://www.youtube.com/watch?v=lT3vGaOLWqE&lc=Ugwnogq4Zrg2_yFKDG54AaABAg,11/16/2022 15:00,0,"8:05, I didn\'t know if I should laugh or cry in happiness thay he\'s alive at that moment..",http://www.youtube.com/@igxniisan6996
1046,@onfootbassin,"If you\'re ever anywhere and you here this man say ""let me introduce you to fire!!!"" You drop everything, don\'t ask questions, and run as far as you can ??????. Lol I love this videos and I wish he was my college electrical physics teacher.",UgzXeFihtdh2-pUmU7Z4AaABAg,,0,https://www.youtube.com/watch?v=lT3vGaOLWqE&lc=UgzXeFihtdh2-pUmU7Z4AaABAg,11/16/2022 9:49,0,"If you\'re ever anywhere and you here this man say ""let me introduce you to fire!!!"" You drop everything, don\'t ask questions, and run as far as you can ??????. Lol I love this videos and I wish he was my college electrical physics teacher.",http://www.youtube.com/@onfootbassin
1047,@rucu8311,Lol he\'s a nutter,UgzWfI6kJY7iPxNxj5l4AaABAg,,0,https://www.youtube.com/watch?v=lT3vGaOLWqE&lc=UgzWfI6kJY7iPxNxj5l4AaABAg,11/16/2022 8:29,0,Lol he\'s a nutter,http://www.youtube.com/@rucu8311
1048,@GonzoLarry,"""Always wear protective equipment."" (Barehanded wearing gold ring!)",Ugx7hPlNtTzbSaUIDIJ4AaABAg,,0,https://www.youtube.com/watch?v=lT3vGaOLWqE&lc=Ugx7hPlNtTzbSaUIDIJ4AaABAg,11/15/2022 18:23,0,"""Always wear protective equipment."" (Barehanded wearing gold ring!)",http://www.youtube.com/@GonzoLarry
1049,@jamesluptown6330,"I like how everyone‚??s talking about him nearly dying, but no one is talking about his beautiful rendition of ‚??I dreamed a dream‚?ù",Ugw27cXi2RtwnaGD4-94AaABAg,,0,https://www.youtube.com/watch?v=lT3vGaOLWqE&lc=Ugw27cXi2RtwnaGD4-94AaABAg,11/15/2022 16:50,0,"I like how everyone‚??s talking about him nearly dying, but no one is talking about his beautiful rendition of ‚??I dreamed a dream‚?ù",http://www.youtube.com/@jamesluptown6330
1050,@kukuipupule4415,in a used windshield wiper is a stainless steel flat spring that works well also make a capacitor with aluminum foil and a plastic sheet from a flat screen tv neon sign transformer as a voltage source....it will get you to see if there is a heaven if you lick it,UgyNKRrYsFjeB3EMfq14AaABAg,,0,https://www.youtube.com/watch?v=lT3vGaOLWqE&lc=UgyNKRrYsFjeB3EMfq14AaABAg,11/12/2022 22:44,0,in a used windshield wiper is a stainless steel flat spring that works well also make a capacitor with aluminum foil and a plastic sheet from a flat screen tv neon sign transformer as a voltage source....it will get you to see if there is a heaven if you lick it,http://www.youtube.com/@kukuipupule4415
1051,@amberbraggs3788,7:54,UgxMfK77zNGQmY6rmnh4AaABAg,,0,https://www.youtube.com/watch?v=lT3vGaOLWqE&lc=UgxMfK77zNGQmY6rmnh4AaABAg,11/12/2022 5:12,0,7:54,http://www.youtube.com/@amberbraggs3788
1052,@user-mu5wd6ec6i,thank for the printerr,UgxAcjQ4BhCTegZBCLF4AaABAg,,0,https://www.youtube.com/watch?v=lT3vGaOLWqE&lc=UgxAcjQ4BhCTegZBCLF4AaABAg,11/12/2022 2:43,0,thank for the printerr,http://www.youtube.com/@user-mu5wd6ec6i
1053,@barriehemming1189,NUTTER!!!!!!,UgyAJeafRP7892r6H2J4AaABAg,,0,https://www.youtube.com/watch?v=lT3vGaOLWqE&lc=UgyAJeafRP7892r6H2J4AaABAg,11/11/2022 15:08,0,NUTTER!!!!!!,http://www.youtube.com/@barriehemming1189
1054,@mrzain3456,I am neither an electrical engineer nor an electrician i don\'t know why i subscribed and watch all your videos.,Ugzpd3Q6bcQ3hbk7IoB4AaABAg,,0,https://www.youtube.com/watch?v=lT3vGaOLWqE&lc=Ugzpd3Q6bcQ3hbk7IoB4AaABAg,11/11/2022 9:08,0,I am neither an electrical engineer nor an electrician i don\'t know why i subscribed and watch all your videos.,http://www.youtube.com/@mrzain3456
1055,@medoh1,hamdullilah I love you,UgyolQMG4Dq4RnZcWhF4AaABAg,,0,https://www.youtube.com/watch?v=lT3vGaOLWqE&lc=UgyolQMG4Dq4RnZcWhF4AaABAg,11/10/2022 18:42,0,hamdullilah I love you,http://www.youtube.com/@medoh1
1056,@Aikisbest,R.I.P. LiveLeak XD,Ugzo2kjK6O8uEucuwNl4AaABAg,,0,https://www.youtube.com/watch?v=lT3vGaOLWqE&lc=Ugzo2kjK6O8uEucuwNl4AaABAg,11/10/2022 12:49,0,R.I.P. LiveLeak XD,http://www.youtube.com/@Aikisbest
1057,@kx_in2186,„Å?„??„?çwww,Ugx0KNJA9DMM_2MPEkF4AaABAg,,0,https://www.youtube.com/watch?v=lT3vGaOLWqE&lc=Ugx0KNJA9DMM_2MPEkF4AaABAg,11/10/2022 9:34,0,„Å?„??„?çwww,http://www.youtube.com/@kx_in2186
1058,@cammyseam1825,lulz,Ugx0VYtu-P6K_6DvHRN4AaABAg,,1,https://www.youtube.com/watch?v=lT3vGaOLWqE&lc=Ugx0VYtu-P6K_6DvHRN4AaABAg,11/10/2022 6:26,0,lulz,http://www.youtube.com/@cammyseam1825
1059,@cammyseam1825,I need a lulzbot so i need lulz in chat,Ugx8-NcONRXXdVo7CL14AaABAg,,1,https://www.youtube.com/watch?v=lT3vGaOLWqE&lc=Ugx8-NcONRXXdVo7CL14AaABAg,11/10/2022 6:26,0,I need a lulzbot so i need lulz in chat,http://www.youtube.com/@cammyseam1825
1060,@zazaballz09,Damnnn we still can\'t get why he catched those sparklers with his bare hands... amazing videos lmfao and put on some rubber gloves and more safety equipment I guess ??ç??ç,UgzJJocdQWbPAISk-GZ4AaABAg,,1,https://www.youtube.com/watch?v=lT3vGaOLWqE&lc=UgzJJocdQWbPAISk-GZ4AaABAg,11/10/2022 1:28,1,Damnnn we still can\'t get why he catched those sparklers with his bare hands... amazing videos lmfao and put on some rubber gloves and more safety equipment I guess ??ç??ç,http://www.youtube.com/@zazaballz09
1061,@igxniisan6996,I like how people are still commenting,UgzJJocdQWbPAISk-GZ4AaABAg.9iEoHOYoUhe9iVgoxhmCIx,@zazaballz09,1,https://www.youtube.com/watch?v=lT3vGaOLWqE&lc=UgzJJocdQWbPAISk-GZ4AaABAg.9iEoHOYoUhe9iVgoxhmCIx,11/16/2022 14:49,0,I like how people are still commenting,http://www.youtube.com/@igxniisan6996
1062,@xpt5oo186,Commenting for better reach,UgzLK0J5YbDvyQ8tYsx4AaABAg,,0,https://www.youtube.com/watch?v=lT3vGaOLWqE&lc=UgzLK0J5YbDvyQ8tYsx4AaABAg,11/9/2022 22:09,0,Commenting for better reach,http://www.youtube.com/@xpt5oo186
1063,@Nazmi939,9:22 how to smoke the good way,Ugx4C_pfyzBQk5YtX8x4AaABAg,,1,https://www.youtube.com/watch?v=lT3vGaOLWqE&lc=Ugx4C_pfyzBQk5YtX8x4AaABAg,11/9/2022 21:12,0,9:22 how to smoke the good way,http://www.youtube.com/@Nazmi939
1064,@brendenclarke6581,Hi Hi,Ugw4uAWQMAaXKHMT9qN4AaABAg,,0,https://www.youtube.com/watch?v=lT3vGaOLWqE&lc=Ugw4uAWQMAaXKHMT9qN4AaABAg,11/9/2022 17:26,0,Hi Hi,http://www.youtube.com/@brendenclarke6581
1065,@quinnpuffer7901,I love you electro boom you are actually such an amazing person,UgzcXsK3-9pW2GpI2pZ4AaABAg,,1,https://www.youtube.com/watch?v=lT3vGaOLWqE&lc=UgzcXsK3-9pW2GpI2pZ4AaABAg,11/9/2022 1:40,0,I love you electro boom you are actually such an amazing person,http://www.youtube.com/@quinnpuffer7901
1066,@Tech_Wolf52,1:44 The way he said "OOOOOUUUWW",UgwnVNIWEx9IG2-_R6J4AaABAg,,0,https://www.youtube.com/watch?v=lT3vGaOLWqE&lc=UgwnVNIWEx9IG2-_R6J4AaABAg,11/8/2022 14:55,0,1:44 The way he said "OOOOOUUUWW",http://www.youtube.com/@Tech_Wolf52
1067,@MoosjeArt,This is so sad bud it‚??s funny,Ugy5Ly-1hV3dMFarbG14AaABAg,,0,https://www.youtube.com/watch?v=lT3vGaOLWqE&lc=Ugy5Ly-1hV3dMFarbG14AaABAg,11/7/2022 15:11,0,This is so sad bud it‚??s funny,http://www.youtube.com/@MoosjeArt
1068,@aimofnowhere434,Well now let\'s get him to 10 M maybe he will make a Noah\'s Ark,UgwhjJBaOFRrn1hdFtN4AaABAg,,0,https://www.youtube.com/watch?v=lT3vGaOLWqE&lc=UgwhjJBaOFRrn1hdFtN4AaABAg,11/7/2022 0:24,0,Well now let\'s get him to 10 M maybe he will make a Noah\'s Ark,http://www.youtube.com/@aimofnowhere434
1069,@CthuluSpecialK,@8:00 min "Holy shit! Holy shit!",Ugw8TE3ZB5YwRfq7zih4AaABAg,,0,https://www.youtube.com/watch?v=lT3vGaOLWqE&lc=Ugw8TE3ZB5YwRfq7zih4AaABAg,11/6/2022 13:16,0,@8:00 min "Holy shit! Holy shit!",http://www.youtube.com/@CthuluSpecialK
1070,@GDtheBestPlayer,https://youtu.be/lT3vGaOLWqE Velo En el Minuto 1:35,Ugx5IhhoJDELbOLZPDF4AaABAg,,0,https://www.youtube.com/watch?v=lT3vGaOLWqE&lc=Ugx5IhhoJDELbOLZPDF4AaABAg,11/6/2022 2:38,0,https://youtu.be/lT3vGaOLWqE Velo En el Minuto 1:35,http://www.youtube.com/@GDtheBestPlayer
1071,@UnionThorax,"When this guy hasn‚??t been posting for a few months, I think we all know what happened",Ugx-_sNML3vh6LUi2194AaABAg,,0,https://www.youtube.com/watch?v=lT3vGaOLWqE&lc=Ugx-_sNML3vh6LUi2194AaABAg,11/5/2022 19:39,0,"When this guy hasn‚??t been posting for a few months, I think we all know what happened",http://www.youtube.com/@UnionThorax
1072,@user-fw3bh9kg1d,"6:24 you dont need high voltage ,but you need a better breaker",UgzF-cu_-KIEbM5vQL54AaABAg,,0,https://www.youtube.com/watch?v=lT3vGaOLWqE&lc=UgzF-cu_-KIEbM5vQL54AaABAg,11/5/2022 13:07,0,"6:24 you dont need high voltage ,but you need a better breaker",http://www.youtube.com/@user-fw3bh9kg1d
1073,@ZeroGravityGaming,The slow motion part at the end shows how slow human reflexes work,UgxJLQlkMT15r79-Ei54AaABAg,,1,https://www.youtube.com/watch?v=lT3vGaOLWqE&lc=UgxJLQlkMT15r79-Ei54AaABAg,11/5/2022 12:20,0,The slow motion part at the end shows how slow human reflexes work,http://www.youtube.com/@ZeroGravityGaming
1074,@zorby1984,Am I too late to get a free 3d printer? I hope not because I have corn stuck in my teeth and need to print a toothpick.,UgyWYa-3ZaFs2L5hSWN4AaABAg,,0,https://www.youtube.com/watch?v=lT3vGaOLWqE&lc=UgyWYa-3ZaFs2L5hSWN4AaABAg,11/4/2022 12:26,0,Am I too late to get a free 3d printer? I hope not because I have corn stuck in my teeth and need to print a toothpick.,http://www.youtube.com/@zorby1984
1075,@thec4ke,Funny video though I was not expecting to watch someone almost die.,UgwqigDVQ3SO4jarJK14AaABAg,,0,https://www.youtube.com/watch?v=lT3vGaOLWqE&lc=UgwqigDVQ3SO4jarJK14AaABAg,11/3/2022 21:08,0,Funny video though I was not expecting to watch someone almost die.,http://www.youtube.com/@thec4ke
1076,@spy4746,he is giving me anxiety being so close to those wires,UgxG4gAS8VPm3ikNkKJ4AaABAg,,0,https://www.youtube.com/watch?v=lT3vGaOLWqE&lc=UgxG4gAS8VPm3ikNkKJ4AaABAg,11/3/2022 11:58,0,he is giving me anxiety being so close to those wires,http://www.youtube.com/@spy4746
1077,@phamhieu647,8:00?§£?§£?§£?§£?§£?§£?§£?§£?§£?§£?§£?§£?§£?§£?§£?§£?§£?§£?§£?§£?§£?§£?§£?§£?§£?§£?§£,UgwHuWk3cssm43PyRG14AaABAg,,0,https://www.youtube.com/watch?v=lT3vGaOLWqE&lc=UgwHuWk3cssm43PyRG14AaABAg,11/3/2022 4:35,0,8:00?§£?§£?§£?§£?§£?§£?§£?§£?§£?§£?§£?§£?§£?§£?§£?§£?§£?§£?§£?§£?§£?§£?§£?§£?§£?§£?§£,http://www.youtube.com/@phamhieu647
1078,@phamhieu647,5:24 He burned the capacitor,UgzuLDC7SFnLcUpauax4AaABAg,,0,https://www.youtube.com/watch?v=lT3vGaOLWqE&lc=UgzuLDC7SFnLcUpauax4AaABAg,11/3/2022 4:33,0,5:24 He burned the capacitor,http://www.youtube.com/@phamhieu647
1079,@phamhieu647,3:17????????????????????????????????????????????????????????????????????????????????????????????????????????????????????????????????????????????????????????????????????????????????????????????????????????????????????????????????????????????????????????????????????????????????????????????????????????????????????????????????????????????????????????????????????????????????????????????????????????????????????????????????????????????????????????????????????????????????????????????????????????????????????????????????????????????????????????????????????????????????????????????????????????????????????????????????????????????????????????????????????????????????????????????????????????????????????????????????????????????????????????????????????????????????????????????????????????????????????????????????????????????????????????????????????????????????????????????????????????????????????????????????????????????????????????????????????????????????????????????????????????????????????????????????????????????????????????????????????????????????????????????????????????????????????????????????????????????????????????????????????????????????????????????????????????????????????????????????????????????????????????????????????????????????????????????????????????????????????????????????????????????????,UgwHznqC5cZbl_jS71R4AaABAg,,0,https://www.youtube.com/watch?v=lT3vGaOLWqE&lc=UgwHznqC5cZbl_jS71R4AaABAg,11/2/2022 23:31,0,3:17????????????????????????????????????????????????????????????????????????????????????????????????????????????????????????????????????????????????????????????????????????????????????????????????????????????????????????????????????????????????????????????????????????????????????????????????????????????????????????????????????????????????????????????????????????????????????????????????????????????????????????????????????????????????????????????????????????????????????????????????????????????????????????????????????????????????????????????????????????????????????????????????????????????????????????????????????????????????????????????????????????????????????????????????????????????????????????????????????????????????????????????????????????????????????????????????????????????????????????????????????????????????????????????????????????????????????????????????????????????????????????????????????????????????????????????????????????????????????????????????????????????????????????????????????????????????????????????????????????????????????????????????????????????????????????????????????????????????????????????????????????????????????????????????????????????????????????????????????????????????????????????????????????????????????????????????????????????????????????????????????????????????,http://www.youtube.com/@phamhieu647
1080,@vicbrown2508,Take it outside when its about 15 degrees use a laser from a cd player to lower the resistance of the air to start the arch ..look for a shimmering circular vortex above the arch and toss a screw threw it watch it disappear then reappear a half second latter boom you have a time travel ‚?¶#mad man mike marcum,UgwB0q7WCPoK0Eq2zbN4AaABAg,,0,https://www.youtube.com/watch?v=lT3vGaOLWqE&lc=UgwB0q7WCPoK0Eq2zbN4AaABAg,11/2/2022 23:31,0,Take it outside when its about 15 degrees use a laser from a cd player to lower the resistance of the air to start the arch ..look for a shimmering circular vortex above the arch and toss a screw threw it watch it disappear then reappear a half second latter boom you have a time travel ‚?¶#mad man mike marcum,http://www.youtube.com/@vicbrown2508
1081,@lifamakofane5205,I am sure this man is Thor,UgzhTCrhdxjINYVSbiZ4AaABAg,,0,https://www.youtube.com/watch?v=lT3vGaOLWqE&lc=UgzhTCrhdxjINYVSbiZ4AaABAg,11/2/2022 13:31,0,I am sure this man is Thor,http://www.youtube.com/@lifamakofane5205
1082,@10Mviews..............10hours,I need one sir... Lulzbot,UgzW_bxoXQvGpf-soO54AaABAg,,0,https://www.youtube.com/watch?v=lT3vGaOLWqE&lc=UgzW_bxoXQvGpf-soO54AaABAg,11/1/2022 23:13,0,I need one sir... Lulzbot,http://www.youtube.com/@10Mviews..............10hours
1083,@Bread2698,He cheated death every video,UgwUeqPsaAMObJx_yOF4AaABAg,,0,https://www.youtube.com/watch?v=lT3vGaOLWqE&lc=UgwUeqPsaAMObJx_yOF4AaABAg,11/1/2022 21:15,0,He cheated death every video,http://www.youtube.com/@Bread2698
1084,@cameleon5724,"Jest mo≈ºliwo≈?ƒ? stworzenia programu, kt√≥ry por√≥wnujƒ? jƒ?zyki i szuka podobie≈?st lustrzanych. Dziƒ?ki takiemu programowi by≈?by≈? w stanie napisaƒ? niesko≈?czonƒ? piosenkƒ?, na pewno gdzie≈? tam jest drugi sens. Mo≈ºna skleiƒ? dwie istniejƒ?ce piosenki dw√≥ch artyst√≥w poprzez taki program. Tam jest ukryty gad. Wystraczy po≈?ƒ?czyƒ? wszystkie s≈?owa bez spacji i przet≈?umaczyƒ? w dwie strony na te jƒ?zyki, kt√≥re istniejƒ?. Tak samo mo≈ºna zamieniƒ? jƒ?zyk pisany na cyfry i m√≥wiƒ? w tym samym czasie jƒ?zykiem do porozumiewania, a w tle robiƒ? dzia≈?ania. Mo≈ºna te≈º zamieniƒ? s≈?owa na nuty, znaczy siƒ? literki.",UgwBFWIcz07aJ0w6Mwx4AaABAg,,0,https://www.youtube.com/watch?v=lT3vGaOLWqE&lc=UgwBFWIcz07aJ0w6Mwx4AaABAg,11/1/2022 20:26,0,"Jest mo≈ºliwo≈?ƒ? stworzenia programu, kt√≥ry por√≥wnujƒ? jƒ?zyki i szuka podobie≈?st lustrzanych. Dziƒ?ki takiemu programowi by≈?by≈? w stanie napisaƒ? niesko≈?czonƒ? piosenkƒ?, na pewno gdzie≈? tam jest drugi sens. Mo≈ºna skleiƒ? dwie istniejƒ?ce piosenki dw√≥ch artyst√≥w poprzez taki program. Tam jest ukryty gad. Wystraczy po≈?ƒ?czyƒ? wszystkie s≈?owa bez spacji i przet≈?umaczyƒ? w dwie strony na te jƒ?zyki, kt√≥re istniejƒ?. Tak samo mo≈ºna zamieniƒ? jƒ?zyk pisany na cyfry i m√≥wiƒ? w tym samym czasie jƒ?zykiem do porozumiewania, a w tle robiƒ? dzia≈?ania. Mo≈ºna te≈º zamieniƒ? s≈?owa na nuty, znaczy siƒ? literki.",http://www.youtube.com/@cameleon5724
1085,@Nick-rs5if,"""Let me introduce you to fire!"" ???",UgzpQGXHHVTyvqENL-B4AaABAg,,0,https://www.youtube.com/watch?v=lT3vGaOLWqE&lc=UgzpQGXHHVTyvqENL-B4AaABAg,11/1/2022 19:15,0,"""Let me introduce you to fire!"" ???",http://www.youtube.com/@Nick-rs5if
1086,@weirdbeard226,7:48 bro started himself???,UgwsGZxpmdhXeTkTFg14AaABAg,,0,https://www.youtube.com/watch?v=lT3vGaOLWqE&lc=UgwsGZxpmdhXeTkTFg14AaABAg,11/1/2022 18:45,0,7:48 bro started himself???,http://www.youtube.com/@weirdbeard226
1087,@sloptop72,yep this definitely sent him to heaven alright,Ugz9eOe_xTQenm5aATt4AaABAg,,0,https://www.youtube.com/watch?v=lT3vGaOLWqE&lc=Ugz9eOe_xTQenm5aATt4AaABAg,10/31/2022 16:00,0,yep this definitely sent him to heaven alright,http://www.youtube.com/@sloptop72
1088,@AydenC77,I need a 3d printer so i can print balls,Ugyb13JAtfl7zHxYzgl4AaABAg,,0,https://www.youtube.com/watch?v=lT3vGaOLWqE&lc=Ugyb13JAtfl7zHxYzgl4AaABAg,10/31/2022 3:14,0,I need a 3d printer so i can print balls,http://www.youtube.com/@AydenC77
1089,@jaydenbloomer4565,Me scared to cook on the stove him causaly making electrical fires,UgwGHtM9HOs_4YdJ4BR4AaABAg,,0,https://www.youtube.com/watch?v=lT3vGaOLWqE&lc=UgwGHtM9HOs_4YdJ4BR4AaABAg,10/31/2022 0:15,0,Me scared to cook on the stove him causaly making electrical fires,http://www.youtube.com/@jaydenbloomer4565
1090,@lkosiliconmage,"I have had a 3D printer on my wishlist for years now. If your history of electrical mishaps is any indication, you won‚??t be needing that Lulzbot much longer‚?¶ So, I can haz Lulzbot please?",UgwWclaQRWkeCRHf9ox4AaABAg,,0,https://www.youtube.com/watch?v=lT3vGaOLWqE&lc=UgwWclaQRWkeCRHf9ox4AaABAg,10/30/2022 23:27,0,"I have had a 3D printer on my wishlist for years now. If your history of electrical mishaps is any indication, you won‚??t be needing that Lulzbot much longer‚?¶ So, I can haz Lulzbot please?",http://www.youtube.com/@lkosiliconmage
1091,@Xw3dn3sd4yX,"""My right hand touched the wire first, which shocked me back to my senses."" I\'ll take \'Quotes that can be applied numerous times in a single ElectroBOOM\' for 1000 Alec.",UgxW3KR63vPFK8WoaKF4AaABAg,,0,https://www.youtube.com/watch?v=lT3vGaOLWqE&lc=UgxW3KR63vPFK8WoaKF4AaABAg,10/30/2022 21:15,0,"""My right hand touched the wire first, which shocked me back to my senses."" I\'ll take \'Quotes that can be applied numerous times in a single ElectroBOOM\' for 1000 Alec.",http://www.youtube.com/@Xw3dn3sd4yX
1092,@lonwillis783,??Å??Å??Å,Ugz3qsX0R_XonWnnGbN4AaABAg,,0,https://www.youtube.com/watch?v=lT3vGaOLWqE&lc=Ugz3qsX0R_XonWnnGbN4AaABAg,10/30/2022 16:19,0,??Å??Å??Å,http://www.youtube.com/@lonwillis783
1093,@b1zzler,this is even scarier than the electric guitar plugged straight into AC mains,UgxZVyXEG3bOZSNHVZB4AaABAg,,0,https://www.youtube.com/watch?v=lT3vGaOLWqE&lc=UgxZVyXEG3bOZSNHVZB4AaABAg,10/30/2022 10:18,0,this is even scarier than the electric guitar plugged straight into AC mains,http://www.youtube.com/@b1zzler
1094,@mikeadler434,??ç??ç,UgzoYR6cqtxSBgjyQDd4AaABAg,,0,https://www.youtube.com/watch?v=lT3vGaOLWqE&lc=UgzoYR6cqtxSBgjyQDd4AaABAg,10/30/2022 9:17,0,??ç??ç,http://www.youtube.com/@mikeadler434
1095,@masashi1657,electro boom is always entertaining!,UgwYkU8qGDQoD_F2go54AaABAg,,0,https://www.youtube.com/watch?v=lT3vGaOLWqE&lc=UgwYkU8qGDQoD_F2go54AaABAg,10/30/2022 1:14,0,electro boom is always entertaining!,http://www.youtube.com/@masashi1657
1096,@minhhungbuipham1997,3:05 i like his smile,UgzKSQ4_tG4ORPxCac14AaABAg,,0,https://www.youtube.com/watch?v=lT3vGaOLWqE&lc=UgzKSQ4_tG4ORPxCac14AaABAg,10/29/2022 20:37,0,3:05 i like his smile,http://www.youtube.com/@minhhungbuipham1997
1097,@The_boss-wr1nt,Can I get one,UgyqxyFFgkAao_4VKzV4AaABAg,,0,https://www.youtube.com/watch?v=lT3vGaOLWqE&lc=UgyqxyFFgkAao_4VKzV4AaABAg,10/29/2022 20:33,0,Can I get one,http://www.youtube.com/@The_boss-wr1nt
1098,@Roman-kelly,fuck bg vs sc df df dvg dv fdb rfg dfbvefg rghnhthvg. /;/# mnmm reggvcbitsxvch,UgxCOlsZi54a4XKwAWZ4AaABAg,,0,https://www.youtube.com/watch?v=lT3vGaOLWqE&lc=UgxCOlsZi54a4XKwAWZ4AaABAg,10/29/2022 13:22,0,fuck bg vs sc df df dvg dv fdb rfg dfbvefg rghnhthvg. /;/# mnmm reggvcbitsxvch,http://www.youtube.com/@Roman-kelly
1099,@mohamudshafiq9613,so funny,UgwcsFnt37IZiycIqvx4AaABAg,,0,https://www.youtube.com/watch?v=lT3vGaOLWqE&lc=UgwcsFnt37IZiycIqvx4AaABAg,10/29/2022 8:42,0,so funny,http://www.youtube.com/@mohamudshafiq9613
1100,@yoyoryanlee5218,Can you stop,Ugzijka6pu_AfsMnLJt4AaABAg,,0,https://www.youtube.com/watch?v=lT3vGaOLWqE&lc=Ugzijka6pu_AfsMnLJt4AaABAg,10/29/2022 4:01,0,Can you stop,http://www.youtube.com/@yoyoryanlee5218
1101,@the_natural_philosopher,This is the best video of your entire YouTube career!! @ElectroBOOM,UgyMMnB53QxrtJhXIwV4AaABAg,,1,https://www.youtube.com/watch?v=lT3vGaOLWqE&lc=UgyMMnB53QxrtJhXIwV4AaABAg,10/28/2022 5:31,0,This is the best video of your entire YouTube career!! @ElectroBOOM,http://www.youtube.com/@the_natural_philosopher
1102,@JIMISPIER,"As an electronics student, I love watching this guy!",UgxCH8sCJV2NltTpJoR4AaABAg,,2,https://www.youtube.com/watch?v=lT3vGaOLWqE&lc=UgxCH8sCJV2NltTpJoR4AaABAg,10/27/2022 22:23,0,"As an electronics student, I love watching this guy!",http://www.youtube.com/@JIMISPIER
1103,@viktorrietveld,Best channel ever.,UgxvM1QFMGnwH7tMVZJ4AaABAg,,0,https://www.youtube.com/watch?v=lT3vGaOLWqE&lc=UgxvM1QFMGnwH7tMVZJ4AaABAg,10/26/2022 5:30,0,Best channel ever.,http://www.youtube.com/@viktorrietveld
1104,@Gamer.Instinct,I want to become a Jacob‚??s Ladder‚?¶ ???,UgwlXe0ub4QYyIE1btt4AaABAg,,0,https://www.youtube.com/watch?v=lT3vGaOLWqE&lc=UgwlXe0ub4QYyIE1btt4AaABAg,10/25/2022 23:40,0,I want to become a Jacob‚??s Ladder‚?¶ ???,http://www.youtube.com/@Gamer.Instinct
1105,@sweltermayo,Just considerate on recycle,UgztgVmzuSyN3NpAW414AaABAg,,0,https://www.youtube.com/watch?v=lT3vGaOLWqE&lc=UgztgVmzuSyN3NpAW414AaABAg,10/23/2022 19:28,0,Just considerate on recycle,http://www.youtube.com/@sweltermayo
1106,@obscenecolleen,I haven\'t laughed that hard in ages. thank you!! ?§£,Ugy60tjGfHcFfM5lxvh4AaABAg,,0,https://www.youtube.com/watch?v=lT3vGaOLWqE&lc=Ugy60tjGfHcFfM5lxvh4AaABAg,10/23/2022 13:12,0,I haven\'t laughed that hard in ages. thank you!! ?§£,http://www.youtube.com/@obscenecolleen
1107,@kiktheass,7:58,UgwosT3GtMXjpkX5P7B4AaABAg,,3,https://www.youtube.com/watch?v=lT3vGaOLWqE&lc=UgwosT3GtMXjpkX5P7B4AaABAg,10/22/2022 15:49,0,7:58,http://www.youtube.com/@kiktheass
1108,@Lapa1908,0:06 xdddddddd,UgwteND2YxabP2_V4aZ4AaABAg,,0,https://www.youtube.com/watch?v=lT3vGaOLWqE&lc=UgwteND2YxabP2_V4aZ4AaABAg,10/22/2022 14:48,0,0:06 xdddddddd,http://www.youtube.com/@Lapa1908
1109,@KolyaKar2.2,7:59 I shit myself,UgxdUP33w7UrNlPrLCt4AaABAg,,1,https://www.youtube.com/watch?v=lT3vGaOLWqE&lc=UgxdUP33w7UrNlPrLCt4AaABAg,10/22/2022 4:30,0,7:59 I shit myself,http://www.youtube.com/@KolyaKar2.2
1110,@tomhubbard8510,"Jesus. Fucking. Christ. Seriously do not do this, or anything like this, are home or anywhere the fuck else.",Ugxa2CQEVEUNbF2yWll4AaABAg,,0,https://www.youtube.com/watch?v=lT3vGaOLWqE&lc=Ugxa2CQEVEUNbF2yWll4AaABAg,10/20/2022 20:30,0,"Jesus. Fucking. Christ. Seriously do not do this, or anything like this, are home or anywhere the fuck else.",http://www.youtube.com/@tomhubbard8510
1111,@TheKingtiger501,"Lol, Ouch That‚??s gotta Hurt. ?????????????????????",UgyNa-Og2JzjZFNxd1Z4AaABAg,,0,https://www.youtube.com/watch?v=lT3vGaOLWqE&lc=UgyNa-Og2JzjZFNxd1Z4AaABAg,10/20/2022 1:45,0,"Lol, Ouch That‚??s gotta Hurt. ?????????????????????",http://www.youtube.com/@TheKingtiger501
1112,@notime2waste100,Why no rubber gloves friend ? Surely there are electrical grade gloves,UgzqeZIdhURRvUQ3e-94AaABAg,,0,https://www.youtube.com/watch?v=lT3vGaOLWqE&lc=UgzqeZIdhURRvUQ3e-94AaABAg,10/18/2022 0:49,0,Why no rubber gloves friend ? Surely there are electrical grade gloves,http://www.youtube.com/@notime2waste100
1113,@teddycoles3532,Quantum immortality at work,UgwUHCveex1znW-Lvjd4AaABAg,,1,https://www.youtube.com/watch?v=lT3vGaOLWqE&lc=UgwUHCveex1znW-Lvjd4AaABAg,10/17/2022 2:18,0,Quantum immortality at work,http://www.youtube.com/@teddycoles3532
1114,@saianshamzgamer7113,The first scene was the best,UgxMjSKugwIzOwQEg3t4AaABAg,,0,https://www.youtube.com/watch?v=lT3vGaOLWqE&lc=UgxMjSKugwIzOwQEg3t4AaABAg,10/16/2022 5:05,0,The first scene was the best,http://www.youtube.com/@saianshamzgamer7113
1115,@cwill2127,"For anyone wondering, it‚??s at 8:00 Where he legit narrowly escaped death",UgxwHVKqx8t1g9AptM94AaABAg,,8,https://www.youtube.com/watch?v=lT3vGaOLWqE&lc=UgxwHVKqx8t1g9AptM94AaABAg,10/16/2022 1:05,0,"For anyone wondering, it‚??s at 8:00 Where he legit narrowly escaped death",http://www.youtube.com/@cwill2127
1116,@CHKNdinnner,Wow nearly killed himself only twice this video its usually more,UgzGKACjRr2v8itMqw14AaABAg,,0,https://www.youtube.com/watch?v=lT3vGaOLWqE&lc=UgzGKACjRr2v8itMqw14AaABAg,10/15/2022 22:22,0,Wow nearly killed himself only twice this video its usually more,http://www.youtube.com/@CHKNdinnner
1117,@darkgamerreborn3057,It‚??s so painful too watch in laughing,UgxZol-CvvVYb1CZWdF4AaABAg,,0,https://www.youtube.com/watch?v=lT3vGaOLWqE&lc=UgxZol-CvvVYb1CZWdF4AaABAg,10/15/2022 12:52,0,It‚??s so painful too watch in laughing,http://www.youtube.com/@darkgamerreborn3057
1118,@cryingroot6872,"‚??Thanks to my flimsy connection, which fell off I ‚?®only‚?® sustained some ‚?®3rd degree burns‚?®‚?ù -Electroboom-",Ugxf6PVP-l5mJWc9dQl4AaABAg,,0,https://www.youtube.com/watch?v=lT3vGaOLWqE&lc=Ugxf6PVP-l5mJWc9dQl4AaABAg,10/15/2022 5:28,0,"‚??Thanks to my flimsy connection, which fell off I ‚?®only‚?® sustained some ‚?®3rd degree burns‚?®‚?ù -Electroboom-",http://www.youtube.com/@cryingroot6872
1119,@Itsme-xu5ck,One tough bastard,UgxbFUaHN9LeUSZpUrJ4AaABAg,,0,https://www.youtube.com/watch?v=lT3vGaOLWqE&lc=UgxbFUaHN9LeUSZpUrJ4AaABAg,10/14/2022 13:15,0,One tough bastard,http://www.youtube.com/@Itsme-xu5ck
1120,@Angelica-un6bk,8:00 This is a truly electrocute,UgxqWVS7JkIntYPwNg54AaABAg,,2,https://www.youtube.com/watch?v=lT3vGaOLWqE&lc=UgxqWVS7JkIntYPwNg54AaABAg,10/12/2022 5:22,0,8:00 This is a truly electrocute,http://www.youtube.com/@Angelica-un6bk
1121,@texasred3892,How is this man still alive!!!???,UgwiF_uXzoCE_BwXiKx4AaABAg,,1,https://www.youtube.com/watch?v=lT3vGaOLWqE&lc=UgwiF_uXzoCE_BwXiKx4AaABAg,10/11/2022 22:26,0,How is this man still alive!!!???,http://www.youtube.com/@texasred3892
1122,@tomrafferty6723,"ElectroBoom is an electrical artist. Who else can explain in depth how electricity works and most importantly, what can happen in every possible scenario. Thank you for your videos. I need that printer BTW.",UgzTHLgVC1KC0x4zWP54AaABAg,,3,https://www.youtube.com/watch?v=lT3vGaOLWqE&lc=UgzTHLgVC1KC0x4zWP54AaABAg,10/10/2022 18:52,0,"ElectroBoom is an electrical artist. Who else can explain in depth how electricity works and most importantly, what can happen in every possible scenario. Thank you for your videos. I need that printer BTW.",http://www.youtube.com/@tomrafferty6723
1123,@TMX-qj7ol,why even upload this video?!,Ugxms7QZkrkAIAUfx1J4AaABAg,,0,https://www.youtube.com/watch?v=lT3vGaOLWqE&lc=Ugxms7QZkrkAIAUfx1J4AaABAg,10/10/2022 3:52,2,why even upload this video?!,http://www.youtube.com/@TMX-qj7ol
1124,@stylinsandwich,"Idk bout him, but if I almost died, I would like to make some money off of it damn it.",Ugxms7QZkrkAIAUfx1J4AaABAg.9h-8LzT_ciw9h-c9I2wA8l,@TMX-qj7ol,1,https://www.youtube.com/watch?v=lT3vGaOLWqE&lc=Ugxms7QZkrkAIAUfx1J4AaABAg.9h-8LzT_ciw9h-c9I2wA8l,10/10/2022 8:22,0,"Idk bout him, but if I almost died, I would like to make some money off of it damn it.",http://www.youtube.com/@stylinsandwich
1125,@aliutkugulderen6811,He knows what can kill him he just want to make people laugh,Ugxms7QZkrkAIAUfx1J4AaABAg.9h-8LzT_ciw9hBysXTlONu,@TMX-qj7ol,0,https://www.youtube.com/watch?v=lT3vGaOLWqE&lc=Ugxms7QZkrkAIAUfx1J4AaABAg.9h-8LzT_ciw9hBysXTlONu,10/15/2022 3:31,0,He knows what can kill him he just want to make people laugh,http://www.youtube.com/@aliutkugulderen6811
1126,@strange5536,You can say in hindi language,UgxyC4ICPl39CcTIDyh4AaABAg,,0,https://www.youtube.com/watch?v=lT3vGaOLWqE&lc=UgxyC4ICPl39CcTIDyh4AaABAg,10/10/2022 0:50,0,You can say in hindi language,http://www.youtube.com/@strange5536
1127,@greggraber8299,Dear God he‚??s still alive! ROFL,Ugy_OE-XmFdyDypeQK54AaABAg,,0,https://www.youtube.com/watch?v=lT3vGaOLWqE&lc=Ugy_OE-XmFdyDypeQK54AaABAg,10/9/2022 17:36,0,Dear God he‚??s still alive! ROFL,http://www.youtube.com/@greggraber8299
1128,@Chestergaming76,4:36 OHHHHH GREEN FLAME AND LAVA COOOOOOOOOOOOL,UgzAxl7XmJRws2RE-o54AaABAg,,0,https://www.youtube.com/watch?v=lT3vGaOLWqE&lc=UgzAxl7XmJRws2RE-o54AaABAg,10/9/2022 13:57,0,4:36 OHHHHH GREEN FLAME AND LAVA COOOOOOOOOOOOL,http://www.youtube.com/@Chestergaming76
1129,@valiankaye4088,How is he still alive!!!!???,UgyiVmOpBfqNrVbHbqB4AaABAg,,0,https://www.youtube.com/watch?v=lT3vGaOLWqE&lc=UgyiVmOpBfqNrVbHbqB4AaABAg,10/9/2022 10:20,0,How is he still alive!!!!???,http://www.youtube.com/@valiankaye4088
1130,@dummy7623,Electroboom an electrical genius: touches live wire* "OW!",UgySmDBiZx1rLgNkjw14AaABAg,,0,https://www.youtube.com/watch?v=lT3vGaOLWqE&lc=UgySmDBiZx1rLgNkjw14AaABAg,10/8/2022 16:56,0,Electroboom an electrical genius: touches live wire* "OW!",http://www.youtube.com/@dummy7623
1131,@roblox12230,Lego,Ugw191N5cs4LvokGJxF4AaABAg,,0,https://www.youtube.com/watch?v=lT3vGaOLWqE&lc=Ugw191N5cs4LvokGJxF4AaABAg,10/8/2022 11:28,0,Lego,http://www.youtube.com/@roblox12230
1132,@roblox12230,6:40,Ugw98JiV9ECwIS4dGBF4AaABAg,,0,https://www.youtube.com/watch?v=lT3vGaOLWqE&lc=Ugw98JiV9ECwIS4dGBF4AaABAg,10/8/2022 11:27,0,6:40,http://www.youtube.com/@roblox12230
1133,@roblox12230,Burn your peace so hot with your Mama don\'t like you von your brexit,UgyRrjyo6tHknRUMgT54AaABAg,,0,https://www.youtube.com/watch?v=lT3vGaOLWqE&lc=UgyRrjyo6tHknRUMgT54AaABAg,10/8/2022 11:26,0,Burn your peace so hot with your Mama don\'t like you von your brexit,http://www.youtube.com/@roblox12230
1134,@BharatiyaBaljeet,8:30 funny ?§£ song,UgyRnJb_mmPlZBKrXsd4AaABAg,,4,https://www.youtube.com/watch?v=lT3vGaOLWqE&lc=UgyRnJb_mmPlZBKrXsd4AaABAg,10/8/2022 7:34,0,8:30 funny ?§£ song,http://www.youtube.com/@BharatiyaBaljeet
1135,@DeathlyReaper2471,No breaker no problem,UgxmGidWeBAQ50eWOr54AaABAg,,0,https://www.youtube.com/watch?v=lT3vGaOLWqE&lc=UgxmGidWeBAQ50eWOr54AaABAg,10/7/2022 19:15,0,No breaker no problem,http://www.youtube.com/@DeathlyReaper2471
1136,@humbertorecendiz1498,"he really invented ambush,s ligth",UgwRMOK3tcpA66Aan4l4AaABAg,,0,https://www.youtube.com/watch?v=lT3vGaOLWqE&lc=UgwRMOK3tcpA66Aan4l4AaABAg,10/4/2022 16:46,0,"he really invented ambush,s ligth",http://www.youtube.com/@humbertorecendiz1498
1137,@miku_ora,7:58 ?§£?§£?§£,UgxUMsVS8rcnV4lKy954AaABAg,,1,https://www.youtube.com/watch?v=lT3vGaOLWqE&lc=UgxUMsVS8rcnV4lKy954AaABAg,10/4/2022 11:12,0,7:58 ?§£?§£?§£,http://www.youtube.com/@miku_ora
1138,@thekansaijorgedudeproducti6896,1:45 LOL I\'M ALMOST LAUGH,UgwjNVXytykcrMblJKZ4AaABAg,,1,https://www.youtube.com/watch?v=lT3vGaOLWqE&lc=UgwjNVXytykcrMblJKZ4AaABAg,10/3/2022 17:26,0,1:45 LOL I\'M ALMOST LAUGH,http://www.youtube.com/@thekansaijorgedudeproducti6896
1139,@onestupidduck7689,this guy is lucky to have functional limbs,Ugxg8lzTBpq1UjDv8t54AaABAg,,0,https://www.youtube.com/watch?v=lT3vGaOLWqE&lc=Ugxg8lzTBpq1UjDv8t54AaABAg,10/3/2022 0:54,0,this guy is lucky to have functional limbs,http://www.youtube.com/@onestupidduck7689
1140,@tarundutta5576,dude first think came to mind is dumb ways to die,UgxuvBG_QuQcPjh1Et94AaABAg,,0,https://www.youtube.com/watch?v=lT3vGaOLWqE&lc=UgxuvBG_QuQcPjh1Et94AaABAg,10/1/2022 13:09,0,dude first think came to mind is dumb ways to die,http://www.youtube.com/@tarundutta5576
1141,@syedmujtaba9825,Celebrating fragility of life??? just fancier,UgzKv1GM6821h4CGV-Z4AaABAg,,0,https://www.youtube.com/watch?v=lT3vGaOLWqE&lc=UgzKv1GM6821h4CGV-Z4AaABAg,10/1/2022 12:42,0,Celebrating fragility of life??? just fancier,http://www.youtube.com/@syedmujtaba9825
1142,@dot.7434,2017 Making a Jacob\'s Ladder to Celebrate a Million Subs! and 2022 how to commit suicide,Ugx0mjAc84oanhTs40x4AaABAg,,0,https://www.youtube.com/watch?v=lT3vGaOLWqE&lc=Ugx0mjAc84oanhTs40x4AaABAg,10/1/2022 9:51,0,2017 Making a Jacob\'s Ladder to Celebrate a Million Subs! and 2022 how to commit suicide,http://www.youtube.com/@dot.7434
1143,@SashreekCh,I didn\'t know people would celebrate 1 million subs by almost killing themselves???,Ugy1B9yAHCYC9xsqt_N4AaABAg,,0,https://www.youtube.com/watch?v=lT3vGaOLWqE&lc=Ugy1B9yAHCYC9xsqt_N4AaABAg,9/30/2022 15:49,0,I didn\'t know people would celebrate 1 million subs by almost killing themselves???,http://www.youtube.com/@SashreekCh
1144,@Octo_FR,amazing 1M subs now 5.23M lol,UgxA8vq8ecG677Weuyl4AaABAg,,0,https://www.youtube.com/watch?v=lT3vGaOLWqE&lc=UgxA8vq8ecG677Weuyl4AaABAg,9/30/2022 6:55,0,amazing 1M subs now 5.23M lol,http://www.youtube.com/@Octo_FR
1145,@kenzo6992,1:44,UgyNGKo0uZ0rUxyBobt4AaABAg,,0,https://www.youtube.com/watch?v=lT3vGaOLWqE&lc=UgyNGKo0uZ0rUxyBobt4AaABAg,9/30/2022 6:51,1,1:44,http://www.youtube.com/@kenzo6992
1146,@kenzo6992,Doge,UgyNGKo0uZ0rUxyBobt4AaABAg.9gahqvz7OpdA0xB0AmOoP-,@kenzo6992,0,https://www.youtube.com/watch?v=lT3vGaOLWqE&lc=UgyNGKo0uZ0rUxyBobt4AaABAg.9gahqvz7OpdA0xB0AmOoP-,3/13/2024 23:17,0,Doge,http://www.youtube.com/@kenzo6992
1147,@A-dood,every time I watch one of this videos I\'m scared to touch my phone,Ugz-hIEqErzFpc-RWwp4AaABAg,,0,https://www.youtube.com/watch?v=lT3vGaOLWqE&lc=Ugz-hIEqErzFpc-RWwp4AaABAg,9/29/2022 16:33,0,every time I watch one of this videos I\'m scared to touch my phone,http://www.youtube.com/@A-dood
1148,@teresitadumpa9091,0:07 i laughed it blew up ??????,UgwyA2G07TJKRylCrJZ4AaABAg,,0,https://www.youtube.com/watch?v=lT3vGaOLWqE&lc=UgwyA2G07TJKRylCrJZ4AaABAg,9/28/2022 22:30,0,0:07 i laughed it blew up ??????,http://www.youtube.com/@teresitadumpa9091
1149,@chanui8290,"i would love a video from mehdi telling us about all of his youtube related injuries and how bad they actually were, it would be very interesting",UgyQHpbZ7XfoI6YU7v94AaABAg,,3,https://www.youtube.com/watch?v=lT3vGaOLWqE&lc=UgyQHpbZ7XfoI6YU7v94AaABAg,9/28/2022 21:23,0,"i would love a video from mehdi telling us about all of his youtube related injuries and how bad they actually were, it would be very interesting",http://www.youtube.com/@chanui8290
1150,@sraja82,1:44,Ugz36MSjCtA5E31J6W54AaABAg,,0,https://www.youtube.com/watch?v=lT3vGaOLWqE&lc=Ugz36MSjCtA5E31J6W54AaABAg,9/28/2022 19:01,0,1:44,http://www.youtube.com/@sraja82
1151,@samanmudannayaka9604,He was more worried of that death contraption falling to the ground and breaking so he caught it "safely" with his bare hands.,UgxOiw0Z5OMzcJPyvdt4AaABAg,,0,https://www.youtube.com/watch?v=lT3vGaOLWqE&lc=UgxOiw0Z5OMzcJPyvdt4AaABAg,9/28/2022 16:35,1,He was more worried of that death contraption falling to the ground and breaking so he caught it "safely" with his bare hands.,http://www.youtube.com/@samanmudannayaka9604
1152,@stylinsandwich,"Nah, I think it\'s just instinct.",UgxOiw0Z5OMzcJPyvdt4AaABAg.9gXb63iugIV9h-cQEkvzzC,@samanmudannayaka9604,2,https://www.youtube.com/watch?v=lT3vGaOLWqE&lc=UgxOiw0Z5OMzcJPyvdt4AaABAg.9gXb63iugIV9h-cQEkvzzC,10/10/2022 8:24,0,"Nah, I think it\'s just instinct.",http://www.youtube.com/@stylinsandwich
1153,@nass5065,8:00 yes cool,Ugwd-qhgiBoovJtYM2d4AaABAg,,0,https://www.youtube.com/watch?v=lT3vGaOLWqE&lc=Ugwd-qhgiBoovJtYM2d4AaABAg,9/28/2022 12:31,0,8:00 yes cool,http://www.youtube.com/@nass5065
1154,@ryanforgo3500,"""Science proved that there is a direct link between how crazy you are and how many times were you touched/zapped by electricity"" By Mehdi aka electroboom.",UgxO1KP2cz4IhGCQtUV4AaABAg,,0,https://www.youtube.com/watch?v=lT3vGaOLWqE&lc=UgxO1KP2cz4IhGCQtUV4AaABAg,9/28/2022 4:43,0,"""Science proved that there is a direct link between how crazy you are and how many times were you touched/zapped by electricity"" By Mehdi aka electroboom.",http://www.youtube.com/@ryanforgo3500
1155,@Sabdyog,Funny ?§£,UgzPaBaGZo7cFFrzq_94AaABAg,,0,https://www.youtube.com/watch?v=lT3vGaOLWqE&lc=UgzPaBaGZo7cFFrzq_94AaABAg,9/27/2022 9:43,0,Funny ?§£,http://www.youtube.com/@Sabdyog
1156,@Sabdyog,?§£?§£,Ugy7wwAiGzQLLnXslH54AaABAg,,0,https://www.youtube.com/watch?v=lT3vGaOLWqE&lc=Ugy7wwAiGzQLLnXslH54AaABAg,9/27/2022 9:27,0,?§£?§£,http://www.youtube.com/@Sabdyog
1157,@adiscoverplays26,this man\'s a legend,Ugyrq1i5qtbl4Ata07N4AaABAg,,0,https://www.youtube.com/watch?v=lT3vGaOLWqE&lc=Ugyrq1i5qtbl4Ata07N4AaABAg,9/27/2022 2:18,0,this man\'s a legend,http://www.youtube.com/@adiscoverplays26
1158,@mbaker8820,5year olds when they hurt themselves 1:44,Ugyd3wjiF2JGVQEMjpF4AaABAg,,0,https://www.youtube.com/watch?v=lT3vGaOLWqE&lc=Ugyd3wjiF2JGVQEMjpF4AaABAg,9/26/2022 18:16,0,5year olds when they hurt themselves 1:44,http://www.youtube.com/@mbaker8820
1159,@jasonjohnson1439,I love electronics and think you have the capacitance to be funny that\'s why I watch your videos and share with my friends. congratulations on your million volts.. I mean subscriber\'s.. I have always wanted a 3d printer. keep up the good work -Jason Johnson,UgwtSD8fC65ceuRGGzJ4AaABAg,,0,https://www.youtube.com/watch?v=lT3vGaOLWqE&lc=UgwtSD8fC65ceuRGGzJ4AaABAg,9/26/2022 1:05,0,I love electronics and think you have the capacitance to be funny that\'s why I watch your videos and share with my friends. congratulations on your million volts.. I mean subscriber\'s.. I have always wanted a 3d printer. keep up the good work -Jason Johnson,http://www.youtube.com/@jasonjohnson1439
1160,@rustysouls5833,electroboom is gonna get shocked so much hes not gonna conduct electricity anymore,UgzfGg_F5vj_gqJYyTZ4AaABAg,,0,https://www.youtube.com/watch?v=lT3vGaOLWqE&lc=UgzfGg_F5vj_gqJYyTZ4AaABAg,9/25/2022 21:09,0,electroboom is gonna get shocked so much hes not gonna conduct electricity anymore,http://www.youtube.com/@rustysouls5833
1161,@Atlas-123,7:59 absolute gold,UgxNp6wbwS_pWCvNRbp4AaABAg,,0,https://www.youtube.com/watch?v=lT3vGaOLWqE&lc=UgxNp6wbwS_pWCvNRbp4AaABAg,9/25/2022 16:12,0,7:59 absolute gold,http://www.youtube.com/@Atlas-123
1162,@zentryii,"When I dreamed a dream started playing, I cracked up. Still to this day surprised that this guy isn\'t dead.",UgxrAFnCFA9lNAGzeN94AaABAg,,0,https://www.youtube.com/watch?v=lT3vGaOLWqE&lc=UgxrAFnCFA9lNAGzeN94AaABAg,9/25/2022 13:20,0,"When I dreamed a dream started playing, I cracked up. Still to this day surprised that this guy isn\'t dead.",http://www.youtube.com/@zentryii
1163,@mcalkis5771,"""Welcome to Mehdi\'s laboratory, where safety is our last priority.""",UgyufkQMl9P8Jn471m94AaABAg,,6,https://www.youtube.com/watch?v=lT3vGaOLWqE&lc=UgyufkQMl9P8Jn471m94AaABAg,9/25/2022 7:58,0,"""Welcome to Mehdi\'s laboratory, where safety is our last priority.""",http://www.youtube.com/@mcalkis5771
1164,@Kuroshich.,It\'s So Cringe...............But Funny...,Ugy5uzPlp4kNTPuwgQV4AaABAg,,0,https://www.youtube.com/watch?v=lT3vGaOLWqE&lc=Ugy5uzPlp4kNTPuwgQV4AaABAg,9/25/2022 6:55,0,It\'s So Cringe...............But Funny...,http://www.youtube.com/@Kuroshich.
1165,@oSHIshnagy,7:08,UgwtOxNUup72ARzKhK54AaABAg,,1,https://www.youtube.com/watch?v=lT3vGaOLWqE&lc=UgwtOxNUup72ARzKhK54AaABAg,9/25/2022 5:08,0,7:08,http://www.youtube.com/@oSHIshnagy
1166,@jakubgrzybek6181,He almost died here and still made the video.,Ugw3Iyep8Vne7pDPQJV4AaABAg,,0,https://www.youtube.com/watch?v=lT3vGaOLWqE&lc=Ugw3Iyep8Vne7pDPQJV4AaABAg,9/24/2022 14:19,0,He almost died here and still made the video.,http://www.youtube.com/@jakubgrzybek6181
1167,@poultryman9204,I need one of those printers please,UgxEQXUPXtqli6WtebB4AaABAg,,0,https://www.youtube.com/watch?v=lT3vGaOLWqE&lc=UgxEQXUPXtqli6WtebB4AaABAg,9/24/2022 11:17,0,I need one of those printers please,http://www.youtube.com/@poultryman9204
1168,@TheChaks1,???????????????,UgzpQp9ow-DZu4hpNlh4AaABAg,,0,https://www.youtube.com/watch?v=lT3vGaOLWqE&lc=UgzpQp9ow-DZu4hpNlh4AaABAg,9/24/2022 9:42,0,???????????????,http://www.youtube.com/@TheChaks1
1169,@Filce,"When the tower was falling, his first instinct was to grab it. This man has no fear",UgybGQ8k-TwcR6GsPL94AaABAg,,66,https://www.youtube.com/watch?v=lT3vGaOLWqE&lc=UgybGQ8k-TwcR6GsPL94AaABAg,9/23/2022 23:57,0,"When the tower was falling, his first instinct was to grab it. This man has no fear",http://www.youtube.com/@Filce
1170,@gimenaaustin7152,so smart. Thanks,UgwUZO_c1tYWmPY2YMd4AaABAg,,0,https://www.youtube.com/watch?v=lT3vGaOLWqE&lc=UgwUZO_c1tYWmPY2YMd4AaABAg,9/23/2022 23:47,0,so smart. Thanks,http://www.youtube.com/@gimenaaustin7152
1171,@kellykossow8743,I love you,UgyKjwD4GhS1VloA3bl4AaABAg,,0,https://www.youtube.com/watch?v=lT3vGaOLWqE&lc=UgyKjwD4GhS1VloA3bl4AaABAg,9/23/2022 19:45,0,I love you,http://www.youtube.com/@kellykossow8743
1172,@swaynemusic4496,7:57 I laughed so badd?????????,UgzSIoWPhf3T_NF2GIx4AaABAg,,0,https://www.youtube.com/watch?v=lT3vGaOLWqE&lc=UgzSIoWPhf3T_NF2GIx4AaABAg,9/23/2022 5:34,0,7:57 I laughed so badd?????????,http://www.youtube.com/@swaynemusic4496
1173,@kristinaeulenberg7136,Lol i give away FRICKING 3D PRINTER BOI TIME TO ONLY EAT FROM 3D PRINTED THINGS,UgzHisYdjqlMQwv9pWd4AaABAg,,0,https://www.youtube.com/watch?v=lT3vGaOLWqE&lc=UgzHisYdjqlMQwv9pWd4AaABAg,9/22/2022 14:08,0,Lol i give away FRICKING 3D PRINTER BOI TIME TO ONLY EAT FROM 3D PRINTED THINGS,http://www.youtube.com/@kristinaeulenberg7136
1174,@ryanrich2560,Hello,Ugykom91bkhw42_T1nB4AaABAg,,0,https://www.youtube.com/watch?v=lT3vGaOLWqE&lc=Ugykom91bkhw42_T1nB4AaABAg,9/22/2022 13:52,0,Hello,http://www.youtube.com/@ryanrich2560
1175,@Pirateslife101,How do I earn a 3-D printer from you,UgyXsNCynG_uGMk810x4AaABAg,,0,https://www.youtube.com/watch?v=lT3vGaOLWqE&lc=UgyXsNCynG_uGMk810x4AaABAg,9/21/2022 13:43,0,How do I earn a 3-D printer from you,http://www.youtube.com/@Pirateslife101
1176,@Jason-du9zm,6:47,UgyBEqjB90QJ7OEhBWp4AaABAg,,0,https://www.youtube.com/watch?v=lT3vGaOLWqE&lc=UgyBEqjB90QJ7OEhBWp4AaABAg,9/21/2022 13:17,0,6:47,http://www.youtube.com/@Jason-du9zm
1177,@M97N,Lol nostalgia,UgwkPHo98Z07B5JfFVN4AaABAg,,0,https://www.youtube.com/watch?v=lT3vGaOLWqE&lc=UgwkPHo98Z07B5JfFVN4AaABAg,9/21/2022 7:45,0,Lol nostalgia,http://www.youtube.com/@M97N
1178,@koushikkumarghosh2457,Imagine what will be the amplitude of raising his eyebrows if you connect 2 wires to his both ears and pass electricity ?§£,UgzrpO0r1anstFohSGp4AaABAg,,0,https://www.youtube.com/watch?v=lT3vGaOLWqE&lc=UgzrpO0r1anstFohSGp4AaABAg,9/21/2022 6:05,0,Imagine what will be the amplitude of raising his eyebrows if you connect 2 wires to his both ears and pass electricity ?§£,http://www.youtube.com/@koushikkumarghosh2457
1179,@kevinjrrose936,bro still got it lol,UgwUx_Q8aNjlAi8N3gp4AaABAg,,0,https://www.youtube.com/watch?v=lT3vGaOLWqE&lc=UgwUx_Q8aNjlAi8N3gp4AaABAg,9/21/2022 0:31,0,bro still got it lol,http://www.youtube.com/@kevinjrrose936
1180,@kittycatcaoimhe,Mehdi is the only guy I know who could be disappointed at creating a functional Jacob\'s Ladder,UgztSf1SUfOz7VYgx4Z4AaABAg,,1,https://www.youtube.com/watch?v=lT3vGaOLWqE&lc=UgztSf1SUfOz7VYgx4Z4AaABAg,9/20/2022 18:39,0,Mehdi is the only guy I know who could be disappointed at creating a functional Jacob\'s Ladder,http://www.youtube.com/@kittycatcaoimhe
1181,@Jbird1978Qqqqqq,How are you still alive‚?¶are you‚?¶is he?,UgzQ1VoKMuYKm_89keh4AaABAg,,0,https://www.youtube.com/watch?v=lT3vGaOLWqE&lc=UgzQ1VoKMuYKm_89keh4AaABAg,9/20/2022 9:22,0,How are you still alive‚?¶are you‚?¶is he?,http://www.youtube.com/@Jbird1978Qqqqqq
1182,@Siegeisok67,8:00,UgxQv3jIX9Qx0qLA4Ql4AaABAg,,1,https://www.youtube.com/watch?v=lT3vGaOLWqE&lc=UgxQv3jIX9Qx0qLA4Ql4AaABAg,9/20/2022 6:06,0,8:00,http://www.youtube.com/@Siegeisok67
1183,@emilgonzalez9586,8:00,UgyyOLsjpq_4NQnHezJ4AaABAg,,0,https://www.youtube.com/watch?v=lT3vGaOLWqE&lc=UgyyOLsjpq_4NQnHezJ4AaABAg,9/19/2022 23:47,0,8:00,http://www.youtube.com/@emilgonzalez9586
1184,@estilounabomber7767,Anormal te vas hacer una lesi√≥n muscular y microperforado oseo,UgzNS1rAjqRgzmMf0wZ4AaABAg,,0,https://www.youtube.com/watch?v=lT3vGaOLWqE&lc=UgzNS1rAjqRgzmMf0wZ4AaABAg,9/19/2022 13:07,0,Anormal te vas hacer una lesi√≥n muscular y microperforado oseo,http://www.youtube.com/@estilounabomber7767
1185,@MCInferno,E,UgwiAxiP0GfwmRZ888V4AaABAg,,0,https://www.youtube.com/watch?v=lT3vGaOLWqE&lc=UgwiAxiP0GfwmRZ888V4AaABAg,9/17/2022 23:55,0,E,http://www.youtube.com/@MCInferno
1186,@Tuberss93,You earned a subscriber lol,UgyYpVE5WDA1tlgOo1d4AaABAg,,0,https://www.youtube.com/watch?v=lT3vGaOLWqE&lc=UgyYpVE5WDA1tlgOo1d4AaABAg,9/17/2022 16:54,0,You earned a subscriber lol,http://www.youtube.com/@Tuberss93
1187,@aidanbrowne8370,You are so cool‚ù§‚ù§‚ù§‚ù§‚ù§‚ù§‚ù§‚ù§‚ù§‚ù§‚ù§‚ù§,UgwolX0Ug4Ho19mebkR4AaABAg,,1,https://www.youtube.com/watch?v=lT3vGaOLWqE&lc=UgwolX0Ug4Ho19mebkR4AaABAg,9/17/2022 15:49,0,You are so cool‚ù§‚ù§‚ù§‚ù§‚ù§‚ù§‚ù§‚ù§‚ù§‚ù§‚ù§‚ù§,http://www.youtube.com/@aidanbrowne8370
1188,@piercingreviews4676,id still take a 3d printer if you have a extra,UgxyrjlUJfHxjCrKFDl4AaABAg,,0,https://www.youtube.com/watch?v=lT3vGaOLWqE&lc=UgxyrjlUJfHxjCrKFDl4AaABAg,9/16/2022 17:45,0,id still take a 3d printer if you have a extra,http://www.youtube.com/@piercingreviews4676
1189,@dannyplays8156,https://youtube.com/shorts/LyWSP3i5wm0?feature=share,UgxXVqjkT46t-sGxFmB4AaABAg,,1,https://www.youtube.com/watch?v=lT3vGaOLWqE&lc=UgxXVqjkT46t-sGxFmB4AaABAg,9/15/2022 22:19,0,https://youtube.com/shorts/LyWSP3i5wm0?feature=share,http://www.youtube.com/@dannyplays8156
1190,@martinlopez2955,‚??The worst celebration candle ever‚?ù ?????????,UgyPmqdyFcmh3x0eco54AaABAg,,0,https://www.youtube.com/watch?v=lT3vGaOLWqE&lc=UgyPmqdyFcmh3x0eco54AaABAg,9/15/2022 19:46,0,‚??The worst celebration candle ever‚?ù ?????????,http://www.youtube.com/@martinlopez2955
1191,@LincBricks_73,7:57 is funny,UgxL4bZLaFpZMuwHfOh4AaABAg,,0,https://www.youtube.com/watch?v=lT3vGaOLWqE&lc=UgxL4bZLaFpZMuwHfOh4AaABAg,9/13/2022 19:20,0,7:57 is funny,http://www.youtube.com/@LincBricks_73
1192,@jurijcelestina5292,bloopers at the end are so funny,UgwKX3SksjcVH-sylQl4AaABAg,,0,https://www.youtube.com/watch?v=lT3vGaOLWqE&lc=UgwKX3SksjcVH-sylQl4AaABAg,9/12/2022 12:03,0,bloopers at the end are so funny,http://www.youtube.com/@jurijcelestina5292
1193,@carrozero9314,Your intelligence stats are not enough to cast that spell.,UgyxiIj2EmK_YlIH5AN4AaABAg,,0,https://www.youtube.com/watch?v=lT3vGaOLWqE&lc=UgyxiIj2EmK_YlIH5AN4AaABAg,9/12/2022 11:59,0,Your intelligence stats are not enough to cast that spell.,http://www.youtube.com/@carrozero9314
1194,@kingdong9091,Bro was explaining why he almost died,UgxTJN9HEAH6-_GO84J4AaABAg,,0,https://www.youtube.com/watch?v=lT3vGaOLWqE&lc=UgxTJN9HEAH6-_GO84J4AaABAg,9/12/2022 5:51,0,Bro was explaining why he almost died,http://www.youtube.com/@kingdong9091
1195,@tayabfarooq7544,ElectroBoomb is singer!,Ugw_IsWYMyygC7_1Ju94AaABAg,,0,https://www.youtube.com/watch?v=lT3vGaOLWqE&lc=Ugw_IsWYMyygC7_1Ju94AaABAg,9/12/2022 3:23,0,ElectroBoomb is singer!,http://www.youtube.com/@tayabfarooq7544
1196,@24rage,That‚??s how electrical engineer Celebrates his Birthday Day ?•≥?•≥,Ugwyjcb0mRZ5psuvh814AaABAg,,0,https://www.youtube.com/watch?v=lT3vGaOLWqE&lc=Ugwyjcb0mRZ5psuvh814AaABAg,9/12/2022 2:36,0,That‚??s how electrical engineer Celebrates his Birthday Day ?•≥?•≥,http://www.youtube.com/@24rage
1197,@Crush_The_Cranium,I laughed so much just hearing him say "if I touched this wire with both my hand you would watch the last hours of my corpse cooking to perfection" ?§£,UgynOLNSG_EhHSY4iAl4AaABAg,,1680,https://www.youtube.com/watch?v=lT3vGaOLWqE&lc=UgynOLNSG_EhHSY4iAl4AaABAg,9/11/2022 23:33,6,I laughed so much just hearing him say "if I touched this wire with both my hand you would watch the last hours of my corpse cooking to perfection" ?§£,http://www.youtube.com/@Crush_The_Cranium
1198,@Sabdyog,?§£,UgynOLNSG_EhHSY4iAl4AaABAg.9fr_Qi6HQII9gUGeZ8Zspm,@Crush_The_Cranium,4,https://www.youtube.com/watch?v=lT3vGaOLWqE&lc=UgynOLNSG_EhHSY4iAl4AaABAg.9fr_Qi6HQII9gUGeZ8Zspm,9/27/2022 9:30,0,?§£,http://www.youtube.com/@Sabdyog
1199,@ahmedunknown5921,And then he did,UgynOLNSG_EhHSY4iAl4AaABAg.9fr_Qi6HQII9l3GYrGPCGr,@Crush_The_Cranium,51,https://www.youtube.com/watch?v=lT3vGaOLWqE&lc=UgynOLNSG_EhHSY4iAl4AaABAg.9fr_Qi6HQII9l3GYrGPCGr,1/19/2023 3:27,0,And then he did,http://www.youtube.com/@ahmedunknown5921
1200,@zhuzhi23,??????,UgynOLNSG_EhHSY4iAl4AaABAg.9fr_Qi6HQII9nJfj-xMXqr,@Crush_The_Cranium,3,https://www.youtube.com/watch?v=lT3vGaOLWqE&lc=UgynOLNSG_EhHSY4iAl4AaABAg.9fr_Qi6HQII9nJfj-xMXqr,3/16/2023 6:26,0,??????,http://www.youtube.com/@zhuzhi23
1201,@glopnessm0nster144,It happens...... https://youtube.com/shorts/pjItaI6LAC0?feature=share,UgynOLNSG_EhHSY4iAl4AaABAg.9fr_Qi6HQII9pgrkU9t1TR,@Crush_The_Cranium,0,https://www.youtube.com/watch?v=lT3vGaOLWqE&lc=UgynOLNSG_EhHSY4iAl4AaABAg.9fr_Qi6HQII9pgrkU9t1TR,5/14/2023 8:56,0,It happens...... https://youtube.com/shorts/pjItaI6LAC0?feature=share,http://www.youtube.com/@glopnessm0nster144
1202,@user-jx5cf5ck6n,Ï?§Ï∫êÎ∞?Î¶¨ Íµø,UgynOLNSG_EhHSY4iAl4AaABAg.9fr_Qi6HQII9uQ6c65TvRM,@Crush_The_Cranium,0,https://www.youtube.com/watch?v=lT3vGaOLWqE&lc=UgynOLNSG_EhHSY4iAl4AaABAg.9fr_Qi6HQII9uQ6c65TvRM,9/8/2023 18:05,0,Ï?§Ï∫êÎ∞?Î¶¨ Íµø,http://www.youtube.com/@user-jx5cf5ck6n
1203,@Letsgopros51,"Seeing green fire. ‚??Laughs, my puny wires melted‚?ù dawg you saw green fire?!?!",UgzOACR81GBijZjFFpl4AaABAg,,0,https://www.youtube.com/watch?v=lT3vGaOLWqE&lc=UgzOACR81GBijZjFFpl4AaABAg,9/11/2022 14:27,0,"Seeing green fire. ‚??Laughs, my puny wires melted‚?ù dawg you saw green fire?!?!",http://www.youtube.com/@Letsgopros51
1204,@abdalah-ms5ot,8:00,UgzETRa3OVaaLK52rYB4AaABAg,,1,https://www.youtube.com/watch?v=lT3vGaOLWqE&lc=UgzETRa3OVaaLK52rYB4AaABAg,9/11/2022 6:43,0,8:00,http://www.youtube.com/@abdalah-ms5ot
1205,@gamingteam191,I can feel ur pain my dude..,UgzeiB6GGaMZibcCIaN4AaABAg,,0,https://www.youtube.com/watch?v=lT3vGaOLWqE&lc=UgzeiB6GGaMZibcCIaN4AaABAg,9/11/2022 0:44,0,I can feel ur pain my dude..,http://www.youtube.com/@gamingteam191
1206,@JadenAltAc,This dudes home is lucky to not be the sparklers,Ugz7JgRnUw6oInIfQRt4AaABAg,,0,https://www.youtube.com/watch?v=lT3vGaOLWqE&lc=Ugz7JgRnUw6oInIfQRt4AaABAg,9/10/2022 22:44,0,This dudes home is lucky to not be the sparklers,http://www.youtube.com/@JadenAltAc
1207,@kencsy6329,How much is his power bill,UgwHYn4PjFNzhT9YlGd4AaABAg,,0,https://www.youtube.com/watch?v=lT3vGaOLWqE&lc=UgwHYn4PjFNzhT9YlGd4AaABAg,9/10/2022 17:40,0,How much is his power bill,http://www.youtube.com/@kencsy6329
1208,@Vivek_Kushwaha333,Wow what a amazing person ????§ß,UgzwVkG0wfH7CuHvz0d4AaABAg,,0,https://www.youtube.com/watch?v=lT3vGaOLWqE&lc=UgzwVkG0wfH7CuHvz0d4AaABAg,9/10/2022 13:47,0,Wow what a amazing person ????§ß,http://www.youtube.com/@Vivek_Kushwaha333
1209,@hdirus2729,9:38 his damn smile ?§£?§£,Ugy3JQ40bKwJSmUUrGV4AaABAg,,1,https://www.youtube.com/watch?v=lT3vGaOLWqE&lc=Ugy3JQ40bKwJSmUUrGV4AaABAg,9/10/2022 9:57,0,9:38 his damn smile ?§£?§£,http://www.youtube.com/@hdirus2729
1210,@1Liann,"You had me at, ""Making a Jacob\'s ladder"". LOL Subscribed and rang that bell. Thank you for the laugh!",Ugw43UTl1r5LPsqPDXF4AaABAg,,0,https://www.youtube.com/watch?v=lT3vGaOLWqE&lc=Ugw43UTl1r5LPsqPDXF4AaABAg,9/9/2022 18:27,0,"You had me at, ""Making a Jacob\'s ladder"". LOL Subscribed and rang that bell. Thank you for the laugh!",http://www.youtube.com/@1Liann
1211,@Angry_Farmerz,maybe i can still get one,UgwK22UgAEZQosStcDp4AaABAg,,0,https://www.youtube.com/watch?v=lT3vGaOLWqE&lc=UgwK22UgAEZQosStcDp4AaABAg,9/9/2022 18:09,0,maybe i can still get one,http://www.youtube.com/@Angry_Farmerz
1212,@akifshahamin9928,Song like backrooms,UgxH7zv15TsuglOHY5B4AaABAg,,0,https://www.youtube.com/watch?v=lT3vGaOLWqE&lc=UgxH7zv15TsuglOHY5B4AaABAg,9/9/2022 7:24,0,Song like backrooms,http://www.youtube.com/@akifshahamin9928
1213,@ilusionkick,"Look, Rick is getting bald.",UgxV6MFpNLGcsldwf5Z4AaABAg,,0,https://www.youtube.com/watch?v=lT3vGaOLWqE&lc=UgxV6MFpNLGcsldwf5Z4AaABAg,9/9/2022 1:19,0,"Look, Rick is getting bald.",http://www.youtube.com/@ilusionkick
1214,@StrawberryWarlord,When he caught the ladder at 8:00 - good lord. How did he survive that?,Ugwp6HcPRsEoBm2s3qZ4AaABAg,,0,https://www.youtube.com/watch?v=lT3vGaOLWqE&lc=Ugwp6HcPRsEoBm2s3qZ4AaABAg,9/7/2022 17:31,0,When he caught the ladder at 8:00 - good lord. How did he survive that?,http://www.youtube.com/@StrawberryWarlord
1215,@windowsdelisi,7:59 ahhhh nooo,UgyQz3iYIP7V1UhKk_J4AaABAg,,0,https://www.youtube.com/watch?v=lT3vGaOLWqE&lc=UgyQz3iYIP7V1UhKk_J4AaABAg,9/6/2022 21:59,0,7:59 ahhhh nooo,http://www.youtube.com/@windowsdelisi
1216,@UnknownHuman.,this guy is crazy this is so unsafe!!! I LOVE IT!!,Ugw7rD9ry6wi-rt8CwJ4AaABAg,,1,https://www.youtube.com/watch?v=lT3vGaOLWqE&lc=Ugw7rD9ry6wi-rt8CwJ4AaABAg,9/6/2022 13:25,0,this guy is crazy this is so unsafe!!! I LOVE IT!!,http://www.youtube.com/@UnknownHuman.
1217,@jakeiflores,"Hence, the birth of Arc Welding.",UgwAuCGlyvMz89JEJ854AaABAg,,0,https://www.youtube.com/watch?v=lT3vGaOLWqE&lc=UgwAuCGlyvMz89JEJ854AaABAg,9/6/2022 9:04,0,"Hence, the birth of Arc Welding.",http://www.youtube.com/@jakeiflores
1218,@borogames2835,he risks his life to have fun and lets us also have fun without pain or having to recreate,UgzXXwMdC1qRbxMvuCx4AaABAg,,0,https://www.youtube.com/watch?v=lT3vGaOLWqE&lc=UgzXXwMdC1qRbxMvuCx4AaABAg,9/5/2022 17:23,0,he risks his life to have fun and lets us also have fun without pain or having to recreate,http://www.youtube.com/@borogames2835
1219,@h6xgaming650,Best part is in 7.59 .. ??????,Ugz4HrRQI-E3wflgaWh4AaABAg,,1,https://www.youtube.com/watch?v=lT3vGaOLWqE&lc=Ugz4HrRQI-E3wflgaWh4AaABAg,9/4/2022 0:16,0,Best part is in 7.59 .. ??????,http://www.youtube.com/@h6xgaming650
1220,@mannsrestha398,this right here is the perfect reason why women live longer than men?§£,UgxxGX4_m5866oBq91N4AaABAg,,0,https://www.youtube.com/watch?v=lT3vGaOLWqE&lc=UgxxGX4_m5866oBq91N4AaABAg,9/3/2022 12:12,0,this right here is the perfect reason why women live longer than men?§£,http://www.youtube.com/@mannsrestha398
1221,@thegoetayt8311,the best part 7:57,UgzxKGaNHVAozdxpRRF4AaABAg,,1,https://www.youtube.com/watch?v=lT3vGaOLWqE&lc=UgzxKGaNHVAozdxpRRF4AaABAg,9/1/2022 14:10,0,the best part 7:57,http://www.youtube.com/@thegoetayt8311
1222,@michaelatlas2341,Him: annoyed at neighbour for drilling His neighbour: annoyed at him for all the zaps and screams.,Ugz-kXbotgSvH3sN1fl4AaABAg,,0,https://www.youtube.com/watch?v=lT3vGaOLWqE&lc=Ugz-kXbotgSvH3sN1fl4AaABAg,9/1/2022 5:57,0,Him: annoyed at neighbour for drilling His neighbour: annoyed at him for all the zaps and screams.,http://www.youtube.com/@michaelatlas2341
1223,@sawqasw5428,I\'ve heard him talk about this video but never watched it until today. I cringed and locked up when I saw that Jacobs ladder fall.... Love your stuff electroboom keep going,UgyBVMbi9LN_XzUVcdh4AaABAg,,0,https://www.youtube.com/watch?v=lT3vGaOLWqE&lc=UgyBVMbi9LN_XzUVcdh4AaABAg,9/1/2022 0:34,0,I\'ve heard him talk about this video but never watched it until today. I cringed and locked up when I saw that Jacobs ladder fall.... Love your stuff electroboom keep going,http://www.youtube.com/@sawqasw5428
1224,@richarddalivadelrosario7007,I like what you do dude love it.....from Philippines ??µ??≠,UgwOkz-pH3dlHfBs83d4AaABAg,,0,https://www.youtube.com/watch?v=lT3vGaOLWqE&lc=UgwOkz-pH3dlHfBs83d4AaABAg,8/31/2022 4:16,0,I like what you do dude love it.....from Philippines ??µ??≠,http://www.youtube.com/@richarddalivadelrosario7007
1225,@joshacollins84,"Friendly conversation""Hey, you remember that time Mehdi nearly killed himself? "" ""well yeah, but which time specifically? """,Ugz2HlX0JFokKkHWtjx4AaABAg,,0,https://www.youtube.com/watch?v=lT3vGaOLWqE&lc=Ugz2HlX0JFokKkHWtjx4AaABAg,8/29/2022 21:26,0,"Friendly conversation""Hey, you remember that time Mehdi nearly killed himself? "" ""well yeah, but which time specifically? """,http://www.youtube.com/@joshacollins84
1226,@mr.loading2554,"Men , are you Iranin ?",UgyWwtviKtE_rG9io9t4AaABAg,,0,https://www.youtube.com/watch?v=lT3vGaOLWqE&lc=UgyWwtviKtE_rG9io9t4AaABAg,8/29/2022 18:57,1,"Men , are you Iranin ?",http://www.youtube.com/@mr.loading2554
1227,@BobRobber1,He is Iranian-Canadian.,UgyWwtviKtE_rG9io9t4AaABAg.9fKbRN5YqW29g1ig4AFike,@mr.loading2554,0,https://www.youtube.com/watch?v=lT3vGaOLWqE&lc=UgyWwtviKtE_rG9io9t4AaABAg.9fKbRN5YqW29g1ig4AFike,9/16/2022 7:26,0,He is Iranian-Canadian.,http://www.youtube.com/@BobRobber1
1228,@rafa-kun5805,lol xD,UgxbzV3aeNQ0liNfEhd4AaABAg,,0,https://www.youtube.com/watch?v=lT3vGaOLWqE&lc=UgxbzV3aeNQ0liNfEhd4AaABAg,8/29/2022 17:49,0,lol xD,http://www.youtube.com/@rafa-kun5805
1229,@Exilis,What about an uneducated cobra?,UgxiX1ae1EbMLfTYU514AaABAg,,0,https://www.youtube.com/watch?v=lT3vGaOLWqE&lc=UgxiX1ae1EbMLfTYU514AaABAg,8/28/2022 6:47,0,What about an uneducated cobra?,http://www.youtube.com/@Exilis
1230,@theodorehamilton1913,lmao at 8:00,UgzomgmaYq2tYs2vWOd4AaABAg,,2,https://www.youtube.com/watch?v=lT3vGaOLWqE&lc=UgzomgmaYq2tYs2vWOd4AaABAg,8/26/2022 21:32,0,lmao at 8:00,http://www.youtube.com/@theodorehamilton1913
1231,@platinumkaraokecustomersse5733,9:40,UgwOrUh4TxxKTiYbNnt4AaABAg,,2,https://www.youtube.com/watch?v=lT3vGaOLWqE&lc=UgwOrUh4TxxKTiYbNnt4AaABAg,8/26/2022 1:01,0,9:40,http://www.youtube.com/@platinumkaraokecustomersse5733
1232,@Rudra_Singh_Bhardwaj,This guy shocks himself multiple times just for our fun and knowledge. A True Legend ??ø,UgwbbdIF2NhDLHd0C0B4AaABAg,,30,https://www.youtube.com/watch?v=lT3vGaOLWqE&lc=UgwbbdIF2NhDLHd0C0B4AaABAg,8/25/2022 12:19,0,This guy shocks himself multiple times just for our fun and knowledge. A True Legend ??ø,http://www.youtube.com/@Rudra_Singh_Bhardwaj
1233,@esaie.2632,d,UgzqXg7Q2dYE-ZeuA7l4AaABAg,,1,https://www.youtube.com/watch?v=lT3vGaOLWqE&lc=UgzqXg7Q2dYE-ZeuA7l4AaABAg,8/25/2022 10:08,0,d,http://www.youtube.com/@esaie.2632
1234,@MGgaming340,"I\'m no electrician, but I think he just needs some rubber gloves to not nearly get shocked to death.",UgwCtyAhY-in1aTGQ0Z4AaABAg,,0,https://www.youtube.com/watch?v=lT3vGaOLWqE&lc=UgwCtyAhY-in1aTGQ0Z4AaABAg,8/23/2022 19:00,0,"I\'m no electrician, but I think he just needs some rubber gloves to not nearly get shocked to death.",http://www.youtube.com/@MGgaming340
1235,@ibwMAX_YT,?§£?§£?§£?§£8:00,Ugw-PcggH9FiaI4nQWF4AaABAg,,1,https://www.youtube.com/watch?v=lT3vGaOLWqE&lc=Ugw-PcggH9FiaI4nQWF4AaABAg,8/23/2022 16:25,0,?§£?§£?§£?§£8:00,http://www.youtube.com/@ibwMAX_YT
1236,@aprilyoru8673,This guy is a resistor himself,UgwxYU3rlz4lhf6YdrV4AaABAg,,2,https://www.youtube.com/watch?v=lT3vGaOLWqE&lc=UgwxYU3rlz4lhf6YdrV4AaABAg,8/23/2022 5:50,0,This guy is a resistor himself,http://www.youtube.com/@aprilyoru8673
1237,@lmaoomg_its_me931,Salam baby girl mikhay doostdokhtare man bashi,UgxUicYEG7EDa-tb8Fl4AaABAg,,0,https://www.youtube.com/watch?v=lT3vGaOLWqE&lc=UgxUicYEG7EDa-tb8Fl4AaABAg,8/22/2022 13:30,0,Salam baby girl mikhay doostdokhtare man bashi,http://www.youtube.com/@lmaoomg_its_me931
1238,@CheeseMan121,I harvested sparkler powder into a plastic container the few second burn wasn‚??t enough to melt the plastic but it did leave some bubbles of carbon and plastic and other chemicals it‚??s good you should try it,UgxibwftOY5OvYGjOpx4AaABAg,,0,https://www.youtube.com/watch?v=lT3vGaOLWqE&lc=UgxibwftOY5OvYGjOpx4AaABAg,8/21/2022 18:34,0,I harvested sparkler powder into a plastic container the few second burn wasn‚??t enough to melt the plastic but it did leave some bubbles of carbon and plastic and other chemicals it‚??s good you should try it,http://www.youtube.com/@CheeseMan121
1239,@kenneth2519,This man is living with quantum immortality fr,UgwGY15G27AbpqqeLB54AaABAg,,0,https://www.youtube.com/watch?v=lT3vGaOLWqE&lc=UgwGY15G27AbpqqeLB54AaABAg,8/21/2022 2:38,0,This man is living with quantum immortality fr,http://www.youtube.com/@kenneth2519
1240,@thatredstoneguy5023,Why does Mehdi act surprised when he touches high voltage and gets electrocuted?,UgzqSEiMicXFuc2K64Z4AaABAg,,0,https://www.youtube.com/watch?v=lT3vGaOLWqE&lc=UgzqSEiMicXFuc2K64Z4AaABAg,8/21/2022 0:49,0,Why does Mehdi act surprised when he touches high voltage and gets electrocuted?,http://www.youtube.com/@thatredstoneguy5023
1241,@michaelmcdowell7096,"Holy crap dude, don\'t die. I\'ve seen u do some silly things but I don\'t come here to watch u cook.",Ugy4a4l0Q5bi5I-97Rp4AaABAg,,0,https://www.youtube.com/watch?v=lT3vGaOLWqE&lc=Ugy4a4l0Q5bi5I-97Rp4AaABAg,8/20/2022 23:59,0,"Holy crap dude, don\'t die. I\'ve seen u do some silly things but I don\'t come here to watch u cook.",http://www.youtube.com/@michaelmcdowell7096
1242,@revieworr,Is the evolved pokemon form of Louis Rossmann,UgzzLZbsVcrCrFbEuOJ4AaABAg,,0,https://www.youtube.com/watch?v=lT3vGaOLWqE&lc=UgzzLZbsVcrCrFbEuOJ4AaABAg,8/20/2022 18:46,0,Is the evolved pokemon form of Louis Rossmann,http://www.youtube.com/@revieworr
1243,@puggy__4604,honestly I would not argue if someone said he is immortal because of the ammount of times he almost died,UgwPWLayNk_feNSyAXN4AaABAg,,0,https://www.youtube.com/watch?v=lT3vGaOLWqE&lc=UgwPWLayNk_feNSyAXN4AaABAg,8/19/2022 18:28,0,honestly I would not argue if someone said he is immortal because of the ammount of times he almost died,http://www.youtube.com/@puggy__4604
1244,@lukemm2___,when he talks = Power plug in short,UgyjxQDPK9RK0GLbY1N4AaABAg,,0,https://www.youtube.com/watch?v=lT3vGaOLWqE&lc=UgyjxQDPK9RK0GLbY1N4AaABAg,8/19/2022 16:40,0,when he talks = Power plug in short,http://www.youtube.com/@lukemm2___
1245,@nebscale4192,7:59 √¶s m√•√?ok,UgzTPKnN8oskIcb7sLF4AaABAg,,1,https://www.youtube.com/watch?v=lT3vGaOLWqE&lc=UgzTPKnN8oskIcb7sLF4AaABAg,8/19/2022 0:31,0,7:59 √¶s m√•√?ok,http://www.youtube.com/@nebscale4192
1246,@sshnawg,"5 years , 5 more million subs",UgyN4KwjuoBymqkZM614AaABAg,,0,https://www.youtube.com/watch?v=lT3vGaOLWqE&lc=UgyN4KwjuoBymqkZM614AaABAg,8/18/2022 8:31,0,"5 years , 5 more million subs",http://www.youtube.com/@sshnawg
1247,@thanasis4152,HOW ARE YOU EVEN ALIVEEEEE,Ugz6O9z2GuRQqeeTuyJ4AaABAg,,0,https://www.youtube.com/watch?v=lT3vGaOLWqE&lc=Ugz6O9z2GuRQqeeTuyJ4AaABAg,8/17/2022 12:14,0,HOW ARE YOU EVEN ALIVEEEEE,http://www.youtube.com/@thanasis4152
1248,@soniclikesphone,the 1000000th sub is a gigachad,Ugw92PcgbXFa3wXF7h94AaABAg,,0,https://www.youtube.com/watch?v=lT3vGaOLWqE&lc=Ugw92PcgbXFa3wXF7h94AaABAg,8/17/2022 9:17,0,the 1000000th sub is a gigachad,http://www.youtube.com/@soniclikesphone
1249,@brendanmatelan2129,"I would\'ve gotten the F%K out of the way of that thing when it fell over, rather than grab both of those wires.",UgzjN8NLRIK92jhRmyp4AaABAg,,0,https://www.youtube.com/watch?v=lT3vGaOLWqE&lc=UgzjN8NLRIK92jhRmyp4AaABAg,8/16/2022 20:24,0,"I would\'ve gotten the F%K out of the way of that thing when it fell over, rather than grab both of those wires.",http://www.youtube.com/@brendanmatelan2129
1250,@thespiralofpowah,0:07 the party blower broke,Ugxw7gerk10kwxrgvM94AaABAg,,0,https://www.youtube.com/watch?v=lT3vGaOLWqE&lc=Ugxw7gerk10kwxrgvM94AaABAg,8/16/2022 5:52,0,0:07 the party blower broke,http://www.youtube.com/@thespiralofpowah
1251,@hobodarkness7696,Ayyyyy XDDDDD,UgwxoJiBStzK_F771s94AaABAg,,0,https://www.youtube.com/watch?v=lT3vGaOLWqE&lc=UgwxoJiBStzK_F771s94AaABAg,8/16/2022 4:46,0,Ayyyyy XDDDDD,http://www.youtube.com/@hobodarkness7696
1252,@devilsoffspring5519,"Dude, SAFETY GLASSES!",Ugy-O1T-lfi6pJPdatd4AaABAg,,0,https://www.youtube.com/watch?v=lT3vGaOLWqE&lc=Ugy-O1T-lfi6pJPdatd4AaABAg,8/15/2022 22:07,0,"Dude, SAFETY GLASSES!",http://www.youtube.com/@devilsoffspring5519
1253,@Insurgency_Raider,The sparkler monstrosity near that end goes again all safety that a EE is about And I fucking dig it,UgxDrSVhZWB4lod2XJN4AaABAg,,0,https://www.youtube.com/watch?v=lT3vGaOLWqE&lc=UgxDrSVhZWB4lod2XJN4AaABAg,8/15/2022 4:41,0,The sparkler monstrosity near that end goes again all safety that a EE is about And I fucking dig it,http://www.youtube.com/@Insurgency_Raider
1254,@themagicboy6548,I can\'t believe that you tried to catch the bare conductors,Ugy30LiVRQrevbLAftN4AaABAg,,0,https://www.youtube.com/watch?v=lT3vGaOLWqE&lc=Ugy30LiVRQrevbLAftN4AaABAg,8/15/2022 0:58,0,I can\'t believe that you tried to catch the bare conductors,http://www.youtube.com/@themagicboy6548
1255,@Momo_Kawashima,"When the last gizmo fell on him I legit crapped my pants (even if fhe video is 3 years old), still gave me a scare",UgzaCW6DoOGmoHERm6Z4AaABAg,,0,https://www.youtube.com/watch?v=lT3vGaOLWqE&lc=UgzaCW6DoOGmoHERm6Z4AaABAg,8/14/2022 17:24,0,"When the last gizmo fell on him I legit crapped my pants (even if fhe video is 3 years old), still gave me a scare",http://www.youtube.com/@Momo_Kawashima
1256,@im_bored6883,Congrats,UgwmCAgPOUZK4IDnTJZ4AaABAg,,0,https://www.youtube.com/watch?v=lT3vGaOLWqE&lc=UgwmCAgPOUZK4IDnTJZ4AaABAg,8/14/2022 14:24,0,Congrats,http://www.youtube.com/@im_bored6883
1257,@murmuboyxz6633,Nice video?•∞ bro i am india??ç??ç,UgzxK6uIBL5X4emF2HF4AaABAg,,0,https://www.youtube.com/watch?v=lT3vGaOLWqE&lc=UgzxK6uIBL5X4emF2HF4AaABAg,8/14/2022 10:09,1,Nice video?•∞ bro i am india??ç??ç,http://www.youtube.com/@murmuboyxz6633
1258,@subtractment,??≥,UgzxK6uIBL5X4emF2HF4AaABAg.9ei2Au5SyIx9fWJcimrpuH,@murmuboyxz6633,0,https://www.youtube.com/watch?v=lT3vGaOLWqE&lc=UgzxK6uIBL5X4emF2HF4AaABAg.9ei2Au5SyIx9fWJcimrpuH,9/3/2022 8:03,0,??≥,http://www.youtube.com/@subtractment
1259,@ninokeeverl.esmino9024,8:00,UgxwBGnSDxOa8wjz0Bh4AaABAg,,0,https://www.youtube.com/watch?v=lT3vGaOLWqE&lc=UgxwBGnSDxOa8wjz0Bh4AaABAg,8/14/2022 8:19,0,8:00,http://www.youtube.com/@ninokeeverl.esmino9024
1260,@OhHenri,6:05 When the person that promised you candy pushes you into his van,Ugw3-9nN9_myJJu9RLB4AaABAg,,0,https://www.youtube.com/watch?v=lT3vGaOLWqE&lc=Ugw3-9nN9_myJJu9RLB4AaABAg,8/14/2022 2:22,0,6:05 When the person that promised you candy pushes you into his van,http://www.youtube.com/@OhHenri
1261,@br8een.973,I\'m a electric enginer after I watched this I did to make a Jacobs ladder after my home turn into a ??????????????????,UgzcEcrm9sWlSo6zL9F4AaABAg,,0,https://www.youtube.com/watch?v=lT3vGaOLWqE&lc=UgzcEcrm9sWlSo6zL9F4AaABAg,8/13/2022 2:02,0,I\'m a electric enginer after I watched this I did to make a Jacobs ladder after my home turn into a ??????????????????,http://www.youtube.com/@br8een.973
1262,@Sam-tg4ii,Dorood 3,UgwnrHgGDyulp8IyzQl4AaABAg,,0,https://www.youtube.com/watch?v=lT3vGaOLWqE&lc=UgwnrHgGDyulp8IyzQl4AaABAg,8/12/2022 18:27,0,Dorood 3,http://www.youtube.com/@Sam-tg4ii
1263,@underGodsRules,Best part of vedio is in 7:59??¢?§£?§£?§£?§£?§£?§£?§£,Ugzzx2jdewBtmnXplJ14AaABAg,,0,https://www.youtube.com/watch?v=lT3vGaOLWqE&lc=Ugzzx2jdewBtmnXplJ14AaABAg,8/12/2022 8:47,0,Best part of vedio is in 7:59??¢?§£?§£?§£?§£?§£?§£?§£,http://www.youtube.com/@underGodsRules
1264,@NWE_Dr_ether,Your video is really entertaining. Great video,Ugw8uXkRtMT4zVdcevR4AaABAg,,0,https://www.youtube.com/watch?v=lT3vGaOLWqE&lc=Ugw8uXkRtMT4zVdcevR4AaABAg,8/12/2022 8:31,0,Your video is really entertaining. Great video,http://www.youtube.com/@NWE_Dr_ether
1265,@lennonmclean,Man straight up tried to climb Jacob‚??s ladder,UgwGzw7xNGPBDkmdX7F4AaABAg,,1,https://www.youtube.com/watch?v=lT3vGaOLWqE&lc=UgwGzw7xNGPBDkmdX7F4AaABAg,8/11/2022 23:39,0,Man straight up tried to climb Jacob‚??s ladder,http://www.youtube.com/@lennonmclean
1266,@balkanio3383,can i get one?,UgxeUwBaN_MmadpIOuF4AaABAg,,0,https://www.youtube.com/watch?v=lT3vGaOLWqE&lc=UgxeUwBaN_MmadpIOuF4AaABAg,8/11/2022 15:53,0,can i get one?,http://www.youtube.com/@balkanio3383
1267,@InstaSpamz,Make a video with a tv,UgzHdcfii3p4RrcvGUV4AaABAg,,0,https://www.youtube.com/watch?v=lT3vGaOLWqE&lc=UgzHdcfii3p4RrcvGUV4AaABAg,8/10/2022 14:41,0,Make a video with a tv,http://www.youtube.com/@InstaSpamz
1268,@HoorGuvLabs,He must be on creative mode.,Ugx6kJGVQlYq16KPbNt4AaABAg,,0,https://www.youtube.com/watch?v=lT3vGaOLWqE&lc=Ugx6kJGVQlYq16KPbNt4AaABAg,8/10/2022 13:25,0,He must be on creative mode.,http://www.youtube.com/@HoorGuvLabs
1269,@sourcecheeseburger,bruh where da English subtitles,UgwSlDVTN3vTErqdJ4t4AaABAg,,0,https://www.youtube.com/watch?v=lT3vGaOLWqE&lc=UgwSlDVTN3vTErqdJ4t4AaABAg,8/6/2022 5:02,0,bruh where da English subtitles,http://www.youtube.com/@sourcecheeseburger
1270,@TheFurryBus,"I am a kid, but I need a 3d printer. Do you mind?",UgymQx-AcYVsFn4XU7t4AaABAg,,0,https://www.youtube.com/watch?v=lT3vGaOLWqE&lc=UgymQx-AcYVsFn4XU7t4AaABAg,8/5/2022 16:36,0,"I am a kid, but I need a 3d printer. Do you mind?",http://www.youtube.com/@TheFurryBus
1271,@andriusandrius3183,my no like it eletrionk,UgzybjORrsnORXYJpv54AaABAg,,0,https://www.youtube.com/watch?v=lT3vGaOLWqE&lc=UgzybjORrsnORXYJpv54AaABAg,8/5/2022 3:43,0,my no like it eletrionk,http://www.youtube.com/@andriusandrius3183
1272,@randomcrapstudios8398,Unsurprisingly his only unplanned shock was the most dangerous one.,UgzbZT7yVlzrRxSoikR4AaABAg,,7537,https://www.youtube.com/watch?v=lT3vGaOLWqE&lc=UgzbZT7yVlzrRxSoikR4AaABAg,8/4/2022 23:25,27,Unsurprisingly his only unplanned shock was the most dangerous one.,http://www.youtube.com/@randomcrapstudios8398
1273,@Rupcoris,"Uhhh, so which one was the unplanned one?",UgzbZT7yVlzrRxSoikR4AaABAg.9eKiIhdxJsC9iAwjFZQ8bS,@randomcrapstudios8398,79,https://www.youtube.com/watch?v=lT3vGaOLWqE&lc=UgzbZT7yVlzrRxSoikR4AaABAg.9eKiIhdxJsC9iAwjFZQ8bS,11/8/2022 13:24,0,"Uhhh, so which one was the unplanned one?",http://www.youtube.com/@Rupcoris
1274,@rikusaito8956,"@@Rupcoris 7:55, if the wires hadn\'t come off, he probably would have died.",UgzbZT7yVlzrRxSoikR4AaABAg.9eKiIhdxJsC9iB8RcxH-4o,@randomcrapstudios8398,851,https://www.youtube.com/watch?v=lT3vGaOLWqE&lc=UgzbZT7yVlzrRxSoikR4AaABAg.9eKiIhdxJsC9iB8RcxH-4o,11/8/2022 15:16,0,"@@Rupcoris 7:55, if the wires hadn\'t come off, he probably would have died.",http://www.youtube.com/@rikusaito8956
1275,@Rupcoris,"@@rikusaito8956 thank you, i guess I thought that since he immediately reached for the circuit with his hands, he was trying to shock himself.",UgzbZT7yVlzrRxSoikR4AaABAg.9eKiIhdxJsC9iBCKLvFlZh,@randomcrapstudios8398,156,https://www.youtube.com/watch?v=lT3vGaOLWqE&lc=UgzbZT7yVlzrRxSoikR4AaABAg.9eKiIhdxJsC9iBCKLvFlZh,11/8/2022 15:49,0,"@@rikusaito8956 thank you, i guess I thought that since he immediately reached for the circuit with his hands, he was trying to shock himself.",http://www.youtube.com/@Rupcoris
1276,@Moonninja420,@@Rupcoris look at how his hands were shaking after wards. He legit almost died.,UgzbZT7yVlzrRxSoikR4AaABAg.9eKiIhdxJsC9iJX6bYLORz,@randomcrapstudios8398,724,https://www.youtube.com/watch?v=lT3vGaOLWqE&lc=UgzbZT7yVlzrRxSoikR4AaABAg.9eKiIhdxJsC9iJX6bYLORz,11/11/2022 21:25,0,@@Rupcoris look at how his hands were shaking after wards. He legit almost died.,http://www.youtube.com/@Moonninja420
1277,@samirbelica2358,@@Moonninja420 yeah he confessed that he almost died on this video,UgzbZT7yVlzrRxSoikR4AaABAg.9eKiIhdxJsC9iMXsocaQ28,@randomcrapstudios8398,462,https://www.youtube.com/watch?v=lT3vGaOLWqE&lc=UgzbZT7yVlzrRxSoikR4AaABAg.9eKiIhdxJsC9iMXsocaQ28,11/13/2022 1:29,0,@@Moonninja420 yeah he confessed that he almost died on this video,http://www.youtube.com/@samirbelica2358
1278,@benjaminrussel9668,Lmfao ??? some 3rd degree burns,UgzffYRGFz8HF7dkJwd4AaABAg,,0,https://www.youtube.com/watch?v=lT3vGaOLWqE&lc=UgzffYRGFz8HF7dkJwd4AaABAg,8/4/2022 8:27,0,Lmfao ??? some 3rd degree burns,http://www.youtube.com/@benjaminrussel9668
1279,@TheFurryBus,Thanks for speaking in my language!! It supports me 3,Ugz-3n553-qVnEb5AJV4AaABAg,,1,https://www.youtube.com/watch?v=lT3vGaOLWqE&lc=Ugz-3n553-qVnEb5AJV4AaABAg,8/3/2022 17:18,0,Thanks for speaking in my language!! It supports me 3,http://www.youtube.com/@TheFurryBus
1280,@bhumikaverma5796,O God he hold the electric ladder ????§£????§£?§£,UgxEXWsZ2G5OhWcbf894AaABAg,,0,https://www.youtube.com/watch?v=lT3vGaOLWqE&lc=UgxEXWsZ2G5OhWcbf894AaABAg,8/3/2022 12:16,0,O God he hold the electric ladder ????§£????§£?§£,http://www.youtube.com/@bhumikaverma5796
1281,@syedrayyan737,"Hi iam watching this video after more than 5 years and your subscribers are also more than 5 million, can i still win the giveaway ??????",UgxEJDN8pse215vOEB14AaABAg,,1,https://www.youtube.com/watch?v=lT3vGaOLWqE&lc=UgxEJDN8pse215vOEB14AaABAg,8/3/2022 6:51,0,"Hi iam watching this video after more than 5 years and your subscribers are also more than 5 million, can i still win the giveaway ??????",http://www.youtube.com/@syedrayyan737
1282,@abdullahniz,This Guy should be the eighth wonder of the world.,Ugww5L1aiGK4xNsVZSV4AaABAg,,2,https://www.youtube.com/watch?v=lT3vGaOLWqE&lc=Ugww5L1aiGK4xNsVZSV4AaABAg,8/3/2022 3:28,0,This Guy should be the eighth wonder of the world.,http://www.youtube.com/@abdullahniz
1283,@oktayozbaki6793,"I have an idea to build a Stargate/wormhole/teleporting device that you may be interested in, I will send you my email address when you reply. This is a big project, we will need a whole community to be successful.",UgzoV5ixk-PyQom7IrJ4AaABAg,,0,https://www.youtube.com/watch?v=lT3vGaOLWqE&lc=UgzoV5ixk-PyQom7IrJ4AaABAg,7/31/2022 20:27,0,"I have an idea to build a Stargate/wormhole/teleporting device that you may be interested in, I will send you my email address when you reply. This is a big project, we will need a whole community to be successful.",http://www.youtube.com/@oktayozbaki6793
1284,@Mustafa_abde,8:00 I want to see this again in the future,Ugw4ilXsL0ETJZxFdn14AaABAg,,0,https://www.youtube.com/watch?v=lT3vGaOLWqE&lc=Ugw4ilXsL0ETJZxFdn14AaABAg,7/31/2022 20:10,0,8:00 I want to see this again in the future,http://www.youtube.com/@Mustafa_abde
1285,@sincereflowers3218,Was that green color the copper molecules burning ?•∫ 3:22,Ugzs30Ehk02byJaUJiR4AaABAg,,0,https://www.youtube.com/watch?v=lT3vGaOLWqE&lc=Ugzs30Ehk02byJaUJiR4AaABAg,7/31/2022 10:26,0,Was that green color the copper molecules burning ?•∫ 3:22,http://www.youtube.com/@sincereflowers3218
1286,@zehniyat6261,aali,Ugx7JAt9tK5T8FcFd3Z4AaABAg,,0,https://www.youtube.com/watch?v=lT3vGaOLWqE&lc=Ugx7JAt9tK5T8FcFd3Z4AaABAg,7/30/2022 4:11,0,aali,http://www.youtube.com/@zehniyat6261
1287,@MR.FOXIEEE,You are such an idiot that is a failure,UgxbPeiUh-ZuRHfDxzN4AaABAg,,0,https://www.youtube.com/watch?v=lT3vGaOLWqE&lc=UgxbPeiUh-ZuRHfDxzN4AaABAg,7/29/2022 16:25,0,You are such an idiot that is a failure,http://www.youtube.com/@MR.FOXIEEE
1288,@AUSonic2644,4:55,UgzSmc14tlUwaLz_tf54AaABAg,,0,https://www.youtube.com/watch?v=lT3vGaOLWqE&lc=UgzSmc14tlUwaLz_tf54AaABAg,7/29/2022 12:42,0,4:55,http://www.youtube.com/@AUSonic2644
1289,@magicalstew7998,Mehdi:DONT DO THIS AT HOME ME:do this at school,Ugz1Z8xhwzGvwp-YgsV4AaABAg,,0,https://www.youtube.com/watch?v=lT3vGaOLWqE&lc=Ugz1Z8xhwzGvwp-YgsV4AaABAg,7/29/2022 11:14,0,Mehdi:DONT DO THIS AT HOME ME:do this at school,http://www.youtube.com/@magicalstew7998
1290,@seanmartin8355,Hipo,UgzzG-EE12WOIKNWCF54AaABAg,,0,https://www.youtube.com/watch?v=lT3vGaOLWqE&lc=UgzzG-EE12WOIKNWCF54AaABAg,7/29/2022 9:00,0,Hipo,http://www.youtube.com/@seanmartin8355
1291,@LTTillza,\\ / \\---lulz_ladder---/ \\ / \\ zlulzluz / \\ / \\ lulz / ‚?†‚?†‚?†‚?†‚?†‚?†\\‚?†‚?†/‚?†‚?†‚?†‚?†‚?† ‚?†‚?†‚?†‚?†‚?†‚?†‚?†‚?†‚?†‚?†‚?†‚?†‚?†‚?†‚?†,Ugz1pPYzXb2opLuC1Mx4AaABAg,,0,https://www.youtube.com/watch?v=lT3vGaOLWqE&lc=Ugz1pPYzXb2opLuC1Mx4AaABAg,7/29/2022 6:38,0,\\ / \\---lulz_ladder---/ \\ / \\ zlulzluz / \\ / \\ lulz / ‚?†‚?†‚?†‚?†‚?†‚?†\\‚?†‚?†/‚?†‚?†‚?†‚?†‚?† ‚?†‚?†‚?†‚?†‚?†‚?†‚?†‚?†‚?†‚?†‚?†‚?†‚?†‚?†‚?†,http://www.youtube.com/@LTTillza
1292,@devinogonzalesgonzales2502,How to make a 30v fan with battery,UgzI6UCgy5fRbE6xaAd4AaABAg,,0,https://www.youtube.com/watch?v=lT3vGaOLWqE&lc=UgzI6UCgy5fRbE6xaAd4AaABAg,7/29/2022 2:33,0,How to make a 30v fan with battery,http://www.youtube.com/@devinogonzalesgonzales2502
1293,@keleighmacquaker2441,8:00 had me in stitches,UgxxHt62c0Z-zzD4UlV4AaABAg,,1,https://www.youtube.com/watch?v=lT3vGaOLWqE&lc=UgxxHt62c0Z-zzD4UlV4AaABAg,7/28/2022 15:36,0,8:00 had me in stitches,http://www.youtube.com/@keleighmacquaker2441
1294,@thebevilofbellskitchen,‚??Fuck Wolverine‚?ù because in this one he almost dies too,UgyHMQIERebKgJqVpv54AaABAg,,0,https://www.youtube.com/watch?v=lT3vGaOLWqE&lc=UgyHMQIERebKgJqVpv54AaABAg,7/28/2022 7:33,0,‚??Fuck Wolverine‚?ù because in this one he almost dies too,http://www.youtube.com/@thebevilofbellskitchen
1295,@intrsv,here because of michael,Ugy4-71uKhOgGngteiN4AaABAg,,0,https://www.youtube.com/watch?v=lT3vGaOLWqE&lc=Ugy4-71uKhOgGngteiN4AaABAg,7/27/2022 15:21,0,here because of michael,http://www.youtube.com/@intrsv
1296,@alienspecies6872,I was really concerned about him sitting so close to that dangerous setup without an on off switch in his hand and now look what happened 7:40. I laughed my ass off. really.,Ugz3oTGdz0tuE4xV16F4AaABAg,,2,https://www.youtube.com/watch?v=lT3vGaOLWqE&lc=Ugz3oTGdz0tuE4xV16F4AaABAg,7/26/2022 22:58,0,I was really concerned about him sitting so close to that dangerous setup without an on off switch in his hand and now look what happened 7:40. I laughed my ass off. really.,http://www.youtube.com/@alienspecies6872
1297,@buzi1620,The singing at the end is damn good :),Ugzm7OprEfrd3RJxYER4AaABAg,,0,https://www.youtube.com/watch?v=lT3vGaOLWqE&lc=Ugzm7OprEfrd3RJxYER4AaABAg,7/26/2022 18:50,0,The singing at the end is damn good :),http://www.youtube.com/@buzi1620
1298,@silent5,that really was close jesust,UgyjmH0YRg_aVXKtfGB4AaABAg,,0,https://www.youtube.com/watch?v=lT3vGaOLWqE&lc=UgyjmH0YRg_aVXKtfGB4AaABAg,7/26/2022 14:54,0,that really was close jesust,http://www.youtube.com/@silent5
1299,@playleaf9828,Capacitor legs not touching,UgzYA24SadiN4qBQDch4AaABAg,,0,https://www.youtube.com/watch?v=lT3vGaOLWqE&lc=UgzYA24SadiN4qBQDch4AaABAg,7/26/2022 5:11,0,Capacitor legs not touching,http://www.youtube.com/@playleaf9828
1300,@Calem-ky9hu,"Your doctrine of Christianity at the start of video is horrible ??´. Bro your not saved by good works but by what christ has already done for you on the cross. He bled and died to take away your sins, if you believe you\'ll be saved. Love Ya. Godbless",Ugxl7T6AVDXSgFsGrOF4AaABAg,,0,https://www.youtube.com/watch?v=lT3vGaOLWqE&lc=Ugxl7T6AVDXSgFsGrOF4AaABAg,7/26/2022 2:49,0,"Your doctrine of Christianity at the start of video is horrible ??´. Bro your not saved by good works but by what christ has already done for you on the cross. He bled and died to take away your sins, if you believe you\'ll be saved. Love Ya. Godbless",http://www.youtube.com/@Calem-ky9hu
1301,@Kenzo2160_Official,Yey?,Ugy-s_7mIz1Uk1aJ3EN4AaABAg,,0,https://www.youtube.com/watch?v=lT3vGaOLWqE&lc=Ugy-s_7mIz1Uk1aJ3EN4AaABAg,7/25/2022 23:41,0,Yey?,http://www.youtube.com/@Kenzo2160_Official
1302,@JacobTFuller,"Thankyou, now send me my ladder",UgzTisWyLvHEGDUM8pF4AaABAg,,0,https://www.youtube.com/watch?v=lT3vGaOLWqE&lc=UgzTisWyLvHEGDUM8pF4AaABAg,7/25/2022 14:47,0,"Thankyou, now send me my ladder",http://www.youtube.com/@JacobTFuller
1303,@tofuboi1965,Came here from Trash Taste Episode # 109 Michael Reeves episode,Ugzfs2OypcflSgH63sN4AaABAg,,1,https://www.youtube.com/watch?v=lT3vGaOLWqE&lc=Ugzfs2OypcflSgH63sN4AaABAg,7/25/2022 11:57,0,Came here from Trash Taste Episode # 109 Michael Reeves episode,http://www.youtube.com/@tofuboi1965
1304,@ellencaroline2065,Bill of rights,UgxK91Nxf0nF9hue87J4AaABAg,,0,https://www.youtube.com/watch?v=lT3vGaOLWqE&lc=UgxK91Nxf0nF9hue87J4AaABAg,7/25/2022 8:01,0,Bill of rights,http://www.youtube.com/@ellencaroline2065
1305,@John-ir2zf,"Love the videos ! And since this one is 5 years old and I\'ve watched your most recent video already, I know you\'ve survived this long and I\'m glad for that. As a licensed electrician with a intimate understanding of electrical theory and practice, you and I both know you were extraordinarily lucky to survive grabbing that tower when it fell !!! I saw you start towards it with both hands open but you instinctively closed your left hand and tried to use your right hand to get it away from yourself to prevent that voltage from crawling across your chest.... Smart man and I\'m glad to see you still here making great content for everyone.",UgwI5E6yoavluwOYjPZ4AaABAg,,3,https://www.youtube.com/watch?v=lT3vGaOLWqE&lc=UgwI5E6yoavluwOYjPZ4AaABAg,7/24/2022 20:56,0,"Love the videos ! And since this one is 5 years old and I\'ve watched your most recent video already, I know you\'ve survived this long and I\'m glad for that. As a licensed electrician with a intimate understanding of electrical theory and practice, you and I both know you were extraordinarily lucky to survive grabbing that tower when it fell !!! I saw you start towards it with both hands open but you instinctively closed your left hand and tried to use your right hand to get it away from yourself to prevent that voltage from crawling across your chest.... Smart man and I\'m glad to see you still here making great content for everyone.",http://www.youtube.com/@John-ir2zf
1306,@Nero_002,Trash test :),Ugz0agPkYyp9Yw-DQEp4AaABAg,,0,https://www.youtube.com/watch?v=lT3vGaOLWqE&lc=Ugz0agPkYyp9Yw-DQEp4AaABAg,7/24/2022 19:32,0,Trash test :),http://www.youtube.com/@Nero_002
1307,@senzmaki4890,trash taste,UgyKSRuwbBOQ-XVslrd4AaABAg,,6,https://www.youtube.com/watch?v=lT3vGaOLWqE&lc=UgyKSRuwbBOQ-XVslrd4AaABAg,7/23/2022 3:31,0,trash taste,http://www.youtube.com/@senzmaki4890
1308,@GMotarfish,"came from trash taste , the podcast with electroboom would be electrifying ..",UgwXJhiKyTPtKrivs794AaABAg,,5,https://www.youtube.com/watch?v=lT3vGaOLWqE&lc=UgwXJhiKyTPtKrivs794AaABAg,7/23/2022 1:36,0,"came from trash taste , the podcast with electroboom would be electrifying ..",http://www.youtube.com/@GMotarfish
1309,@teiko_gaming,holy shit 7:58 he lived,Ugysz0UN-e6cgylHcnt4AaABAg,,0,https://www.youtube.com/watch?v=lT3vGaOLWqE&lc=Ugysz0UN-e6cgylHcnt4AaABAg,7/22/2022 18:14,0,holy shit 7:58 he lived,http://www.youtube.com/@teiko_gaming
1310,@vladimirgrozdov647,I\'m here from trash taste and I have to say... that looked even more terrifying than what Michael described,Ugxszon4PTwUhzgbD1x4AaABAg,,368,https://www.youtube.com/watch?v=lT3vGaOLWqE&lc=Ugxszon4PTwUhzgbD1x4AaABAg,7/22/2022 17:11,4,I\'m here from trash taste and I have to say... that looked even more terrifying than what Michael described,http://www.youtube.com/@vladimirgrozdov647
1311,@lilducko,Same OMG,Ugxszon4PTwUhzgbD1x4AaABAg.9dn_9lJtf0l9do9zssID2_,@vladimirgrozdov647,7,https://www.youtube.com/watch?v=lT3vGaOLWqE&lc=Ugxszon4PTwUhzgbD1x4AaABAg.9dn_9lJtf0l9do9zssID2_,7/22/2022 22:42,0,Same OMG,http://www.youtube.com/@lilducko
1312,@extraslayar4585,Same I thought he didnt touch it at all.,Ugxszon4PTwUhzgbD1x4AaABAg.9dn_9lJtf0l9ePIAIiDYKh,@vladimirgrozdov647,8,https://www.youtube.com/watch?v=lT3vGaOLWqE&lc=Ugxszon4PTwUhzgbD1x4AaABAg.9dn_9lJtf0l9ePIAIiDYKh,8/6/2022 18:04,0,Same I thought he didnt touch it at all.,http://www.youtube.com/@extraslayar4585
1313,@jax1670,around where does he mention it,Ugxszon4PTwUhzgbD1x4AaABAg.9dn_9lJtf0l9eZUbe3xset,@vladimirgrozdov647,4,https://www.youtube.com/watch?v=lT3vGaOLWqE&lc=Ugxszon4PTwUhzgbD1x4AaABAg.9dn_9lJtf0l9eZUbe3xset,8/10/2022 17:05,0,around where does he mention it,http://www.youtube.com/@jax1670
1314,@MultiFun008,@@jax1670 Trash taste #109 19:17,Ugxszon4PTwUhzgbD1x4AaABAg.9dn_9lJtf0l9ebNnrhW435,@vladimirgrozdov647,13,https://www.youtube.com/watch?v=lT3vGaOLWqE&lc=Ugxszon4PTwUhzgbD1x4AaABAg.9dn_9lJtf0l9ebNnrhW435,8/11/2022 20:04,0,@@jax1670 Trash taste #109 19:17,http://www.youtube.com/@MultiFun008
1315,@davidgreen5726,As an electrical that enjoy creating projects i absolutely love this guy teaching me things about electricity colleges dare not mention... i need a 3d printer too i might be years late though only recently subscribed,Ugw6nBLBJ_7O0eYvSbp4AaABAg,,1,https://www.youtube.com/watch?v=lT3vGaOLWqE&lc=Ugw6nBLBJ_7O0eYvSbp4AaABAg,7/21/2022 4:49,0,As an electrical that enjoy creating projects i absolutely love this guy teaching me things about electricity colleges dare not mention... i need a 3d printer too i might be years late though only recently subscribed,http://www.youtube.com/@davidgreen5726
1316,@notbuffy,From those expiramatce how are still alive,Ugy1WcZLk_3AmXHDgKt4AaABAg,,0,https://www.youtube.com/watch?v=lT3vGaOLWqE&lc=Ugy1WcZLk_3AmXHDgKt4AaABAg,7/20/2022 19:29,0,From those expiramatce how are still alive,http://www.youtube.com/@notbuffy
1317,@Borussiadortmund099,6:04,Ugxx4_eyE_63bUBI-l94AaABAg,,0,https://www.youtube.com/watch?v=lT3vGaOLWqE&lc=Ugxx4_eyE_63bUBI-l94AaABAg,7/19/2022 3:39,0,6:04,http://www.youtube.com/@Borussiadortmund099
1318,@atharvtiwari1638,8:00 LMAO I LAUGHED TOO HARD WHEN I SAW UR FACE XDD,UgxwZr4GefMtl0gizVx4AaABAg,,1,https://www.youtube.com/watch?v=lT3vGaOLWqE&lc=UgxwZr4GefMtl0gizVx4AaABAg,7/18/2022 10:02,0,8:00 LMAO I LAUGHED TOO HARD WHEN I SAW UR FACE XDD,http://www.youtube.com/@atharvtiwari1638
1319,@user-if7sd6nd7s,–?–æ —?–∂–∞–ª –æ—? –¥—?—?–∏ –æ–Ω –∂–∏–≤–æ–π –µ—?—??,UgyvtDv2YLmjG6hQzlt4AaABAg,,0,https://www.youtube.com/watch?v=lT3vGaOLWqE&lc=UgyvtDv2YLmjG6hQzlt4AaABAg,7/18/2022 4:47,0,–?–æ —?–∂–∞–ª –æ—? –¥—?—?–∏ –æ–Ω –∂–∏–≤–æ–π –µ—?—??,http://www.youtube.com/@user-if7sd6nd7s
1320,@rainbowrandy478,hahahahaha,Ugx1E2r4HgocPANoD7R4AaABAg,,0,https://www.youtube.com/watch?v=lT3vGaOLWqE&lc=Ugx1E2r4HgocPANoD7R4AaABAg,7/18/2022 0:51,0,hahahahaha,http://www.youtube.com/@rainbowrandy478
1321,@xzx4696,Damn it I\'m 5 year late on this one oh well next time,Ugxp7BvGvJFWE0I_sV14AaABAg,,1,https://www.youtube.com/watch?v=lT3vGaOLWqE&lc=Ugxp7BvGvJFWE0I_sV14AaABAg,7/16/2022 22:44,0,Damn it I\'m 5 year late on this one oh well next time,http://www.youtube.com/@xzx4696
1322,@exoteno2051,I am curious how much he must pay for his electricity bill,Ugy9Knz03WpZdCQKLQd4AaABAg,,0,https://www.youtube.com/watch?v=lT3vGaOLWqE&lc=Ugy9Knz03WpZdCQKLQd4AaABAg,7/16/2022 19:12,0,I am curious how much he must pay for his electricity bill,http://www.youtube.com/@exoteno2051
1323,@bokexd3173,more views than subs bruh,UgyFzxvd9EAiQgWBJxB4AaABAg,,0,https://www.youtube.com/watch?v=lT3vGaOLWqE&lc=UgyFzxvd9EAiQgWBJxB4AaABAg,7/16/2022 3:02,0,more views than subs bruh,http://www.youtube.com/@bokexd3173
1324,@MsCrazyscientist,Greetings .. Amazing as usual . But please be carfull we still whant to follow you in upcoming vedioes. With love .. Stay Safe,UgyOgoi3mc0ckgQbZhV4AaABAg,,0,https://www.youtube.com/watch?v=lT3vGaOLWqE&lc=UgyOgoi3mc0ckgQbZhV4AaABAg,7/15/2022 9:16,0,Greetings .. Amazing as usual . But please be carfull we still whant to follow you in upcoming vedioes. With love .. Stay Safe,http://www.youtube.com/@MsCrazyscientist
1325,@sologmr9007,After all these shocking videos??? this guy must be holding some kilo farad of charges???,Ugzch4k2R0sSpKyjzSZ4AaABAg,,0,https://www.youtube.com/watch?v=lT3vGaOLWqE&lc=Ugzch4k2R0sSpKyjzSZ4AaABAg,7/14/2022 22:55,0,After all these shocking videos??? this guy must be holding some kilo farad of charges???,http://www.youtube.com/@sologmr9007
1326,@jspigeon2270,?????????,Ugytb2nt59t8-TGNDnt4AaABAg,,1,https://www.youtube.com/watch?v=lT3vGaOLWqE&lc=Ugytb2nt59t8-TGNDnt4AaABAg,7/14/2022 2:55,0,?????????,http://www.youtube.com/@jspigeon2270
1327,@bobjunior3367,Are those 3d printer still able to giveaway?,UgybozRIV09FuPbqOcl4AaABAg,,0,https://www.youtube.com/watch?v=lT3vGaOLWqE&lc=UgybozRIV09FuPbqOcl4AaABAg,7/14/2022 1:04,0,Are those 3d printer still able to giveaway?,http://www.youtube.com/@bobjunior3367
1328,@Roastatrice,8:00 You can see the exact moment when he loses his life out of 999 of them. Actually he had A lot more than what he has now‚?¶,UgyS-K0jat3eZ1k02pB4AaABAg,,0,https://www.youtube.com/watch?v=lT3vGaOLWqE&lc=UgyS-K0jat3eZ1k02pB4AaABAg,7/13/2022 17:45,0,8:00 You can see the exact moment when he loses his life out of 999 of them. Actually he had A lot more than what he has now‚?¶,http://www.youtube.com/@Roastatrice
1329,@facundoabbate7007,Evidentemente no le importa que un dia su esposa lo encuentre muerto . No veo seriedad en absoluto estos videos,UgzhGF0k8qJHwd6ebF94AaABAg,,0,https://www.youtube.com/watch?v=lT3vGaOLWqE&lc=UgzhGF0k8qJHwd6ebF94AaABAg,7/13/2022 12:28,0,Evidentemente no le importa que un dia su esposa lo encuentre muerto . No veo seriedad en absoluto estos videos,http://www.youtube.com/@facundoabbate7007
1330,@pipecleanermaster,Now you have 5 mil,Ugw4_1UDyPjnmi5mC4F4AaABAg,,0,https://www.youtube.com/watch?v=lT3vGaOLWqE&lc=Ugw4_1UDyPjnmi5mC4F4AaABAg,7/12/2022 18:33,0,Now you have 5 mil,http://www.youtube.com/@pipecleanermaster
1331,@meaganmoney5990,I\'m scared for u sir,Ugw4I0kx5-BzG_ktYhN4AaABAg,,0,https://www.youtube.com/watch?v=lT3vGaOLWqE&lc=Ugw4I0kx5-BzG_ktYhN4AaABAg,7/12/2022 17:33,0,I\'m scared for u sir,http://www.youtube.com/@meaganmoney5990
1332,@Gaming-ScarFall-2.0,Please make videos in hindi,Ugy2Ew9GpPeSQLINZZR4AaABAg,,1,https://www.youtube.com/watch?v=lT3vGaOLWqE&lc=Ugy2Ew9GpPeSQLINZZR4AaABAg,7/12/2022 9:18,0,Please make videos in hindi,http://www.youtube.com/@Gaming-ScarFall-2.0
1333,@capjestem6435,Gniastko,Ugw8AXhXPPWIbAyovoh4AaABAg,,0,https://www.youtube.com/watch?v=lT3vGaOLWqE&lc=Ugw8AXhXPPWIbAyovoh4AaABAg,7/12/2022 1:43,0,Gniastko,http://www.youtube.com/@capjestem6435
1334,@scottm5425,Omg I was still laughing half an hour after watching him grab that and get a shock!,UgzDMGdmykHw5gU6TyN4AaABAg,,0,https://www.youtube.com/watch?v=lT3vGaOLWqE&lc=UgzDMGdmykHw5gU6TyN4AaABAg,7/10/2022 18:07,0,Omg I was still laughing half an hour after watching him grab that and get a shock!,http://www.youtube.com/@scottm5425
1335,@Free_palestine_1244,sub 100.000 she,Ugypi7T0LrvpiUeeIT54AaABAg,,0,https://www.youtube.com/watch?v=lT3vGaOLWqE&lc=Ugypi7T0LrvpiUeeIT54AaABAg,7/10/2022 12:31,0,sub 100.000 she,http://www.youtube.com/@Free_palestine_1244
1336,@iabdullahsadiq,The knowledge he give ??è,Ugzflh8D8ukJw13Pskh4AaABAg,,0,https://www.youtube.com/watch?v=lT3vGaOLWqE&lc=Ugzflh8D8ukJw13Pskh4AaABAg,7/10/2022 11:04,0,The knowledge he give ??è,http://www.youtube.com/@iabdullahsadiq
1337,@yf6682,"In emergency room...... Attending doctor, looks like covid!",UgzoGeFGZaSFwnQP_3F4AaABAg,,1,https://www.youtube.com/watch?v=lT3vGaOLWqE&lc=UgzoGeFGZaSFwnQP_3F4AaABAg,7/10/2022 0:22,0,"In emergency room...... Attending doctor, looks like covid!",http://www.youtube.com/@yf6682
1338,@zaynmasalkhi2303,Even in Jacob\'s ladder.,UgyvAX_HFZPYmT-QYfF4AaABAg,,0,https://www.youtube.com/watch?v=lT3vGaOLWqE&lc=UgyvAX_HFZPYmT-QYfF4AaABAg,7/9/2022 14:26,0,Even in Jacob\'s ladder.,http://www.youtube.com/@zaynmasalkhi2303
1339,@zaynmasalkhi2303,"I mean literally, Mehdi. Your plans are failing because you tried to be a good electrican by videos of a guy watching how good of electrics he is. But for you, you\'ve actually gotten too many voltages and always shock yourself. ‚?°‚?°‚?°",Ugws3Y5Z8GQvpiRkOZ54AaABAg,,0,https://www.youtube.com/watch?v=lT3vGaOLWqE&lc=Ugws3Y5Z8GQvpiRkOZ54AaABAg,7/9/2022 14:25,0,"I mean literally, Mehdi. Your plans are failing because you tried to be a good electrican by videos of a guy watching how good of electrics he is. But for you, you\'ve actually gotten too many voltages and always shock yourself. ‚?°‚?°‚?°",http://www.youtube.com/@zaynmasalkhi2303
1340,@aliplaysminecraft4977,please be more safe around electricity !!!!!!!!!!!,Ugxu4p-ifJ-GD5ipImt4AaABAg,,0,https://www.youtube.com/watch?v=lT3vGaOLWqE&lc=Ugxu4p-ifJ-GD5ipImt4AaABAg,7/9/2022 11:55,0,please be more safe around electricity !!!!!!!!!!!,http://www.youtube.com/@aliplaysminecraft4977
1341,@Istepqqqpqpqpqpq,?????????????????????????????????,UgwuObEm8nG1EeasQIh4AaABAg,,0,https://www.youtube.com/watch?v=lT3vGaOLWqE&lc=UgwuObEm8nG1EeasQIh4AaABAg,7/8/2022 3:39,0,?????????????????????????????????,http://www.youtube.com/@Istepqqqpqpqpqpq
1342,@topgtopghost4042,6:30 i think speed copied off of this mf,UgwRNGDNWrAQa5KzbW94AaABAg,,0,https://www.youtube.com/watch?v=lT3vGaOLWqE&lc=UgwRNGDNWrAQa5KzbW94AaABAg,7/8/2022 2:57,0,6:30 i think speed copied off of this mf,http://www.youtube.com/@topgtopghost4042
1343,@rollmeister,How is this man not dead?,Ugzlk2LB8gHGtiTEoHh4AaABAg,,0,https://www.youtube.com/watch?v=lT3vGaOLWqE&lc=Ugzlk2LB8gHGtiTEoHh4AaABAg,7/8/2022 1:05,0,How is this man not dead?,http://www.youtube.com/@rollmeister
1344,@o_real_couto,"Esse cara √© doido, kkkkkk, agonia de ver o v√≠deo",UgysOHSVPaV03vxXEw54AaABAg,,2,https://www.youtube.com/watch?v=lT3vGaOLWqE&lc=UgysOHSVPaV03vxXEw54AaABAg,7/5/2022 21:11,0,"Esse cara √© doido, kkkkkk, agonia de ver o v√≠deo",http://www.youtube.com/@o_real_couto
1345,@user-sl4kd6fg2i,„Å?„ÅÆ‰∫∫„ÅØ‰∏çÊ≠ªË∫´„Å™„ÅÆ„Å?,UgzIz5Uqmneyt6IzKF94AaABAg,,0,https://www.youtube.com/watch?v=lT3vGaOLWqE&lc=UgzIz5Uqmneyt6IzKF94AaABAg,7/5/2022 0:52,0,„Å?„ÅÆ‰∫∫„ÅØ‰∏çÊ≠ªË∫´„Å™„ÅÆ„Å?,http://www.youtube.com/@user-sl4kd6fg2i
1346,@engineeringhacks7978,Another one ‚?®Ô∏è‚?®Ô∏è‚?®Ô∏èhttps://youtu.be/RNJ_heenxpA,UgxVlREt7Q_oEYWcG5h4AaABAg,,1,https://www.youtube.com/watch?v=lT3vGaOLWqE&lc=UgxVlREt7Q_oEYWcG5h4AaABAg,7/4/2022 14:11,0,Another one ‚?®Ô∏è‚?®Ô∏è‚?®Ô∏èhttps://youtu.be/RNJ_heenxpA,http://www.youtube.com/@engineeringhacks7978
1347,@offbrandchips1833,"God bless everyone. Jesus love ya\'ll, not trying to hate, just in case anyone needed to hear it :)",UgzGO4n0Lp6F1Oz_Fxh4AaABAg,,0,https://www.youtube.com/watch?v=lT3vGaOLWqE&lc=UgzGO4n0Lp6F1Oz_Fxh4AaABAg,7/4/2022 0:35,0,"God bless everyone. Jesus love ya\'ll, not trying to hate, just in case anyone needed to hear it :)",http://www.youtube.com/@offbrandchips1833
1348,@jpcates6681,That f****** breaker!!! ?§£,Ugyt65Umoh67CPrIj9F4AaABAg,,0,https://www.youtube.com/watch?v=lT3vGaOLWqE&lc=Ugyt65Umoh67CPrIj9F4AaABAg,7/4/2022 0:23,0,That f****** breaker!!! ?§£,http://www.youtube.com/@jpcates6681
1349,@donaldlawson2175,That caterpillar living on your forehead brings laughter to my life every day my friend...keep up the good work you do.,Ugy95Ikyf-B5TaKroAR4AaABAg,,0,https://www.youtube.com/watch?v=lT3vGaOLWqE&lc=Ugy95Ikyf-B5TaKroAR4AaABAg,7/3/2022 22:09,0,That caterpillar living on your forehead brings laughter to my life every day my friend...keep up the good work you do.,http://www.youtube.com/@donaldlawson2175
1350,@antik8867,8:49,Ugxekh_Xu2wH6a3xrsp4AaABAg,,0,https://www.youtube.com/watch?v=lT3vGaOLWqE&lc=Ugxekh_Xu2wH6a3xrsp4AaABAg,7/3/2022 14:17,0,8:49,http://www.youtube.com/@antik8867
1351,@arbor_pure,Nice,UgxpnUz_IpStIDB-MHV4AaABAg,,0,https://www.youtube.com/watch?v=lT3vGaOLWqE&lc=UgxpnUz_IpStIDB-MHV4AaABAg,7/3/2022 12:10,0,Nice,http://www.youtube.com/@arbor_pure
1352,@5starrJada0,I swear this guy is so funny always makes my day,UgzYwygqGdspOJECva94AaABAg,,5,https://www.youtube.com/watch?v=lT3vGaOLWqE&lc=UgzYwygqGdspOJECva94AaABAg,7/2/2022 15:02,0,I swear this guy is so funny always makes my day,http://www.youtube.com/@5starrJada0
1353,@qwertzxcv2610,Ilike you bro,Ugw_YWWsRhZsRvL6AZp4AaABAg,,0,https://www.youtube.com/watch?v=lT3vGaOLWqE&lc=Ugw_YWWsRhZsRvL6AZp4AaABAg,7/2/2022 11:31,0,Ilike you bro,http://www.youtube.com/@qwertzxcv2610
1354,@qwertzxcv2610,Please care him,Ugxe1JSdF4E_P4uIH-J4AaABAg,,0,https://www.youtube.com/watch?v=lT3vGaOLWqE&lc=Ugxe1JSdF4E_P4uIH-J4AaABAg,7/2/2022 11:31,0,Please care him,http://www.youtube.com/@qwertzxcv2610
1355,@TheSauceFinder747,This dude looks like Garry Kasparov,Ugw7LAX-cqpp74F0Cn94AaABAg,,0,https://www.youtube.com/watch?v=lT3vGaOLWqE&lc=Ugw7LAX-cqpp74F0Cn94AaABAg,7/1/2022 18:21,0,This dude looks like Garry Kasparov,http://www.youtube.com/@TheSauceFinder747
1356,@veriVFX,me watching this: hmm intresting,Ugz9yhMlx4jkm4a3pkB4AaABAg,,0,https://www.youtube.com/watch?v=lT3vGaOLWqE&lc=Ugz9yhMlx4jkm4a3pkB4AaABAg,6/30/2022 14:48,0,me watching this: hmm intresting,http://www.youtube.com/@veriVFX
1357,@mehrsamparsaniya6154,I\'m all the way around but I needed for,UgyqA4QRFh6H2u_VZv14AaABAg,,0,https://www.youtube.com/watch?v=lT3vGaOLWqE&lc=UgyqA4QRFh6H2u_VZv14AaABAg,6/29/2022 19:14,0,I\'m all the way around but I needed for,http://www.youtube.com/@mehrsamparsaniya6154
1358,@EncoreBetch,I couldn‚??t help but die when the tower fell on him ???,UgxFU9lcwwqEoQOuEJF4AaABAg,,1,https://www.youtube.com/watch?v=lT3vGaOLWqE&lc=UgxFU9lcwwqEoQOuEJF4AaABAg,6/29/2022 8:57,1,I couldn‚??t help but die when the tower fell on him ???,http://www.youtube.com/@EncoreBetch
1359,@gamechannel1271,He couldn\'t help but die either,UgxFU9lcwwqEoQOuEJF4AaABAg.9crTNpWCJtr9dn_Zn4KmX0,@EncoreBetch,0,https://www.youtube.com/watch?v=lT3vGaOLWqE&lc=UgxFU9lcwwqEoQOuEJF4AaABAg.9crTNpWCJtr9dn_Zn4KmX0,7/22/2022 17:15,0,He couldn\'t help but die either,http://www.youtube.com/@gamechannel1271
1360,@EncoreBetch,3:17 I love how Mehdi is more confused with the melting than the fact that a vivid green fire is starting right in front of him.,UgxZkZOArmhJlB4E2eF4AaABAg,,552,https://www.youtube.com/watch?v=lT3vGaOLWqE&lc=UgxZkZOArmhJlB4E2eF4AaABAg,6/29/2022 8:52,3,3:17 I love how Mehdi is more confused with the melting than the fact that a vivid green fire is starting right in front of him.,http://www.youtube.com/@EncoreBetch
1361,@dylan10182000,"Fyi a fire can turn green when copper sulfate is added to it. Next time you\'re at a bonfire, try adding a piece of copper to it and watch as it turns into a pretty shade of green :)",UgxZkZOArmhJlB4E2eF4AaABAg.9crShgcw-BN9diOepjOknk,@EncoreBetch,55,https://www.youtube.com/watch?v=lT3vGaOLWqE&lc=UgxZkZOArmhJlB4E2eF4AaABAg.9crShgcw-BN9diOepjOknk,7/20/2022 16:54,0,"Fyi a fire can turn green when copper sulfate is added to it. Next time you\'re at a bonfire, try adding a piece of copper to it and watch as it turns into a pretty shade of green :)",http://www.youtube.com/@dylan10182000
1362,@EncoreBetch,@@dylan10182000 Yup! I actually tested my own fire tint experiment not that long ago. Went pretty well,UgxZkZOArmhJlB4E2eF4AaABAg.9crShgcw-BN9dk9UYnFycO,@EncoreBetch,20,https://www.youtube.com/watch?v=lT3vGaOLWqE&lc=UgxZkZOArmhJlB4E2eF4AaABAg.9crShgcw-BN9dk9UYnFycO,7/21/2022 9:20,0,@@dylan10182000 Yup! I actually tested my own fire tint experiment not that long ago. Went pretty well,http://www.youtube.com/@EncoreBetch
1363,@morganrussman,I think I enjoyed that a little too much in the fact that it shorted and melted like that.???,UgxZkZOArmhJlB4E2eF4AaABAg.9crShgcw-BN9iLM59tnDaH,@EncoreBetch,3,https://www.youtube.com/watch?v=lT3vGaOLWqE&lc=UgxZkZOArmhJlB4E2eF4AaABAg.9crShgcw-BN9iLM59tnDaH,11/12/2022 14:27,0,I think I enjoyed that a little too much in the fact that it shorted and melted like that.???,http://www.youtube.com/@morganrussman
1364,@moazalomary8123,and every video he still fuckinn sayinn "DON\'T DO THIS SHIT AT FUCKINNN HOOOOMME" ???????????? man ur management for the content are really really really amazing and very funnyyyyy THANKS ALOT ‚ù§‚ù§‚ù§‚ù§,UgzoHE_IwgVQKTA-7VR4AaABAg,,0,https://www.youtube.com/watch?v=lT3vGaOLWqE&lc=UgzoHE_IwgVQKTA-7VR4AaABAg,6/28/2022 17:44,0,and every video he still fuckinn sayinn "DON\'T DO THIS SHIT AT FUCKINNN HOOOOMME" ???????????? man ur management for the content are really really really amazing and very funnyyyyy THANKS ALOT ‚ù§‚ù§‚ù§‚ù§,http://www.youtube.com/@moazalomary8123
1365,@xykhailscott4529,?§£?§£?§£?§£ every video you make you almost died rest in peace,UgxipWix8h9px_xqOEB4AaABAg,,0,https://www.youtube.com/watch?v=lT3vGaOLWqE&lc=UgxipWix8h9px_xqOEB4AaABAg,6/27/2022 10:29,0,?§£?§£?§£?§£ every video you make you almost died rest in peace,http://www.youtube.com/@xykhailscott4529
1366,@Loquendero2001,Me ayudas a construir un robot,Ugx0GMbXIUSC_Y0Hj9R4AaABAg,,0,https://www.youtube.com/watch?v=lT3vGaOLWqE&lc=Ugx0GMbXIUSC_Y0Hj9R4AaABAg,6/27/2022 8:46,0,Me ayudas a construir un robot,http://www.youtube.com/@Loquendero2001
1367,@shashankpandey8346,8:00 Thank me later.,UgzsRuSIk4wwhtPxyid4AaABAg,,0,https://www.youtube.com/watch?v=lT3vGaOLWqE&lc=UgzsRuSIk4wwhtPxyid4AaABAg,6/27/2022 1:06,0,8:00 Thank me later.,http://www.youtube.com/@shashankpandey8346
1368,@mkhenning,Bwahahahaha,Ugxb8p6pgokktp8U9t54AaABAg,,0,https://www.youtube.com/watch?v=lT3vGaOLWqE&lc=Ugxb8p6pgokktp8U9t54AaABAg,6/26/2022 14:18,0,Bwahahahaha,http://www.youtube.com/@mkhenning
1369,@ashleylebleu4864,F**K! The breaker popped. DAMNIT I JUST WANT TO CELEBRATE!,UgyVP9VXJKynkEA1Xm94AaABAg,,0,https://www.youtube.com/watch?v=lT3vGaOLWqE&lc=UgyVP9VXJKynkEA1Xm94AaABAg,6/25/2022 17:49,0,F**K! The breaker popped. DAMNIT I JUST WANT TO CELEBRATE!,http://www.youtube.com/@ashleylebleu4864
1370,@rainbowragaming3602,This sounded like someone who had to many taco bell 7:48,UgwP_RxfNsGi0LUa5ll4AaABAg,,0,https://www.youtube.com/watch?v=lT3vGaOLWqE&lc=UgwP_RxfNsGi0LUa5ll4AaABAg,6/25/2022 10:01,0,This sounded like someone who had to many taco bell 7:48,http://www.youtube.com/@rainbowragaming3602
1371,@KittyCatClaire,i like the montage at 8:30,UgxUvi6A4jWGUTkvizl4AaABAg,,0,https://www.youtube.com/watch?v=lT3vGaOLWqE&lc=UgxUvi6A4jWGUTkvizl4AaABAg,6/23/2022 6:05,0,i like the montage at 8:30,http://www.youtube.com/@KittyCatClaire
1372,@Hmmmm2314,8:00,UgxuQkf1ZVbsWMJ0kqx4AaABAg,,0,https://www.youtube.com/watch?v=lT3vGaOLWqE&lc=UgxuQkf1ZVbsWMJ0kqx4AaABAg,6/22/2022 7:55,0,8:00,http://www.youtube.com/@Hmmmm2314
1373,@danielene7904,How is he not dead yet?!,UgwsWtzyYXP_j_WSiIJ4AaABAg,,0,https://www.youtube.com/watch?v=lT3vGaOLWqE&lc=UgwsWtzyYXP_j_WSiIJ4AaABAg,6/22/2022 3:45,0,How is he not dead yet?!,http://www.youtube.com/@danielene7904
1374,@MauricinQuattro,It definitely needs more pzaaz,UgyfRguUtz3lYgLqEvZ4AaABAg,,0,https://www.youtube.com/watch?v=lT3vGaOLWqE&lc=UgyfRguUtz3lYgLqEvZ4AaABAg,6/21/2022 23:44,0,It definitely needs more pzaaz,http://www.youtube.com/@MauricinQuattro
1375,@dahlia2418,This mans heart has got to be .5 electricity,UgwKaWKkh-MzGUAaD8l4AaABAg,,0,https://www.youtube.com/watch?v=lT3vGaOLWqE&lc=UgwKaWKkh-MzGUAaD8l4AaABAg,6/20/2022 23:06,0,This mans heart has got to be .5 electricity,http://www.youtube.com/@dahlia2418
1376,@hruiz93,8:00 ?§£?§£,UgwAJecL6nAlCFDmdzp4AaABAg,,2,https://www.youtube.com/watch?v=lT3vGaOLWqE&lc=UgwAJecL6nAlCFDmdzp4AaABAg,6/20/2022 16:50,0,8:00 ?§£?§£,http://www.youtube.com/@hruiz93
1377,@annasedaghat3038,I enjoy your informative attractive videos. good luck boy!,UgyGzVqPMWg-h3qbMIx4AaABAg,,1,https://www.youtube.com/watch?v=lT3vGaOLWqE&lc=UgyGzVqPMWg-h3qbMIx4AaABAg,6/20/2022 3:58,0,I enjoy your informative attractive videos. good luck boy!,http://www.youtube.com/@annasedaghat3038
1378,@jacobgamevideos3881,Hey sir you are the best,UgznbyYVfZTBnpTbfu54AaABAg,,0,https://www.youtube.com/watch?v=lT3vGaOLWqE&lc=UgznbyYVfZTBnpTbfu54AaABAg,6/19/2022 16:57,0,Hey sir you are the best,http://www.youtube.com/@jacobgamevideos3881
1379,@mackie-themadscientist6057,"When you watch his hands and fingers justiculate, it does seem as though he wants to get a shock in every video? He could have moved out of the way of the falling 2kv, 10A (2kW) falling electric fence...",UgxnqZCGxJkJdY0Hw8F4AaABAg,,0,https://www.youtube.com/watch?v=lT3vGaOLWqE&lc=UgxnqZCGxJkJdY0Hw8F4AaABAg,6/18/2022 9:32,0,"When you watch his hands and fingers justiculate, it does seem as though he wants to get a shock in every video? He could have moved out of the way of the falling 2kv, 10A (2kW) falling electric fence...",http://www.youtube.com/@mackie-themadscientist6057
1380,@chemicalvamp,"If your not careful, Not even a Mehdi pack will save you!",UgzRIOQR28t4pVBG8qd4AaABAg,,0,https://www.youtube.com/watch?v=lT3vGaOLWqE&lc=UgzRIOQR28t4pVBG8qd4AaABAg,6/18/2022 9:15,0,"If your not careful, Not even a Mehdi pack will save you!",http://www.youtube.com/@chemicalvamp
1381,@dabanqadir513,7:17,Ugy9CmRRRNTZ165s6Ip4AaABAg,,0,https://www.youtube.com/watch?v=lT3vGaOLWqE&lc=Ugy9CmRRRNTZ165s6Ip4AaABAg,6/17/2022 11:29,0,7:17,http://www.youtube.com/@dabanqadir513
1382,@openchannel8871,"Usually when people see other people being electrocuted, we feel sorry and afraid. I don\'t know why when I saw this video, I laughed out loud and subscribed!",UgyTP8Y8C0FqXFXhFWt4AaABAg,,0,https://www.youtube.com/watch?v=lT3vGaOLWqE&lc=UgyTP8Y8C0FqXFXhFWt4AaABAg,6/16/2022 12:54,0,"Usually when people see other people being electrocuted, we feel sorry and afraid. I don\'t know why when I saw this video, I laughed out loud and subscribed!",http://www.youtube.com/@openchannel8871
1383,@JonathanSteadman2003,Awesome video. :),UgzqFSwJXszg4vbTO_t4AaABAg,,1,https://www.youtube.com/watch?v=lT3vGaOLWqE&lc=UgzqFSwJXszg4vbTO_t4AaABAg,6/16/2022 4:33,0,Awesome video. :),http://www.youtube.com/@JonathanSteadman2003
1384,@arjenvankeimpema7718,https://www.youtube.com/watch?v=4gMqfwmk1H4 i\'m not gonne leave a link just here. who do you think i am? zelda?,UgxPX2lswfNFYxyLGBp4AaABAg,,0,https://www.youtube.com/watch?v=lT3vGaOLWqE&lc=UgxPX2lswfNFYxyLGBp4AaABAg,6/14/2022 21:25,0,https://www.youtube.com/watch?v=4gMqfwmk1H4 i\'m not gonne leave a link just here. who do you think i am? zelda?,http://www.youtube.com/@arjenvankeimpema7718
1385,@TheFurryBus,PLEASE MAKE AN EXPLODING CAPACITOR ALARM CLOCK I\'M BEGGING YOU,UgzmIYmKOqL-hWmYBqt4AaABAg,,1,https://www.youtube.com/watch?v=lT3vGaOLWqE&lc=UgzmIYmKOqL-hWmYBqt4AaABAg,6/13/2022 19:31,0,PLEASE MAKE AN EXPLODING CAPACITOR ALARM CLOCK I\'M BEGGING YOU,http://www.youtube.com/@TheFurryBus
1386,@ugniusmurza9959,When I was a child I had worser luck than him,UgxNSP5F_84qDNlzRPh4AaABAg,,0,https://www.youtube.com/watch?v=lT3vGaOLWqE&lc=UgxNSP5F_84qDNlzRPh4AaABAg,6/13/2022 5:23,0,When I was a child I had worser luck than him,http://www.youtube.com/@ugniusmurza9959
1387,@nonexistingbeing9286,8:00,UgxHqw_pIXvQRyK3GAl4AaABAg,,0,https://www.youtube.com/watch?v=lT3vGaOLWqE&lc=UgxHqw_pIXvQRyK3GAl4AaABAg,6/11/2022 18:26,0,8:00,http://www.youtube.com/@nonexistingbeing9286
1388,@xanderaguado9984,IS ANYTHING GONNA WORK TODAY?!,UgwyLVdQ0pmfhLbnLIR4AaABAg,,0,https://www.youtube.com/watch?v=lT3vGaOLWqE&lc=UgwyLVdQ0pmfhLbnLIR4AaABAg,6/11/2022 0:57,0,IS ANYTHING GONNA WORK TODAY?!,http://www.youtube.com/@xanderaguado9984
1389,@norfaezah4878,mini printer pretty pls,Ugz8hsiSOhpjm6mIiCl4AaABAg,,0,https://www.youtube.com/watch?v=lT3vGaOLWqE&lc=Ugz8hsiSOhpjm6mIiCl4AaABAg,6/10/2022 13:56,0,mini printer pretty pls,http://www.youtube.com/@norfaezah4878
1390,@breezeaethre669,Really?? How can he survived that,UgyaACEYkdNCFqEFJ6t4AaABAg,,0,https://www.youtube.com/watch?v=lT3vGaOLWqE&lc=UgyaACEYkdNCFqEFJ6t4AaABAg,6/10/2022 4:52,0,Really?? How can he survived that,http://www.youtube.com/@breezeaethre669
1391,@shawnahalbur4941,I\'ve already done this with a 12kv transformer,UgwuUJ03h2e9DzhG_xh4AaABAg,,0,https://www.youtube.com/watch?v=lT3vGaOLWqE&lc=UgwuUJ03h2e9DzhG_xh4AaABAg,6/9/2022 16:08,0,I\'ve already done this with a 12kv transformer,http://www.youtube.com/@shawnahalbur4941
1392,@azdine_pro,I love Nikola Tesla\'s inventions but I can\'t try them because I don\'t have any needs,UgxOGJ7TXDjPFW6spQh4AaABAg,,0,https://www.youtube.com/watch?v=lT3vGaOLWqE&lc=UgxOGJ7TXDjPFW6spQh4AaABAg,6/8/2022 18:01,0,I love Nikola Tesla\'s inventions but I can\'t try them because I don\'t have any needs,http://www.youtube.com/@azdine_pro
1393,@masterimon6668,I need one I live in india,UgxmAxxzwNqLrYCht2p4AaABAg,,0,https://www.youtube.com/watch?v=lT3vGaOLWqE&lc=UgxmAxxzwNqLrYCht2p4AaABAg,6/8/2022 5:09,0,I need one I live in india,http://www.youtube.com/@masterimon6668
1394,@geoffreyraleigh1674,:))))))),UgwUQ_d0RrRSulFhRhN4AaABAg,,0,https://www.youtube.com/watch?v=lT3vGaOLWqE&lc=UgwUQ_d0RrRSulFhRhN4AaABAg,6/7/2022 11:44,0,:))))))),http://www.youtube.com/@geoffreyraleigh1674
1395,@mannyjorge46,Where can I get this,UgzFdGAkhLsd7Y5gvjR4AaABAg,,0,https://www.youtube.com/watch?v=lT3vGaOLWqE&lc=UgzFdGAkhLsd7Y5gvjR4AaABAg,6/7/2022 9:21,0,Where can I get this,http://www.youtube.com/@mannyjorge46
1396,@miguelnassour110,0:52 and touch the jacob‚??s ladder,Ugwsqq7kUvwCIRFyJrh4AaABAg,,12,https://www.youtube.com/watch?v=lT3vGaOLWqE&lc=Ugwsqq7kUvwCIRFyJrh4AaABAg,6/7/2022 8:01,0,0:52 and touch the jacob‚??s ladder,http://www.youtube.com/@miguelnassour110
1397,@DaesoTheOne,Girls after I show them my Clash Royale account: 7:48,Ugwq4eekml4oBgSDPrZ4AaABAg,,0,https://www.youtube.com/watch?v=lT3vGaOLWqE&lc=Ugwq4eekml4oBgSDPrZ4AaABAg,6/7/2022 0:20,0,Girls after I show them my Clash Royale account: 7:48,http://www.youtube.com/@DaesoTheOne
1398,@m.s.z5539,Hi.mehdi ÿØŸ?Ÿ?ÿ™ ÿ≥ÿ±Ÿ?€?ÿ≥ Ÿ?Ÿ?ÿØ€? ÿ¨ÿßŸ? Ÿ?ÿ±ÿØŸ? ÿßÿ≤ ÿÆŸ?ÿØŸ? ÿÆ€?Ÿ?€? ⁄©ÿßÿ±Ÿ? Ÿ?Ÿ?Ÿ?ÿ≤ ÿ≤Ÿ?ÿØŸ? ÿß€? Ÿ?Ÿ? Ÿ?Ÿ? Ÿ?ÿ±Ÿ?Ÿ?ÿ™ ÿßÿ≤€?Ÿ? ⁄©ÿßÿ±ÿß Ÿ?€?⁄©Ÿ?Ÿ? €?ÿß ÿØÿ≥ÿ™⁄ØÿßŸ? ÿßŸ?⁄©ÿ™ÿ±Ÿ?Ÿ?€?⁄©€? ⁄©Ÿ? Ÿ?€?ÿÆÿßŸ? ÿØÿ±ÿ≥ÿ™ ⁄©Ÿ?Ÿ? ÿÆÿ±ÿßÿ®ÿ™ÿ±ÿ¥ Ÿ?€?⁄©Ÿ?Ÿ? €?ÿß ÿÆŸ?ÿØŸ?Ÿ? ÿ®⁄Øÿß Ÿ?€?ÿØŸ?????§£?§£??Æ??∑,Ugzr0ZxI8NbrjAhX-3l4AaABAg,,0,https://www.youtube.com/watch?v=lT3vGaOLWqE&lc=Ugzr0ZxI8NbrjAhX-3l4AaABAg,6/6/2022 23:43,0,Hi.mehdi ÿØŸ?Ÿ?ÿ™ ÿ≥ÿ±Ÿ?€?ÿ≥ Ÿ?Ÿ?ÿØ€? ÿ¨ÿßŸ? Ÿ?ÿ±ÿØŸ? ÿßÿ≤ ÿÆŸ?ÿØŸ? ÿÆ€?Ÿ?€? ⁄©ÿßÿ±Ÿ? Ÿ?Ÿ?Ÿ?ÿ≤ ÿ≤Ÿ?ÿØŸ? ÿß€? Ÿ?Ÿ? Ÿ?Ÿ? Ÿ?ÿ±Ÿ?Ÿ?ÿ™ ÿßÿ≤€?Ÿ? ⁄©ÿßÿ±ÿß Ÿ?€?⁄©Ÿ?Ÿ? €?ÿß ÿØÿ≥ÿ™⁄ØÿßŸ? ÿßŸ?⁄©ÿ™ÿ±Ÿ?Ÿ?€?⁄©€? ⁄©Ÿ? Ÿ?€?ÿÆÿßŸ? ÿØÿ±ÿ≥ÿ™ ⁄©Ÿ?Ÿ? ÿÆÿ±ÿßÿ®ÿ™ÿ±ÿ¥ Ÿ?€?⁄©Ÿ?Ÿ? €?ÿß ÿÆŸ?ÿØŸ?Ÿ? ÿ®⁄Øÿß Ÿ?€?ÿØŸ?????§£?§£??Æ??∑,http://www.youtube.com/@m.s.z5539
1399,@zackgibson3389,"In his videos, accidents are usually scripted to show you what not to do in a comedic way. But I have to say microwave transformers kill more electronics hobbyists then anything else. And he just grabbed one across his chest. That\'s dangerous with 120 volts, let alone two thousand. This accident was not scripted and genuinely could have killed him",UgxJ-EN8N8IXWmubQjB4AaABAg,,0,https://www.youtube.com/watch?v=lT3vGaOLWqE&lc=UgxJ-EN8N8IXWmubQjB4AaABAg,6/5/2022 18:56,0,"In his videos, accidents are usually scripted to show you what not to do in a comedic way. But I have to say microwave transformers kill more electronics hobbyists then anything else. And he just grabbed one across his chest. That\'s dangerous with 120 volts, let alone two thousand. This accident was not scripted and genuinely could have killed him",http://www.youtube.com/@zackgibson3389
1400,@Khougamer,Also join the reddit electroboom now,Ugx-2T6E_CQY8-vjmKx4AaABAg,,0,https://www.youtube.com/watch?v=lT3vGaOLWqE&lc=Ugx-2T6E_CQY8-vjmKx4AaABAg,6/5/2022 16:32,0,Also join the reddit electroboom now,http://www.youtube.com/@Khougamer
1401,@GamerKaiden,3:17 he just invented natural (a bit) green fire,UgwJRP_XbQkktKz7rcR4AaABAg,,0,https://www.youtube.com/watch?v=lT3vGaOLWqE&lc=UgwJRP_XbQkktKz7rcR4AaABAg,6/4/2022 21:42,0,3:17 he just invented natural (a bit) green fire,http://www.youtube.com/@GamerKaiden
1402,@kether7350,"plz, i need this machine 3d to teach at my pupil the magician of electricity with jacob stairs",UgxWRt_WUywtJ9LMFk94AaABAg,,0,https://www.youtube.com/watch?v=lT3vGaOLWqE&lc=UgxWRt_WUywtJ9LMFk94AaABAg,6/4/2022 13:34,0,"plz, i need this machine 3d to teach at my pupil the magician of electricity with jacob stairs",http://www.youtube.com/@kether7350
1403,@OrcinusLaryngologist,"‚??Woah, woah, woah shit!‚?? ?§£",UgxbG2QnnNEJ7Tp8Zjt4AaABAg,,0,https://www.youtube.com/watch?v=lT3vGaOLWqE&lc=UgxbG2QnnNEJ7Tp8Zjt4AaABAg,6/3/2022 10:32,0,"‚??Woah, woah, woah shit!‚?? ?§£",http://www.youtube.com/@OrcinusLaryngologist
1404,@stormtroopertk8,8:00 I can‚??t stop laughing ???,UgwQZF5D5Hvt86_ZtH14AaABAg,,1,https://www.youtube.com/watch?v=lT3vGaOLWqE&lc=UgwQZF5D5Hvt86_ZtH14AaABAg,6/2/2022 18:52,0,8:00 I can‚??t stop laughing ???,http://www.youtube.com/@stormtroopertk8
1405,@Ceris_1,"""let me introduce you to fire""",UgxJL3UuWgaHXZ9J33R4AaABAg,,1,https://www.youtube.com/watch?v=lT3vGaOLWqE&lc=UgxJL3UuWgaHXZ9J33R4AaABAg,6/2/2022 13:10,0,"""let me introduce you to fire""",http://www.youtube.com/@Ceris_1
1406,@Idkwholmao,I liked this ever since my uncle introduced me to your channel.,UgzXkZ3_Y36wAQLKrX54AaABAg,,0,https://www.youtube.com/watch?v=lT3vGaOLWqE&lc=UgzXkZ3_Y36wAQLKrX54AaABAg,6/2/2022 5:30,0,I liked this ever since my uncle introduced me to your channel.,http://www.youtube.com/@Idkwholmao
1407,@gnehsse,"Every time he gets shocked, another hair emerges from his luscious unibrow",UgykabaWkdfwRGFN5FJ4AaABAg,,1,https://www.youtube.com/watch?v=lT3vGaOLWqE&lc=UgykabaWkdfwRGFN5FJ4AaABAg,6/1/2022 23:46,0,"Every time he gets shocked, another hair emerges from his luscious unibrow",http://www.youtube.com/@gnehsse
1408,@gjharex,Immortal King Has Reincarnated,UgzwvGlSF85rDAQrDgV4AaABAg,,0,https://www.youtube.com/watch?v=lT3vGaOLWqE&lc=UgzwvGlSF85rDAQrDgV4AaABAg,6/1/2022 23:00,0,Immortal King Has Reincarnated,http://www.youtube.com/@gjharex
1409,@AdonayFloresLaMota,7:54 LMAO,Ugx71RAO0Rlrqy-ODJR4AaABAg,,0,https://www.youtube.com/watch?v=lT3vGaOLWqE&lc=Ugx71RAO0Rlrqy-ODJR4AaABAg,6/1/2022 17:03,0,7:54 LMAO,http://www.youtube.com/@AdonayFloresLaMota
1410,@haskomeyer4924,transformers are spiritual---they say ohmmm all the time.,UgzjEA8UwVADmrzFI054AaABAg,,0,https://www.youtube.com/watch?v=lT3vGaOLWqE&lc=UgzjEA8UwVADmrzFI054AaABAg,6/1/2022 15:40,0,transformers are spiritual---they say ohmmm all the time.,http://www.youtube.com/@haskomeyer4924
1411,@frankbones6230,If the surface down would be bigger then it wouldn\'t fall down,UgzAejNKN_SBVPHn4Rl4AaABAg,,0,https://www.youtube.com/watch?v=lT3vGaOLWqE&lc=UgzAejNKN_SBVPHn4Rl4AaABAg,6/1/2022 4:56,0,If the surface down would be bigger then it wouldn\'t fall down,http://www.youtube.com/@frankbones6230
1412,@frankbones6230,you should had a bigger surface down witch increase the stability,UgwtcI2R2kkP2JfVfz14AaABAg,,0,https://www.youtube.com/watch?v=lT3vGaOLWqE&lc=UgwtcI2R2kkP2JfVfz14AaABAg,6/1/2022 4:55,0,you should had a bigger surface down witch increase the stability,http://www.youtube.com/@frankbones6230
1413,@mjx10813,salam aqa mehdi mn ba canal shoma dar khodcast ashna shodam va besiar narahatam ke cheta zoodtar ashna nashodam mn khodam ye electronicy hastam va ashege karhay shoma faqat ey kash shoma ye canal farsi ham dar kenar in midashtin ya be nahvi (zirnevis ) ya har raveshi iranihaei ke zaban khub nemidunan ham mitunestan az mataleb v karhay awli shoma lezat bebaran kheli doostet daram va vasatoon arezooye movafaghiat rooz afzoon mikonam,UgwlYVOraQoy3TVg0z14AaABAg,,0,https://www.youtube.com/watch?v=lT3vGaOLWqE&lc=UgwlYVOraQoy3TVg0z14AaABAg,6/1/2022 4:47,0,salam aqa mehdi mn ba canal shoma dar khodcast ashna shodam va besiar narahatam ke cheta zoodtar ashna nashodam mn khodam ye electronicy hastam va ashege karhay shoma faqat ey kash shoma ye canal farsi ham dar kenar in midashtin ya be nahvi (zirnevis ) ya har raveshi iranihaei ke zaban khub nemidunan ham mitunestan az mataleb v karhay awli shoma lezat bebaran kheli doostet daram va vasatoon arezooye movafaghiat rooz afzoon mikonam,http://www.youtube.com/@mjx10813
1414,@Notthatguy23,I was so scared when i saw it fall on you! BREAKER BREAKER!,Ugy76jta5LW2LnSM0sZ4AaABAg,,0,https://www.youtube.com/watch?v=lT3vGaOLWqE&lc=Ugy76jta5LW2LnSM0sZ4AaABAg,5/31/2022 4:37,0,I was so scared when i saw it fall on you! BREAKER BREAKER!,http://www.youtube.com/@Notthatguy23
1415,@ottol540,close to death,UgzePwlXsyqFmm-BPbd4AaABAg,,0,https://www.youtube.com/watch?v=lT3vGaOLWqE&lc=UgzePwlXsyqFmm-BPbd4AaABAg,5/31/2022 3:55,0,close to death,http://www.youtube.com/@ottol540
1416,@Yuvraj_makwana_,Happy Diwali ???,UgzzEEaoj3BCNKgv-4R4AaABAg,,1,https://www.youtube.com/watch?v=lT3vGaOLWqE&lc=UgzzEEaoj3BCNKgv-4R4AaABAg,5/30/2022 22:33,0,Happy Diwali ???,http://www.youtube.com/@Yuvraj_makwana_
1417,@projeteceletronic5874,muito bom aqui e do brasil,Ugzr9T8Qp5XOBBVW73J4AaABAg,,0,https://www.youtube.com/watch?v=lT3vGaOLWqE&lc=Ugzr9T8Qp5XOBBVW73J4AaABAg,5/30/2022 21:56,0,muito bom aqui e do brasil,http://www.youtube.com/@projeteceletronic5874
1418,@SeeDaRipper...,"After watching the main brunt of the video and then the montage, i can categorically say that you are fucking tapped! And earned yourself a sub (only so that i can eventually watch you accidently end it one day) ??????‚?°??•??? ?§≠",UgzKOsJXMD7vOkWkaGF4AaABAg,,0,https://www.youtube.com/watch?v=lT3vGaOLWqE&lc=UgzKOsJXMD7vOkWkaGF4AaABAg,5/30/2022 19:06,0,"After watching the main brunt of the video and then the montage, i can categorically say that you are fucking tapped! And earned yourself a sub (only so that i can eventually watch you accidently end it one day) ??????‚?°??•??? ?§≠",http://www.youtube.com/@SeeDaRipper...
1419,@legendsofbright2446,HAHAHAHAHAHAHAHAHAHAHAHAHAHAHAHAHAHAHAHAHAHAHAHAHHAHAHAHAHAHAHAHAHAHAHAHAHAHAHAHAHAHAHAHAHAHAHAHAHHAHAHAHAHAHAHAHAHAHAHAHAHAHAHAHAHAHAHAHAHAHAHAHAHHAHAHAHAHAHAHAHAHAHAHAHAHAHAHAHAHAHAAHHAHAHAHAHAHAHAHAHAHHAHAHAHHAHAHAHAHAHAHHAHHAHAHAHAHHAHAHAHAHAHAHAHAHAHAHAHAHAHAHHAHAHAHHAHAHAHAHAHAHAHAHAHAHAHAHAHAHAHAHAHAHHAHAHAHAHHAHAHAHAHAHAHAHHAHAHAHAHAHAHAHAHAHAHAHAHAHAHHAHAHAHAHAHAHAHAHAHAHAHAHAHAHAHAHAHAHAHAHAHAHAHAHAHAHAHAHAHA,Ugx-E3SPKqRYxJ91XTJ4AaABAg,,0,https://www.youtube.com/watch?v=lT3vGaOLWqE&lc=Ugx-E3SPKqRYxJ91XTJ4AaABAg,5/30/2022 11:50,0,HAHAHAHAHAHAHAHAHAHAHAHAHAHAHAHAHAHAHAHAHAHAHAHAHHAHAHAHAHAHAHAHAHAHAHAHAHAHAHAHAHAHAHAHAHAHAHAHAHHAHAHAHAHAHAHAHAHAHAHAHAHAHAHAHAHAHAHAHAHAHAHAHAHHAHAHAHAHAHAHAHAHAHAHAHAHAHAHAHAHAHAAHHAHAHAHAHAHAHAHAHAHHAHAHAHHAHAHAHAHAHAHHAHHAHAHAHAHHAHAHAHAHAHAHAHAHAHAHAHAHAHAHHAHAHAHHAHAHAHAHAHAHAHAHAHAHAHAHAHAHAHAHAHAHHAHAHAHAHHAHAHAHAHAHAHAHHAHAHAHAHAHAHAHAHAHAHAHAHAHAHHAHAHAHAHAHAHAHAHAHAHAHAHAHAHAHAHAHAHAHAHAHAHAHAHAHAHAHAHAHA,http://www.youtube.com/@legendsofbright2446
1420,@NavaTej1,Bro I love you,UgwOWiI9DFMkV3HJwYp4AaABAg,,0,https://www.youtube.com/watch?v=lT3vGaOLWqE&lc=UgwOWiI9DFMkV3HJwYp4AaABAg,5/30/2022 11:15,0,Bro I love you,http://www.youtube.com/@NavaTej1
1421,@Akyu__,Him to the capacitor: DIEEEE Capacitor: not today,UgyFg5k2WfQVzRJRzoF4AaABAg,,0,https://www.youtube.com/watch?v=lT3vGaOLWqE&lc=UgyFg5k2WfQVzRJRzoF4AaABAg,5/29/2022 10:57,0,Him to the capacitor: DIEEEE Capacitor: not today,http://www.youtube.com/@Akyu__
1422,@arian-bd3ko,When me bored watching dis vid My - 1 iQ brain :bro that vid just show a killer,Ugy2txvyWZbXi_G1oRR4AaABAg,,0,https://www.youtube.com/watch?v=lT3vGaOLWqE&lc=Ugy2txvyWZbXi_G1oRR4AaABAg,5/29/2022 10:33,0,When me bored watching dis vid My - 1 iQ brain :bro that vid just show a killer,http://www.youtube.com/@arian-bd3ko
1423,@Phantom-S.A.,*_Resistencia a la Descarga A√±adido_*,UgxJImLyDE7INjx-zjF4AaABAg,,0,https://www.youtube.com/watch?v=lT3vGaOLWqE&lc=UgxJImLyDE7INjx-zjF4AaABAg,5/28/2022 18:00,0,*_Resistencia a la Descarga A√±adido_*,http://www.youtube.com/@Phantom-S.A.
1424,@mahmoudhamdy1468,hahaha,UgzcjE6PKRtBBhdrvJF4AaABAg,,0,https://www.youtube.com/watch?v=lT3vGaOLWqE&lc=UgzcjE6PKRtBBhdrvJF4AaABAg,5/27/2022 15:48,0,hahaha,http://www.youtube.com/@mahmoudhamdy1468
1425,@alial-saedi5154,"Say, \'He is God, [who is] One, God, the Eternal Refuge. He neither begets nor is born, Nor is there to Him any equivalent.\'",UgyPwYAU4EZp1z76uYx4AaABAg,,0,https://www.youtube.com/watch?v=lT3vGaOLWqE&lc=UgyPwYAU4EZp1z76uYx4AaABAg,5/27/2022 14:51,0,"Say, \'He is God, [who is] One, God, the Eternal Refuge. He neither begets nor is born, Nor is there to Him any equivalent.\'",http://www.youtube.com/@alial-saedi5154
1426,@deshitvbd2248,8min ?§£?§£,UgwI_IAKH7KeP2BBFut4AaABAg,,0,https://www.youtube.com/watch?v=lT3vGaOLWqE&lc=UgwI_IAKH7KeP2BBFut4AaABAg,5/26/2022 23:19,0,8min ?§£?§£,http://www.youtube.com/@deshitvbd2248
1427,@Patrick-zs3vp,Dammit I want to celebrate?§£?§£?§£?§£,Ugz4LfBd9HsOaIS1Hf94AaABAg,,1,https://www.youtube.com/watch?v=lT3vGaOLWqE&lc=Ugz4LfBd9HsOaIS1Hf94AaABAg,5/26/2022 20:11,0,Dammit I want to celebrate?§£?§£?§£?§£,http://www.youtube.com/@Patrick-zs3vp
1428,@FCR3399,i feel bad for him :/,UgwVnpp_g75owMfuM2Z4AaABAg,,0,https://www.youtube.com/watch?v=lT3vGaOLWqE&lc=UgwVnpp_g75owMfuM2Z4AaABAg,5/26/2022 10:02,0,i feel bad for him :/,http://www.youtube.com/@FCR3399
1429,@KEMOSheep,how to duck ur not dead,UgxHSfHP3EzvD76yF754AaABAg,,0,https://www.youtube.com/watch?v=lT3vGaOLWqE&lc=UgxHSfHP3EzvD76yF754AaABAg,5/25/2022 15:28,0,how to duck ur not dead,http://www.youtube.com/@KEMOSheep
1430,@steventyler3582,Language: Gibberish killed me XD,Ugyek2YhVhdLA1RQBIp4AaABAg,,0,https://www.youtube.com/watch?v=lT3vGaOLWqE&lc=Ugyek2YhVhdLA1RQBIp4AaABAg,5/24/2022 13:26,0,Language: Gibberish killed me XD,http://www.youtube.com/@steventyler3582
1431,@Xavier-zr7ck,I want to have a luzbot,Ugy-vMQXGeLRtnX9LpZ4AaABAg,,0,https://www.youtube.com/watch?v=lT3vGaOLWqE&lc=Ugy-vMQXGeLRtnX9LpZ4AaABAg,5/24/2022 10:56,0,I want to have a luzbot,http://www.youtube.com/@Xavier-zr7ck
1432,@averyoldYoutubeuser,8:00 I to totally terrified,UgwmmzBfFWWTXZY6mld4AaABAg,,0,https://www.youtube.com/watch?v=lT3vGaOLWqE&lc=UgwmmzBfFWWTXZY6mld4AaABAg,5/22/2022 22:46,0,8:00 I to totally terrified,http://www.youtube.com/@averyoldYoutubeuser
1433,@bongocat_,Pain ??ø,UgyscLCsokIR437kmYl4AaABAg,,0,https://www.youtube.com/watch?v=lT3vGaOLWqE&lc=UgyscLCsokIR437kmYl4AaABAg,5/22/2022 17:33,0,Pain ??ø,http://www.youtube.com/@bongocat_
1434,@electrode6872,7:59,UgxAlHChwvZIdnR5eGx4AaABAg,,0,https://www.youtube.com/watch?v=lT3vGaOLWqE&lc=UgxAlHChwvZIdnR5eGx4AaABAg,5/22/2022 9:54,0,7:59,http://www.youtube.com/@electrode6872
1435,@jek__,"""Hi! Shh."" lol",UgzIA9tBXL5kY5vGlnR4AaABAg,,0,https://www.youtube.com/watch?v=lT3vGaOLWqE&lc=UgzIA9tBXL5kY5vGlnR4AaABAg,5/22/2022 1:45,0,"""Hi! Shh."" lol",http://www.youtube.com/@jek__
1436,@T.K.9,"I like how at first your face were like, oh no I gotta catch it. Then mid fall, you thought oh no this sparklers will electrecute me, oh crap too late prepare for pain. Haha",UgwdwEcrLkC-9dSewfl4AaABAg,,0,https://www.youtube.com/watch?v=lT3vGaOLWqE&lc=UgwdwEcrLkC-9dSewfl4AaABAg,5/21/2022 22:56,0,"I like how at first your face were like, oh no I gotta catch it. Then mid fall, you thought oh no this sparklers will electrecute me, oh crap too late prepare for pain. Haha",http://www.youtube.com/@T.K.9
1437,@ADIIIIIIIIIIIIIIIIIIIIIIIIIIII,2:05 this guy is perfect,UgzExJB5tcvMFBcOCE14AaABAg,,2,https://www.youtube.com/watch?v=lT3vGaOLWqE&lc=UgzExJB5tcvMFBcOCE14AaABAg,5/21/2022 22:17,0,2:05 this guy is perfect,http://www.youtube.com/@ADIIIIIIIIIIIIIIIIIIIIIIIIIIII
1438,@troyho0219,The rods* I will electrocute you The hand* BANG Electro boom* owwwwwwww,UgwkGkEXGDwP0Iv7SEt4AaABAg,,0,https://www.youtube.com/watch?v=lT3vGaOLWqE&lc=UgwkGkEXGDwP0Iv7SEt4AaABAg,5/21/2022 18:22,0,The rods* I will electrocute you The hand* BANG Electro boom* owwwwwwww,http://www.youtube.com/@troyho0219
1439,@voceviu1989,O rei do choque!,UgyPGFGcURgNGcCwhfF4AaABAg,,0,https://www.youtube.com/watch?v=lT3vGaOLWqE&lc=UgyPGFGcURgNGcCwhfF4AaABAg,5/21/2022 10:11,0,O rei do choque!,http://www.youtube.com/@voceviu1989
1440,@abi_arbi,ÿπÿßŸ?€? ÿ≥€?ÿØ??ø??¨,Ugx5WoCaHXT1zHGMEGt4AaABAg,,0,https://www.youtube.com/watch?v=lT3vGaOLWqE&lc=Ugx5WoCaHXT1zHGMEGt4AaABAg,5/20/2022 23:38,0,ÿπÿßŸ?€? ÿ≥€?ÿØ??ø??¨,http://www.youtube.com/@abi_arbi
1441,@MonitorikOff,Wow,UgzBTlXKXBQenj-1Lgt4AaABAg,,1,https://www.youtube.com/watch?v=lT3vGaOLWqE&lc=UgzBTlXKXBQenj-1Lgt4AaABAg,5/20/2022 9:00,0,Wow,http://www.youtube.com/@MonitorikOff
1442,@SongoFilms,I subbed him cus he‚??s a total comedian??????,UgxMfTI1GdKt35TtwvF4AaABAg,,0,https://www.youtube.com/watch?v=lT3vGaOLWqE&lc=UgxMfTI1GdKt35TtwvF4AaABAg,5/19/2022 22:59,0,I subbed him cus he‚??s a total comedian??????,http://www.youtube.com/@SongoFilms
1443,@gavinchristopher2030,"lmao , you are hysterically fortunate.",UgwLLmGI9zenrqYDZYd4AaABAg,,0,https://www.youtube.com/watch?v=lT3vGaOLWqE&lc=UgwLLmGI9zenrqYDZYd4AaABAg,5/19/2022 22:39,0,"lmao , you are hysterically fortunate.",http://www.youtube.com/@gavinchristopher2030
1444,@akaruiyami0015,manual jacob\'s ladder? make sense. otherwise if it is automatic we call it escalator,UgyVWeDWDEClK4UrCsR4AaABAg,,0,https://www.youtube.com/watch?v=lT3vGaOLWqE&lc=UgyVWeDWDEClK4UrCsR4AaABAg,5/19/2022 9:42,0,manual jacob\'s ladder? make sense. otherwise if it is automatic we call it escalator,http://www.youtube.com/@akaruiyami0015
1445,@badxpuppy6591,6:45 Warning: jumpscare,Ugx0ODtSuPhxaDAJo1F4AaABAg,,0,https://www.youtube.com/watch?v=lT3vGaOLWqE&lc=Ugx0ODtSuPhxaDAJo1F4AaABAg,5/18/2022 23:17,0,6:45 Warning: jumpscare,http://www.youtube.com/@badxpuppy6591
1446,@jregamey,If it has the name Jacob. It won\'t work,UgxxZs3rax4ulVnkQWp4AaABAg,,1,https://www.youtube.com/watch?v=lT3vGaOLWqE&lc=UgxxZs3rax4ulVnkQWp4AaABAg,5/18/2022 22:02,0,If it has the name Jacob. It won\'t work,http://www.youtube.com/@jregamey
1447,@jregamey,Record this infront of a live audience,UgzRsodgI49BIF3cW7l4AaABAg,,0,https://www.youtube.com/watch?v=lT3vGaOLWqE&lc=UgzRsodgI49BIF3cW7l4AaABAg,5/18/2022 21:57,0,Record this infront of a live audience,http://www.youtube.com/@jregamey
1448,@wow-roblox8370,"for 10M, will you even survive???",Ugy-ZtXTx_Ee6yZ0rtF4AaABAg,,1,https://www.youtube.com/watch?v=lT3vGaOLWqE&lc=Ugy-ZtXTx_Ee6yZ0rtF4AaABAg,5/18/2022 6:32,0,"for 10M, will you even survive???",http://www.youtube.com/@wow-roblox8370
1449,@rks.ai.ml.,let\'s drop the idea to become electrical engineer .,UgyGTorBh-i2M93-IV54AaABAg,,2,https://www.youtube.com/watch?v=lT3vGaOLWqE&lc=UgyGTorBh-i2M93-IV54AaABAg,5/18/2022 1:25,0,let\'s drop the idea to become electrical engineer .,http://www.youtube.com/@rks.ai.ml.
1450,@MickLoud999,I know he\'s trying to hurt himself. Yet he still should be wearing safety googles. I don\'t think this is worth losing his eyesight over.,UgzP0ji32x9bLmre6wN4AaABAg,,0,https://www.youtube.com/watch?v=lT3vGaOLWqE&lc=UgzP0ji32x9bLmre6wN4AaABAg,5/18/2022 1:14,0,I know he\'s trying to hurt himself. Yet he still should be wearing safety googles. I don\'t think this is worth losing his eyesight over.,http://www.youtube.com/@MickLoud999
1451,@deemcgann1695,mans climbed Jacobs ladder to heaven and came back alive,UgyZ7DDlqGkT8_Cqv7F4AaABAg,,0,https://www.youtube.com/watch?v=lT3vGaOLWqE&lc=UgyZ7DDlqGkT8_Cqv7F4AaABAg,5/18/2022 0:24,0,mans climbed Jacobs ladder to heaven and came back alive,http://www.youtube.com/@deemcgann1695
1452,@alixr7304,when the class clown pays attention in science,Ugxqp81VYbzqW9JNZ3t4AaABAg,,1,https://www.youtube.com/watch?v=lT3vGaOLWqE&lc=Ugxqp81VYbzqW9JNZ3t4AaABAg,5/17/2022 23:07,0,when the class clown pays attention in science,http://www.youtube.com/@alixr7304
1453,@claudiociraudo5894,7:59 kjjjjjj,Ugw5yINK0ZSmdGMpK8h4AaABAg,,0,https://www.youtube.com/watch?v=lT3vGaOLWqE&lc=Ugw5yINK0ZSmdGMpK8h4AaABAg,5/16/2022 22:20,0,7:59 kjjjjjj,http://www.youtube.com/@claudiociraudo5894
1454,@potato2976,Can i have one im invention to make,Ugxb3EML0Yy8v5Nh5N94AaABAg,,0,https://www.youtube.com/watch?v=lT3vGaOLWqE&lc=Ugxb3EML0Yy8v5Nh5N94AaABAg,5/16/2022 8:21,0,Can i have one im invention to make,http://www.youtube.com/@potato2976
1455,@Aut5500_MAIN,7:48 the sound of the candle making me laugh out thehardest,UgxXvRX4Vhq9OPzcT9B4AaABAg,,1,https://www.youtube.com/watch?v=lT3vGaOLWqE&lc=UgxXvRX4Vhq9OPzcT9B4AaABAg,5/16/2022 1:29,0,7:48 the sound of the candle making me laugh out thehardest,http://www.youtube.com/@Aut5500_MAIN
1456,@rubenmejia942,7:56 This is the most glorious moment in YouTube history.,UgyUO-ztibeCwILGRVt4AaABAg,,0,https://www.youtube.com/watch?v=lT3vGaOLWqE&lc=UgyUO-ztibeCwILGRVt4AaABAg,5/14/2022 19:17,0,7:56 This is the most glorious moment in YouTube history.,http://www.youtube.com/@rubenmejia942
1457,@frederickoscarrobinson3933,"At 8:00 he grabs the two electrodes with one hand each. He was saved by two things: 1. he pushed the two electrodes into each other almost immediately after touching, and 2. the flimsy alligator clips disconnected.",UgyKVCcVMhJDDvzGpE54AaABAg,,1,https://www.youtube.com/watch?v=lT3vGaOLWqE&lc=UgyKVCcVMhJDDvzGpE54AaABAg,5/13/2022 13:18,0,"At 8:00 he grabs the two electrodes with one hand each. He was saved by two things: 1. he pushed the two electrodes into each other almost immediately after touching, and 2. the flimsy alligator clips disconnected.",http://www.youtube.com/@frederickoscarrobinson3933
1458,@Spartangamer114,8:00 the fall of the Jacobs ladder,UgzZ2NUfbMLQPYXcUm14AaABAg,,2,https://www.youtube.com/watch?v=lT3vGaOLWqE&lc=UgzZ2NUfbMLQPYXcUm14AaABAg,5/12/2022 15:32,0,8:00 the fall of the Jacobs ladder,http://www.youtube.com/@Spartangamer114
1459,@pavuk6293,Postanovka E B A N A Y A!!!!!,UgzlwZpIdyNbKTgyNjV4AaABAg,,0,https://www.youtube.com/watch?v=lT3vGaOLWqE&lc=UgzlwZpIdyNbKTgyNjV4AaABAg,5/12/2022 14:43,0,Postanovka E B A N A Y A!!!!!,http://www.youtube.com/@pavuk6293
1460,@Bishop58,Damn he catch it,UgxZE_8zoXClkk3Tuxt4AaABAg,,0,https://www.youtube.com/watch?v=lT3vGaOLWqE&lc=UgxZE_8zoXClkk3Tuxt4AaABAg,5/12/2022 7:08,0,Damn he catch it,http://www.youtube.com/@Bishop58
1461,@dgenxryan,My God when it fell on him and he knew he was fucked he premoaned then pain lmaaoo,UgwCBlh3gBI8jPOSwlt4AaABAg,,0,https://www.youtube.com/watch?v=lT3vGaOLWqE&lc=UgwCBlh3gBI8jPOSwlt4AaABAg,5/11/2022 21:18,0,My God when it fell on him and he knew he was fucked he premoaned then pain lmaaoo,http://www.youtube.com/@dgenxryan
1462,@CodeBuildsCars,LMAO,UgyWr7uXJAgxJGD3jY54AaABAg,,0,https://www.youtube.com/watch?v=lT3vGaOLWqE&lc=UgyWr7uXJAgxJGD3jY54AaABAg,5/10/2022 23:33,0,LMAO,http://www.youtube.com/@CodeBuildsCars
1463,@mmdbestking,ÿß€?ÿ±ÿßŸ?€? Ÿ?ÿ≥ÿ™€? ÿ≥€?ÿØÿ?,Ugy3Zijx5ZATxyo-56d4AaABAg,,0,https://www.youtube.com/watch?v=lT3vGaOLWqE&lc=Ugy3Zijx5ZATxyo-56d4AaABAg,5/10/2022 13:40,0,ÿß€?ÿ±ÿßŸ?€? Ÿ?ÿ≥ÿ™€? ÿ≥€?ÿØÿ?,http://www.youtube.com/@mmdbestking
1464,@MTBjay,7:54,UgyMhUjpKSR7mxoQs0N4AaABAg,,0,https://www.youtube.com/watch?v=lT3vGaOLWqE&lc=UgyMhUjpKSR7mxoQs0N4AaABAg,5/9/2022 22:15,0,7:54,http://www.youtube.com/@MTBjay
1465,@TheJuliusCo,Such a beautiful feeling to watch ur wires melting,Ugy6SKD03WdcJCFIeNp4AaABAg,,0,https://www.youtube.com/watch?v=lT3vGaOLWqE&lc=Ugy6SKD03WdcJCFIeNp4AaABAg,5/9/2022 15:45,0,Such a beautiful feeling to watch ur wires melting,http://www.youtube.com/@TheJuliusCo
1466,@soundkamar5427,I like my electro boom from Indonesia,Ugz6vFVNuvM3HOQrvuh4AaABAg,,0,https://www.youtube.com/watch?v=lT3vGaOLWqE&lc=Ugz6vFVNuvM3HOQrvuh4AaABAg,5/9/2022 1:24,0,I like my electro boom from Indonesia,http://www.youtube.com/@soundkamar5427
1467,@zsoltliszkay5922,Every scientific test rules 101 never sit down near or next to the Test/experiment,UgyB9OvWscSBa9e3Ki94AaABAg,,0,https://www.youtube.com/watch?v=lT3vGaOLWqE&lc=UgyB9OvWscSBa9e3Ki94AaABAg,5/8/2022 20:19,0,Every scientific test rules 101 never sit down near or next to the Test/experiment,http://www.youtube.com/@zsoltliszkay5922
1468,@paco_rider,There is no need to burn your house down to celebrate 1m subs,Ugy9vaivaDDPkhlmcUt4AaABAg,,0,https://www.youtube.com/watch?v=lT3vGaOLWqE&lc=Ugy9vaivaDDPkhlmcUt4AaABAg,5/8/2022 16:30,0,There is no need to burn your house down to celebrate 1m subs,http://www.youtube.com/@paco_rider
1469,@J.Contado2024,"It is called ""Ladder of Jacob"" because of the Jaccob\'s dream in Bethel, cited on Genesis 28.",UgyDN5rZae4TqrKmDFN4AaABAg,,0,https://www.youtube.com/watch?v=lT3vGaOLWqE&lc=UgyDN5rZae4TqrKmDFN4AaABAg,5/8/2022 13:51,0,"It is called ""Ladder of Jacob"" because of the Jaccob\'s dream in Bethel, cited on Genesis 28.",http://www.youtube.com/@J.Contado2024
1470,@jasongalvesh8537,jacobs ladder is fake,Ugy_Al73rr_RK5fJT1R4AaABAg,,0,https://www.youtube.com/watch?v=lT3vGaOLWqE&lc=Ugy_Al73rr_RK5fJT1R4AaABAg,5/8/2022 11:22,0,jacobs ladder is fake,http://www.youtube.com/@jasongalvesh8537
1471,@clintonnielsen8491,Pls,UgxlZWgKaVh85DMW3bZ4AaABAg,,0,https://www.youtube.com/watch?v=lT3vGaOLWqE&lc=UgxlZWgKaVh85DMW3bZ4AaABAg,5/8/2022 9:33,0,Pls,http://www.youtube.com/@clintonnielsen8491
1472,@clintonnielsen8491,I need one ols,UgzpTxkCcKNC6TAPDEV4AaABAg,,0,https://www.youtube.com/watch?v=lT3vGaOLWqE&lc=UgzpTxkCcKNC6TAPDEV4AaABAg,5/8/2022 9:33,0,I need one ols,http://www.youtube.com/@clintonnielsen8491
1473,@uattias,1:43 that bang to the table was a verry hard hit...,Ugz9X6hnlp9MZM-BB0l4AaABAg,,1,https://www.youtube.com/watch?v=lT3vGaOLWqE&lc=Ugz9X6hnlp9MZM-BB0l4AaABAg,5/8/2022 3:48,0,1:43 that bang to the table was a verry hard hit...,http://www.youtube.com/@uattias
1474,@mozomenku,You can see how quickly his hand muscles tighten when he touched the tower.,UgwWOjJ4xrlHftB_DWZ4AaABAg,,7,https://www.youtube.com/watch?v=lT3vGaOLWqE&lc=UgwWOjJ4xrlHftB_DWZ4AaABAg,5/7/2022 19:59,0,You can see how quickly his hand muscles tighten when he touched the tower.,http://www.youtube.com/@mozomenku
1475,@vtautogrow6096,Just became an electrician apprentice.. should I unsubscribe ???,Ugx6Txw9K7wSxCgMpAB4AaABAg,,0,https://www.youtube.com/watch?v=lT3vGaOLWqE&lc=Ugx6Txw9K7wSxCgMpAB4AaABAg,5/7/2022 16:46,0,Just became an electrician apprentice.. should I unsubscribe ???,http://www.youtube.com/@vtautogrow6096
1476,@meandonly1940,I really love electricity and I really want a 3D printer,UgxGp4ZudWN73Sma0Ot4AaABAg,,0,https://www.youtube.com/watch?v=lT3vGaOLWqE&lc=UgxGp4ZudWN73Sma0Ot4AaABAg,5/7/2022 4:36,0,I really love electricity and I really want a 3D printer,http://www.youtube.com/@meandonly1940
1477,@Nekotamer,almost dies two times in a single video.... amazing...,UgyWRZmw4CRR1CrWVoV4AaABAg,,0,https://www.youtube.com/watch?v=lT3vGaOLWqE&lc=UgyWRZmw4CRR1CrWVoV4AaABAg,5/7/2022 1:35,0,almost dies two times in a single video.... amazing...,http://www.youtube.com/@Nekotamer
1478,@Jon4270,"https://www.youtube.com/watch?v=FBeSKL9zVro Would something like this have helped, I wonder?",UgxtFGMy_y-Nwt72ya94AaABAg,,0,https://www.youtube.com/watch?v=lT3vGaOLWqE&lc=UgxtFGMy_y-Nwt72ya94AaABAg,5/4/2022 15:28,0,"https://www.youtube.com/watch?v=FBeSKL9zVro Would something like this have helped, I wonder?",http://www.youtube.com/@Jon4270
1479,@CorruptedProgram,i\'m glad you are alive but HOW THE HELL ARE YOU STILL ALIVE!?,UgzP6GiH4qTyL7c8CYh4AaABAg,,1,https://www.youtube.com/watch?v=lT3vGaOLWqE&lc=UgzP6GiH4qTyL7c8CYh4AaABAg,5/4/2022 12:29,1,i\'m glad you are alive but HOW THE HELL ARE YOU STILL ALIVE!?,http://www.youtube.com/@CorruptedProgram
1480,@janevandyk5064,Ikr,UgzP6GiH4qTyL7c8CYh4AaABAg.9abe6A60ZvA9ajWMnDzJeV,@CorruptedProgram,0,https://www.youtube.com/watch?v=lT3vGaOLWqE&lc=UgzP6GiH4qTyL7c8CYh4AaABAg.9abe6A60ZvA9ajWMnDzJeV,5/7/2022 13:47,0,Ikr,http://www.youtube.com/@janevandyk5064
1481,@BassSuperPower,This is a very shocking video!,UgxgEBHXnsVo7AtttcZ4AaABAg,,0,https://www.youtube.com/watch?v=lT3vGaOLWqE&lc=UgxgEBHXnsVo7AtttcZ4AaABAg,5/3/2022 14:12,0,This is a very shocking video!,http://www.youtube.com/@BassSuperPower
1482,@seanwyntwrs7461,How much salt do you eat in your diet the reason being is because between the water that you drink in the salt that you eat naturally your body makes a great conductor,UgzSaALJrt1P0kLxmBt4AaABAg,,0,https://www.youtube.com/watch?v=lT3vGaOLWqE&lc=UgzSaALJrt1P0kLxmBt4AaABAg,5/3/2022 1:33,0,How much salt do you eat in your diet the reason being is because between the water that you drink in the salt that you eat naturally your body makes a great conductor,http://www.youtube.com/@seanwyntwrs7461
1483,@Bubba_gaming1,Boom: "don\'t do this at home" also boom: does this at home,Ugzp6Ns0knYAzzbsaMl4AaABAg,,0,https://www.youtube.com/watch?v=lT3vGaOLWqE&lc=Ugzp6Ns0knYAzzbsaMl4AaABAg,5/2/2022 5:09,0,Boom: "don\'t do this at home" also boom: does this at home,http://www.youtube.com/@Bubba_gaming1
1484,@stephgrant9808,But poor guy,UgwAzt1mg507Ek3M1CF4AaABAg,,0,https://www.youtube.com/watch?v=lT3vGaOLWqE&lc=UgwAzt1mg507Ek3M1CF4AaABAg,5/2/2022 2:55,0,But poor guy,http://www.youtube.com/@stephgrant9808
1485,@stephgrant9808,LOL!!!,UgzyUKMknaWRkY_8ei94AaABAg,,0,https://www.youtube.com/watch?v=lT3vGaOLWqE&lc=UgzyUKMknaWRkY_8ei94AaABAg,5/2/2022 2:46,0,LOL!!!,http://www.youtube.com/@stephgrant9808
1486,@stevethea5250,I trust this guy with my life if he hasn\'t died after all that,UgxE8NuGw2yXBAx-_GZ4AaABAg,,0,https://www.youtube.com/watch?v=lT3vGaOLWqE&lc=UgxE8NuGw2yXBAx-_GZ4AaABAg,5/2/2022 1:08,0,I trust this guy with my life if he hasn\'t died after all that,http://www.youtube.com/@stevethea5250
1487,@stogieyogi9373,"He shouldn\'t be pretending he can be silly or funny with this... A lot of his videos set a really poor example for respecting electrical safety, but this only further gives a terribly mistaken impression, especially to novices that silly mistakes are OK, even around deadly voltages. I can\'t help but worry about all the kids or curious people who try to copy him and end up mutilating or even killing themselves - we just don\'t ever find out about them while this guy keeps pretending to be silly with deadly voltages and circuits... he should at the very least give much more serious and grave warnings about what cam happen.",UgygPBtd-zAhZzTbTU54AaABAg,,0,https://www.youtube.com/watch?v=lT3vGaOLWqE&lc=UgygPBtd-zAhZzTbTU54AaABAg,5/1/2022 16:10,1,"He shouldn\'t be pretending he can be silly or funny with this... A lot of his videos set a really poor example for respecting electrical safety, but this only further gives a terribly mistaken impression, especially to novices that silly mistakes are OK, even around deadly voltages. I can\'t help but worry about all the kids or curious people who try to copy him and end up mutilating or even killing themselves - we just don\'t ever find out about them while this guy keeps pretending to be silly with deadly voltages and circuits... he should at the very least give much more serious and grave warnings about what cam happen.",http://www.youtube.com/@stogieyogi9373
1488,@NoovGuyMC,"He knows what is he doing, and many perceive him as trying to teach through by doing the actual stuff, and he does have a verbal warning to not do it lol",UgygPBtd-zAhZzTbTU54AaABAg.9aVK-qOgTnP9aglwB902XW,@stogieyogi9373,0,https://www.youtube.com/watch?v=lT3vGaOLWqE&lc=UgygPBtd-zAhZzTbTU54AaABAg.9aVK-qOgTnP9aglwB902XW,5/6/2022 12:14,0,"He knows what is he doing, and many perceive him as trying to teach through by doing the actual stuff, and he does have a verbal warning to not do it lol",http://www.youtube.com/@NoovGuyMC
1489,@brandonobaza8610,6:44 ???,Ugzevr6EdcUJ_qRaWkh4AaABAg,,0,https://www.youtube.com/watch?v=lT3vGaOLWqE&lc=Ugzevr6EdcUJ_qRaWkh4AaABAg,5/1/2022 11:11,0,6:44 ???,http://www.youtube.com/@brandonobaza8610
1490,@tahustvedt,I was terrified for you the entire video. You\'re great. Be careful. Get an acrylic screen.,Ugw7LawieKkCZG9wAeV4AaABAg,,0,https://www.youtube.com/watch?v=lT3vGaOLWqE&lc=Ugw7LawieKkCZG9wAeV4AaABAg,5/1/2022 9:03,0,I was terrified for you the entire video. You\'re great. Be careful. Get an acrylic screen.,http://www.youtube.com/@tahustvedt
1491,@Prince-Abdalla,What‚??s wrong bro this ain‚??t funny at all ?§¶‚?ç‚??Ô∏è,Ugzs7cEtYY8N47SUfFx4AaABAg,,0,https://www.youtube.com/watch?v=lT3vGaOLWqE&lc=Ugzs7cEtYY8N47SUfFx4AaABAg,5/1/2022 8:02,0,What‚??s wrong bro this ain‚??t funny at all ?§¶‚?ç‚??Ô∏è,http://www.youtube.com/@Prince-Abdalla
1492,@Hendrik6,Awesome ?§©,Ugw77gxMD5vuKi38uKN4AaABAg,,0,https://www.youtube.com/watch?v=lT3vGaOLWqE&lc=Ugw77gxMD5vuKi38uKN4AaABAg,4/30/2022 18:42,0,Awesome ?§©,http://www.youtube.com/@Hendrik6
1493,@GlidyBun,He almost kills himself like 5 times in this video,UgznIoNG1Odk2cBDkrJ4AaABAg,,0,https://www.youtube.com/watch?v=lT3vGaOLWqE&lc=UgznIoNG1Odk2cBDkrJ4AaABAg,4/30/2022 17:28,0,He almost kills himself like 5 times in this video,http://www.youtube.com/@GlidyBun
1494,@Nyxiality,Language... gibberish,UgzHwI4PgsllGBUKTYx4AaABAg,,0,https://www.youtube.com/watch?v=lT3vGaOLWqE&lc=UgzHwI4PgsllGBUKTYx4AaABAg,4/30/2022 11:23,0,Language... gibberish,http://www.youtube.com/@Nyxiality
1495,@HW_Printing,Is it too late to enter the giveaway?,UgzEW_k5FV8R-n-UpKt4AaABAg,,0,https://www.youtube.com/watch?v=lT3vGaOLWqE&lc=UgzEW_k5FV8R-n-UpKt4AaABAg,4/29/2022 8:49,0,Is it too late to enter the giveaway?,http://www.youtube.com/@HW_Printing
1496,@zackcarllacap9928,this guy is immune to electricity,UgxBkin0joG8PHqZuWh4AaABAg,,0,https://www.youtube.com/watch?v=lT3vGaOLWqE&lc=UgxBkin0joG8PHqZuWh4AaABAg,4/29/2022 6:01,0,this guy is immune to electricity,http://www.youtube.com/@zackcarllacap9928
1497,@roysrigampala2278,Excellent man.,Ugwfauf1NDWLIW7UuKF4AaABAg,,0,https://www.youtube.com/watch?v=lT3vGaOLWqE&lc=Ugwfauf1NDWLIW7UuKF4AaABAg,4/29/2022 3:57,0,Excellent man.,http://www.youtube.com/@roysrigampala2278
1498,@tylerlovesmusics,7:48 when you cast a spell in a cartoon,Ugyra87Ca-kMrPCiKxN4AaABAg,,0,https://www.youtube.com/watch?v=lT3vGaOLWqE&lc=Ugyra87Ca-kMrPCiKxN4AaABAg,4/28/2022 7:26,0,7:48 when you cast a spell in a cartoon,http://www.youtube.com/@tylerlovesmusics
1499,@user-ir5vi2dc3b,OMG THIS IS THE FRST TIME SEE HIM Laugh,UgzkSvIWOE0Sr9i9ow54AaABAg,,0,https://www.youtube.com/watch?v=lT3vGaOLWqE&lc=UgzkSvIWOE0Sr9i9ow54AaABAg,4/26/2022 18:03,0,OMG THIS IS THE FRST TIME SEE HIM Laugh,http://www.youtube.com/@user-ir5vi2dc3b
1500,@yuetinwoo900,You have already enough sparks to celebrate throughout these years.,Ugz_8C5e0suvGXTnA3J4AaABAg,,1,https://www.youtube.com/watch?v=lT3vGaOLWqE&lc=Ugz_8C5e0suvGXTnA3J4AaABAg,4/26/2022 5:10,0,You have already enough sparks to celebrate throughout these years.,http://www.youtube.com/@yuetinwoo900
1501,@ngk_Hamzah,0.333333333,UgyxIEUb9-wR4mXEogx4AaABAg,,0,https://www.youtube.com/watch?v=lT3vGaOLWqE&lc=UgyxIEUb9-wR4mXEogx4AaABAg,4/26/2022 4:08,0,0.333333333,http://www.youtube.com/@ngk_Hamzah
1502,@ngk_Hamzah,"7:60 itu beneran kecelakaan,untung ada proteksi",UgzCFNORdOGuGYO2EBR4AaABAg,,0,https://www.youtube.com/watch?v=lT3vGaOLWqE&lc=UgzCFNORdOGuGYO2EBR4AaABAg,4/26/2022 4:08,0,"7:60 itu beneran kecelakaan,untung ada proteksi",http://www.youtube.com/@ngk_Hamzah
1503,@leosthrivwithautism,"He celebrated one, than 2, 3, 4, and recently 5 million. I celebrated 50‚?¶ no not thousand or millions just 50 ???.",Ugy8_4LuMwKhP8DXduR4AaABAg,,0,https://www.youtube.com/watch?v=lT3vGaOLWqE&lc=Ugy8_4LuMwKhP8DXduR4AaABAg,4/25/2022 19:34,0,"He celebrated one, than 2, 3, 4, and recently 5 million. I celebrated 50‚?¶ no not thousand or millions just 50 ???.",http://www.youtube.com/@leosthrivwithautism
1504,@Honjoi,5:23 5:50 6:30 6:45 {6:48} 7:16 7:28 8:00 8:24 8:30 9:40,UgypTdzoCJSaPADmOFR4AaABAg,,4,https://www.youtube.com/watch?v=lT3vGaOLWqE&lc=UgypTdzoCJSaPADmOFR4AaABAg,4/25/2022 18:19,0,5:23 5:50 6:30 6:45 {6:48} 7:16 7:28 8:00 8:24 8:30 9:40,http://www.youtube.com/@Honjoi
1505,@adsan7787,"you are the perfect example of ""do as I say, not as I do""",UgxP96og4m_1GRV96y54AaABAg,,0,https://www.youtube.com/watch?v=lT3vGaOLWqE&lc=UgxP96og4m_1GRV96y54AaABAg,4/25/2022 17:14,0,"you are the perfect example of ""do as I say, not as I do""",http://www.youtube.com/@adsan7787
1506,@QARIB_JEWELRY,ÿπÿßŸ?€? ÿ®Ÿ?ÿØ. ÿß⁄ØŸ? Ÿ?Ÿ?⁄©Ÿ?Ÿ? ÿ≤€?ÿ± Ÿ?Ÿ?€?ÿ≥ ŸÅÿßÿ±ÿ≥€? ÿ±Ÿ? Ÿ?Ÿ? ÿßÿ∂ÿßŸÅŸ? ⁄©Ÿ?€?ÿØ.,UgybX4rPen2JzzqHJL94AaABAg,,0,https://www.youtube.com/watch?v=lT3vGaOLWqE&lc=UgybX4rPen2JzzqHJL94AaABAg,4/25/2022 13:22,0,ÿπÿßŸ?€? ÿ®Ÿ?ÿØ. ÿß⁄ØŸ? Ÿ?Ÿ?⁄©Ÿ?Ÿ? ÿ≤€?ÿ± Ÿ?Ÿ?€?ÿ≥ ŸÅÿßÿ±ÿ≥€? ÿ±Ÿ? Ÿ?Ÿ? ÿßÿ∂ÿßŸÅŸ? ⁄©Ÿ?€?ÿØ.,http://www.youtube.com/@QARIB_JEWELRY
1507,@insomniac_acee,This man will become electro from spiderman because of how many times he got zapped,UgxpxZgoDv0JC2EClep4AaABAg,,0,https://www.youtube.com/watch?v=lT3vGaOLWqE&lc=UgxpxZgoDv0JC2EClep4AaABAg,4/25/2022 6:28,0,This man will become electro from spiderman because of how many times he got zapped,http://www.youtube.com/@insomniac_acee
1508,@alandoak5146,"For anybody listening, don\'t be an idiot like I was in college, and use a big Dr Frankenstein style knifeblade switch on the secondary. When you open the switch (perhaps because the arc is stuck, melting your wires, and you\'re panicked), it\'ll just arc across the switch, which is in your hand.",UgyiDBB-UIuk5fPp5gB4AaABAg,,0,https://www.youtube.com/watch?v=lT3vGaOLWqE&lc=UgyiDBB-UIuk5fPp5gB4AaABAg,4/24/2022 22:52,0,"For anybody listening, don\'t be an idiot like I was in college, and use a big Dr Frankenstein style knifeblade switch on the secondary. When you open the switch (perhaps because the arc is stuck, melting your wires, and you\'re panicked), it\'ll just arc across the switch, which is in your hand.",http://www.youtube.com/@alandoak5146
1509,@jacknevilson7690,the indonesian subtitle is hilarious ?§£?§£ jan*ok is added ?§£?§£,Ugy6aZJ4X4KG4mUZjxx4AaABAg,,0,https://www.youtube.com/watch?v=lT3vGaOLWqE&lc=Ugy6aZJ4X4KG4mUZjxx4AaABAg,4/24/2022 16:58,0,the indonesian subtitle is hilarious ?§£?§£ jan*ok is added ?§£?§£,http://www.youtube.com/@jacknevilson7690
1510,@sedatbahadr3979,"we love you, you are a great master",UgxnJl6aH8yWfctneSN4AaABAg,,0,https://www.youtube.com/watch?v=lT3vGaOLWqE&lc=UgxnJl6aH8yWfctneSN4AaABAg,4/24/2022 1:24,0,"we love you, you are a great master",http://www.youtube.com/@sedatbahadr3979
1511,@franzbraun2068,"Nice video! But I still have a question that bothers me for quit some time: I have a transformer that transforms 230V to 10kV and 20mA on the secondary side. My question is this: If I increase the series resistance an the secondary, lets say by using protection gloves, so that I have a maximum current of 0,5mA, is it safe to touch both ends of the secondary sides, although there is high voltage? Do I have to be concerned about arc flashes, although the current is too low to get an electric shock? Thanks man Franz",UgxeqWi3eb2bJMfqmLt4AaABAg,,0,https://www.youtube.com/watch?v=lT3vGaOLWqE&lc=UgxeqWi3eb2bJMfqmLt4AaABAg,4/23/2022 9:43,0,"Nice video! But I still have a question that bothers me for quit some time: I have a transformer that transforms 230V to 10kV and 20mA on the secondary side. My question is this: If I increase the series resistance an the secondary, lets say by using protection gloves, so that I have a maximum current of 0,5mA, is it safe to touch both ends of the secondary sides, although there is high voltage? Do I have to be concerned about arc flashes, although the current is too low to get an electric shock? Thanks man Franz",http://www.youtube.com/@franzbraun2068
1512,@PUBGMOBILEYANGILAR,‚?†Ô∏è‚?†Ô∏è‚?†Ô∏è‚?†Ô∏è,UgwQcT6V9nEHCgpX3Tp4AaABAg,,0,https://www.youtube.com/watch?v=lT3vGaOLWqE&lc=UgwQcT6V9nEHCgpX3Tp4AaABAg,4/22/2022 17:52,0,‚?†Ô∏è‚?†Ô∏è‚?†Ô∏è‚?†Ô∏è,http://www.youtube.com/@PUBGMOBILEYANGILAR
1513,@bigman2410,"Bro, youre at 5.09M what are you on about? ???",UgxREiUNvB2i_7WHCHt4AaABAg,,1,https://www.youtube.com/watch?v=lT3vGaOLWqE&lc=UgxREiUNvB2i_7WHCHt4AaABAg,4/22/2022 17:36,1,"Bro, youre at 5.09M what are you on about? ???",http://www.youtube.com/@bigman2410
1514,@HAZARDOUS88,Do you not how time works?,UgxREiUNvB2i_7WHCHt4AaABAg.9a8Ic783Zld9aPDxc5M0GC,@bigman2410,1,https://www.youtube.com/watch?v=lT3vGaOLWqE&lc=UgxREiUNvB2i_7WHCHt4AaABAg.9a8Ic783Zld9aPDxc5M0GC,4/29/2022 7:22,0,Do you not how time works?,http://www.youtube.com/@HAZARDOUS88
1515,@factstar2477,3:51 No mehdi the problem is that is is *made in China ??®??≥* ????§£,UgyMBOy4-agUoAipKU94AaABAg,,1,https://www.youtube.com/watch?v=lT3vGaOLWqE&lc=UgyMBOy4-agUoAipKU94AaABAg,4/22/2022 8:46,0,3:51 No mehdi the problem is that is is *made in China ??®??≥* ????§£,http://www.youtube.com/@factstar2477
1516,@umnasoori597,7:58,UgyvJyhBiKAcMFrTf7x4AaABAg,,1,https://www.youtube.com/watch?v=lT3vGaOLWqE&lc=UgyvJyhBiKAcMFrTf7x4AaABAg,4/21/2022 23:22,0,7:58,http://www.youtube.com/@umnasoori597
1517,@imnewtothistuff,It\'s called "Jacobs Ladder" because in the Bible Jacob saw angles going up and down from heaven to earth bringing answer to prayer.,UgwKTy6r8MqOYN_3CUF4AaABAg,,0,https://www.youtube.com/watch?v=lT3vGaOLWqE&lc=UgwKTy6r8MqOYN_3CUF4AaABAg,4/21/2022 11:50,0,It\'s called "Jacobs Ladder" because in the Bible Jacob saw angles going up and down from heaven to earth bringing answer to prayer.,http://www.youtube.com/@imnewtothistuff
1518,@grenzviel4480,"eye protection if you expect anything to blow up, jesus",UgypbDGw33PDwodgFVt4AaABAg,,1,https://www.youtube.com/watch?v=lT3vGaOLWqE&lc=UgypbDGw33PDwodgFVt4AaABAg,4/21/2022 7:45,0,"eye protection if you expect anything to blow up, jesus",http://www.youtube.com/@grenzviel4480
1519,@SimonBauer7,this was the moment mehdi almost died.,UgzNAERmlMZ3jW1SGxZ4AaABAg,,0,https://www.youtube.com/watch?v=lT3vGaOLWqE&lc=UgzNAERmlMZ3jW1SGxZ4AaABAg,4/20/2022 8:03,0,this was the moment mehdi almost died.,http://www.youtube.com/@SimonBauer7
1520,@shbs0819,I understand the meaning of being unable to watch something while also being unable to look away.,Ugw-9dXZNyZnEbxY0dx4AaABAg,,0,https://www.youtube.com/watch?v=lT3vGaOLWqE&lc=Ugw-9dXZNyZnEbxY0dx4AaABAg,4/19/2022 21:45,0,I understand the meaning of being unable to watch something while also being unable to look away.,http://www.youtube.com/@shbs0819
1521,@dvdbeatz,"LOLZ MY BUM HAS A UNIBROW FAMILY, I NEED THAT 3D PRINTER. I CAN DO SOOOO MUCH WITH IT. SUCH AS MAKE BABY UNIBROWS. LOLZ LOLZZ ???.",Ugy_ZKyHY1MZUT16aux4AaABAg,,0,https://www.youtube.com/watch?v=lT3vGaOLWqE&lc=Ugy_ZKyHY1MZUT16aux4AaABAg,4/19/2022 10:51,0,"LOLZ MY BUM HAS A UNIBROW FAMILY, I NEED THAT 3D PRINTER. I CAN DO SOOOO MUCH WITH IT. SUCH AS MAKE BABY UNIBROWS. LOLZ LOLZZ ???.",http://www.youtube.com/@dvdbeatz
1522,@Jackson_tsai,dont touch.,UgzE0p8C6pVIKwtzOp54AaABAg,,0,https://www.youtube.com/watch?v=lT3vGaOLWqE&lc=UgzE0p8C6pVIKwtzOp54AaABAg,4/18/2022 12:07,1,dont touch.,http://www.youtube.com/@Jackson_tsai
1523,@hotscore9896,Don\'t tell ù?©ù?™ù?Æ what to do.,UgzE0p8C6pVIKwtzOp54AaABAg.9_yPrXa8M649_ybKqbKztS,@Jackson_tsai,0,https://www.youtube.com/watch?v=lT3vGaOLWqE&lc=UgzE0p8C6pVIKwtzOp54AaABAg.9_yPrXa8M649_ybKqbKztS,4/18/2022 13:56,0,Don\'t tell ù?©ù?™ù?Æ what to do.,http://www.youtube.com/@hotscore9896
1524,@johnweiss6335,"Almost 5 years since I first saw this video and I\'m still horrified about how close he was to getting fried. The slo-mo shows how his first impulse is to catch the ladder, then a split second later he realizes what that would mean and tries to get away. It\'s good to see you\'re still around after all this time, Mehdi, keep rocking!",Ugxk9yREXHmUG65vtzl4AaABAg,,254,https://www.youtube.com/watch?v=lT3vGaOLWqE&lc=Ugxk9yREXHmUG65vtzl4AaABAg,4/18/2022 7:11,3,"Almost 5 years since I first saw this video and I\'m still horrified about how close he was to getting fried. The slo-mo shows how his first impulse is to catch the ladder, then a split second later he realizes what that would mean and tries to get away. It\'s good to see you\'re still around after all this time, Mehdi, keep rocking!",http://www.youtube.com/@johnweiss6335
1525,@fensrg,"—è –Ω–∏ –Ω–∞ —?—?–æ –Ω–µ –Ω–∞–º–µ–∫–∞—?, –Ω–æ –Ω–µ—Å–∫–æ–ª—?–∫–æ —Å–∫–ª–µ–µ–∫ –Ω–∞–º–µ–∫–∞—?—? –º–Ω–µ, –Ω–∞ —?–æ —?—?–æ –ª–µ—Å—?–Ω–∏—?—? –æ–Ω —Å—?–≤–∞—?–∏–ª —?–∂–µ —?–æ–≥–¥–∞ –∫–æ–≥–¥–∞ –æ–Ω–∞ –±—?–ª–∞ –æ—?–∫–ª—?—?–µ–Ω–∞...",Ugxk9yREXHmUG65vtzl4AaABAg.9_xt0Hkw6jU9nSD2Aapx69,@johnweiss6335,0,https://www.youtube.com/watch?v=lT3vGaOLWqE&lc=Ugxk9yREXHmUG65vtzl4AaABAg.9_xt0Hkw6jU9nSD2Aapx69,3/19/2023 14:00,0,"—è –Ω–∏ –Ω–∞ —?—?–æ –Ω–µ –Ω–∞–º–µ–∫–∞—?, –Ω–æ –Ω–µ—Å–∫–æ–ª—?–∫–æ —Å–∫–ª–µ–µ–∫ –Ω–∞–º–µ–∫–∞—?—? –º–Ω–µ, –Ω–∞ —?–æ —?—?–æ –ª–µ—Å—?–Ω–∏—?—? –æ–Ω —Å—?–≤–∞—?–∏–ª —?–∂–µ —?–æ–≥–¥–∞ –∫–æ–≥–¥–∞ –æ–Ω–∞ –±—?–ª–∞ –æ—?–∫–ª—?—?–µ–Ω–∞...",http://www.youtube.com/@fensrg
1526,@danek_hren,"@@fensrg –Ω–µ—?, –Ω–∏—?—?–µ–Ω–∞. –?–Ω –º–æ–≥ —?–µ–∞–ª—?–Ω–æ —?–º–µ—?–µ—?—?.",Ugxk9yREXHmUG65vtzl4AaABAg.9_xt0Hkw6jU9t9sYgVPQQa,@johnweiss6335,3,https://www.youtube.com/watch?v=lT3vGaOLWqE&lc=Ugxk9yREXHmUG65vtzl4AaABAg.9_xt0Hkw6jU9t9sYgVPQQa,8/8/2023 14:14,0,"@@fensrg –Ω–µ—?, –Ω–∏—?—?–µ–Ω–∞. –?–Ω –º–æ–≥ —?–µ–∞–ª—?–Ω–æ —?–º–µ—?–µ—?—?.",http://www.youtube.com/@danek_hren
1527,@fensrg,"@@danek_hren –≤—? –¥–µ–π—Å—?–≤–∏—?–µ–ª—?–Ω–æ –≤–µ—?–∏—?–µ –≤ –µ–≥–æ —?–µ–Ω–æ–º–µ–Ω–∞–ª—?–Ω—?—? –≤–µ–∑—?—?–µ—Å—?—?? —è –∑–∞ —Å–≤–æ—? –Ω–µ –¥–æ–ª–≥—?—? –∂–∏–∑–Ω—? 40–ª–µ—? –≤–∏–¥–µ–ª –æ—?–µ–Ω—? –≤–µ–∑—?—?–∏—? –∫–æ—?–æ—?—?–µ –ø–∞–ª—?—?–∞–º–∏ 220–≤ –ø—?–æ–≤–µ—?—è–ª–∏ –∏ –∏–º —?–æ—?—? –±—? —?—?–æ... –Ω–æ –≤—Å–µ —?–∂–µ –¥–≤—?—?—Å–æ—?—?–µ... –ù–µ –±—?–≤–∞–µ—? –Ω–∞—Å—?–æ–ª—?–∫–æ –≤–µ–∑—?—?–∏—?, —ç—?–æ –ø—?–æ—Å—?–æ —?–æ—?–æ—?–∏–π —?—?–æ–ª–ª–∏–Ω–≥...",Ugxk9yREXHmUG65vtzl4AaABAg.9_xt0Hkw6jU9tA0J8p0C0r,@johnweiss6335,0,https://www.youtube.com/watch?v=lT3vGaOLWqE&lc=Ugxk9yREXHmUG65vtzl4AaABAg.9_xt0Hkw6jU9tA0J8p0C0r,8/8/2023 15:31,0,"@@danek_hren –≤—? –¥–µ–π—Å—?–≤–∏—?–µ–ª—?–Ω–æ –≤–µ—?–∏—?–µ –≤ –µ–≥–æ —?–µ–Ω–æ–º–µ–Ω–∞–ª—?–Ω—?—? –≤–µ–∑—?—?–µ—Å—?—?? —è –∑–∞ —Å–≤–æ—? –Ω–µ –¥–æ–ª–≥—?—? –∂–∏–∑–Ω—? 40–ª–µ—? –≤–∏–¥–µ–ª –æ—?–µ–Ω—? –≤–µ–∑—?—?–∏—? –∫–æ—?–æ—?—?–µ –ø–∞–ª—?—?–∞–º–∏ 220–≤ –ø—?–æ–≤–µ—?—è–ª–∏ –∏ –∏–º —?–æ—?—? –±—? —?—?–æ... –Ω–æ –≤—Å–µ —?–∂–µ –¥–≤—?—?—Å–æ—?—?–µ... –ù–µ –±—?–≤–∞–µ—? –Ω–∞—Å—?–æ–ª—?–∫–æ –≤–µ–∑—?—?–∏—?, —ç—?–æ –ø—?–æ—Å—?–æ —?–æ—?–æ—?–∏–π —?—?–æ–ª–ª–∏–Ω–≥...",http://www.youtube.com/@fensrg
1528,@oriontherealironman,"I\'m watching 4 years later and 4 million subscribers later. Well done Mehdi, well done ??ç",UgyJ-U0nTzK6mrZghZp4AaABAg,,3,https://www.youtube.com/watch?v=lT3vGaOLWqE&lc=UgyJ-U0nTzK6mrZghZp4AaABAg,4/17/2022 22:26,0,"I\'m watching 4 years later and 4 million subscribers later. Well done Mehdi, well done ??ç",http://www.youtube.com/@oriontherealironman
1529,@joshbrz8902,I thought u were going to die when you grabbed that,UgzZvq_i8TRZRtFg0Oh4AaABAg,,0,https://www.youtube.com/watch?v=lT3vGaOLWqE&lc=UgzZvq_i8TRZRtFg0Oh4AaABAg,4/17/2022 20:46,0,I thought u were going to die when you grabbed that,http://www.youtube.com/@joshbrz8902
1530,@bloodstone1032,Aku baru lihat ini chanel... Dan orangnya cukup extrim.. Kurasa otaknya ada sedikit konslet.. Rasa takut untuk listrik nya di otak konslet,Ugzj1Vi5LRQxe8WWt194AaABAg,,0,https://www.youtube.com/watch?v=lT3vGaOLWqE&lc=Ugzj1Vi5LRQxe8WWt194AaABAg,4/17/2022 8:57,0,Aku baru lihat ini chanel... Dan orangnya cukup extrim.. Kurasa otaknya ada sedikit konslet.. Rasa takut untuk listrik nya di otak konslet,http://www.youtube.com/@bloodstone1032
1531,@leelwickramasingha8510,God is saving him,Ugy1hzKvfkhm1n_Sqcl4AaABAg,,0,https://www.youtube.com/watch?v=lT3vGaOLWqE&lc=Ugy1hzKvfkhm1n_Sqcl4AaABAg,4/17/2022 3:19,0,God is saving him,http://www.youtube.com/@leelwickramasingha8510
1532,@RexR256,Shocking,Ugzrip89FAZfZ89LQv94AaABAg,,0,https://www.youtube.com/watch?v=lT3vGaOLWqE&lc=Ugzrip89FAZfZ89LQv94AaABAg,4/16/2022 11:40,0,Shocking,http://www.youtube.com/@RexR256
1533,@Dieechtekokosnuss,._.,UgxaSyrEKltEUJ6i3ep4AaABAg,,0,https://www.youtube.com/watch?v=lT3vGaOLWqE&lc=UgxaSyrEKltEUJ6i3ep4AaABAg,4/16/2022 11:25,0,._.,http://www.youtube.com/@Dieechtekokosnuss
1534,@necolebao8975,The ¬∞_¬∞ guy in tiktok,UgwIJRxyDw0qdrTCRel4AaABAg,,0,https://www.youtube.com/watch?v=lT3vGaOLWqE&lc=UgwIJRxyDw0qdrTCRel4AaABAg,4/16/2022 8:54,0,The ¬∞_¬∞ guy in tiktok,http://www.youtube.com/@necolebao8975
1535,@sw7871,This guy iz fantastic...@ there ALWAYS 1 CRETIN who comments about safety etc...???,Ugw2mcERAhClZzpBuBt4AaABAg,,0,https://www.youtube.com/watch?v=lT3vGaOLWqE&lc=Ugw2mcERAhClZzpBuBt4AaABAg,4/15/2022 14:22,0,This guy iz fantastic...@ there ALWAYS 1 CRETIN who comments about safety etc...???,http://www.youtube.com/@sw7871
1536,@MiggyGaming01,He said go back in time,Ugw4XvfY4BhyI2PKYYl4AaABAg,,0,https://www.youtube.com/watch?v=lT3vGaOLWqE&lc=Ugw4XvfY4BhyI2PKYYl4AaABAg,4/15/2022 11:11,0,He said go back in time,http://www.youtube.com/@MiggyGaming01
1537,@hunterevans7622,I hate it when I have educated cobras around my neck,Ugx8SS5_QKrD28_FUOh4AaABAg,,0,https://www.youtube.com/watch?v=lT3vGaOLWqE&lc=Ugx8SS5_QKrD28_FUOh4AaABAg,4/14/2022 22:27,0,I hate it when I have educated cobras around my neck,http://www.youtube.com/@hunterevans7622
1538,@ferencbartusa,???????§£,UgwP6TdKQZ1otvA1gnh4AaABAg,,0,https://www.youtube.com/watch?v=lT3vGaOLWqE&lc=UgwP6TdKQZ1otvA1gnh4AaABAg,4/14/2022 18:37,0,???????§£,http://www.youtube.com/@ferencbartusa
1539,@fredericdhiet6393,Mehdi: DON\'T TRY THIS AT HOME Me: Ok imma do it at a hotel then,UgzT_mfaL_2DaSHvmQN4AaABAg,,0,https://www.youtube.com/watch?v=lT3vGaOLWqE&lc=UgzT_mfaL_2DaSHvmQN4AaABAg,4/14/2022 16:00,0,Mehdi: DON\'T TRY THIS AT HOME Me: Ok imma do it at a hotel then,http://www.youtube.com/@fredericdhiet6393
1540,@Madrid_fan7000,I‚??m ga now,Ugx22g0FLZgZPBIXXEt4AaABAg,,0,https://www.youtube.com/watch?v=lT3vGaOLWqE&lc=Ugx22g0FLZgZPBIXXEt4AaABAg,4/13/2022 17:19,0,I‚??m ga now,http://www.youtube.com/@Madrid_fan7000
1541,@jaysanjaypatil3350,8:00 ??±,UgzqqKSAAfSeRXFQiJR4AaABAg,,0,https://www.youtube.com/watch?v=lT3vGaOLWqE&lc=UgzqqKSAAfSeRXFQiJR4AaABAg,4/13/2022 10:44,0,8:00 ??±,http://www.youtube.com/@jaysanjaypatil3350
1542,@felixgames516,This was 4 years ago. I still remember the day it came out. Damn. He had come such a long way. Happy 5M subscribers,UgxfVeoOiHaCuyv0CVV4AaABAg,,18,https://www.youtube.com/watch?v=lT3vGaOLWqE&lc=UgxfVeoOiHaCuyv0CVV4AaABAg,4/12/2022 16:49,0,This was 4 years ago. I still remember the day it came out. Damn. He had come such a long way. Happy 5M subscribers,http://www.youtube.com/@felixgames516
1543,@reshonart5934,Some of your other videos are fake that means your not hurting your self real but this shock is real because your scared a lot you can\'t even talk propaly that time,UgzqcN3Uv3WNq59lTQh4AaABAg,,0,https://www.youtube.com/watch?v=lT3vGaOLWqE&lc=UgzqcN3Uv3WNq59lTQh4AaABAg,4/12/2022 14:10,0,Some of your other videos are fake that means your not hurting your self real but this shock is real because your scared a lot you can\'t even talk propaly that time,http://www.youtube.com/@reshonart5934
1544,@MrHoliday2usir,He\'s the movie powder,Ugz8TbRnVyUMLMRNEWN4AaABAg,,0,https://www.youtube.com/watch?v=lT3vGaOLWqE&lc=Ugz8TbRnVyUMLMRNEWN4AaABAg,4/11/2022 20:25,0,He\'s the movie powder,http://www.youtube.com/@MrHoliday2usir
1545,@plazamayorcompanyltd,https://youtu.be/i438HZEBH9M,Ugx6JQRaKhHdsexqU7F4AaABAg,,0,https://www.youtube.com/watch?v=lT3vGaOLWqE&lc=Ugx6JQRaKhHdsexqU7F4AaABAg,4/10/2022 20:35,0,https://youtu.be/i438HZEBH9M,http://www.youtube.com/@plazamayorcompanyltd
1546,@angeldark756,?§£?§£?§£?§£?§£?§£?§£?§£,UgwF134I52dTrMGIlfd4AaABAg,,0,https://www.youtube.com/watch?v=lT3vGaOLWqE&lc=UgwF134I52dTrMGIlfd4AaABAg,4/10/2022 16:55,0,?§£?§£?§£?§£?§£?§£?§£?§£,http://www.youtube.com/@angeldark756
1547,@danielcos1188,Electrobooms famous quote "why bad things happen to good people" well thats because hes both an idiot and a genius,UgxQ_LG9910izy-nWbN4AaABAg,,0,https://www.youtube.com/watch?v=lT3vGaOLWqE&lc=UgxQ_LG9910izy-nWbN4AaABAg,4/10/2022 15:01,0,Electrobooms famous quote "why bad things happen to good people" well thats because hes both an idiot and a genius,http://www.youtube.com/@danielcos1188
1548,@joyboy_-id5yp,Dude is bout to be thor soon???,UgyHrvbFD-zjvvl3k6V4AaABAg,,0,https://www.youtube.com/watch?v=lT3vGaOLWqE&lc=UgyHrvbFD-zjvvl3k6V4AaABAg,4/10/2022 11:01,0,Dude is bout to be thor soon???,http://www.youtube.com/@joyboy_-id5yp
1549,@user-sb6cn5dh7s,It\'s a miracle that you\'re still alive,UgwV2bohg-1i63zfzut4AaABAg,,0,https://www.youtube.com/watch?v=lT3vGaOLWqE&lc=UgwV2bohg-1i63zfzut4AaABAg,4/10/2022 1:30,0,It\'s a miracle that you\'re still alive,http://www.youtube.com/@user-sb6cn5dh7s
1550,@user-pi1cc2fx4k,8:00 . Ooommyyyy gaaad,UgxJHo-6mpCSeWCQnlV4AaABAg,,0,https://www.youtube.com/watch?v=lT3vGaOLWqE&lc=UgxJHo-6mpCSeWCQnlV4AaABAg,4/9/2022 15:16,0,8:00 . Ooommyyyy gaaad,http://www.youtube.com/@user-pi1cc2fx4k
1551,@aadityamittal3588,I love it.,Ugyl_h4p_h6dMAptG2J4AaABAg,,0,https://www.youtube.com/watch?v=lT3vGaOLWqE&lc=Ugyl_h4p_h6dMAptG2J4AaABAg,4/9/2022 7:16,0,I love it.,http://www.youtube.com/@aadityamittal3588
1552,@C.A.D.E.22,"The moment the ladder fell on him. lol. Dude, I\'ve worked with high voltage and it\'s a miracle you are still alive.",UgyNtXRkWoCvP9JTs5d4AaABAg,,1,https://www.youtube.com/watch?v=lT3vGaOLWqE&lc=UgyNtXRkWoCvP9JTs5d4AaABAg,4/8/2022 23:56,0,"The moment the ladder fell on him. lol. Dude, I\'ve worked with high voltage and it\'s a miracle you are still alive.",http://www.youtube.com/@C.A.D.E.22
1553,@vikingnusantara,This guy is suitable to be a villain in spiderman,UgwMJiz1fuPvAqLbyWN4AaABAg,,0,https://www.youtube.com/watch?v=lT3vGaOLWqE&lc=UgwMJiz1fuPvAqLbyWN4AaABAg,4/8/2022 4:58,0,This guy is suitable to be a villain in spiderman,http://www.youtube.com/@vikingnusantara
1554,@alikream_deaf_allah___zm-tw6ll,"Sweet, confirm the request, you haha, you nurture",UgyRasXNWWoHzDIRdAl4AaABAg,,0,https://www.youtube.com/watch?v=lT3vGaOLWqE&lc=UgyRasXNWWoHzDIRdAl4AaABAg,4/7/2022 19:32,0,"Sweet, confirm the request, you haha, you nurture",http://www.youtube.com/@alikream_deaf_allah___zm-tw6ll
1555,@AllanYacaman,7:59 whoa,Ugweg4RyygNZA9JQTid4AaABAg,,0,https://www.youtube.com/watch?v=lT3vGaOLWqE&lc=Ugweg4RyygNZA9JQTid4AaABAg,4/6/2022 19:21,0,7:59 whoa,http://www.youtube.com/@AllanYacaman
1556,@hadishgk5216,ÿ¥Ÿ?ÿß ÿß€?ÿ±ÿßŸ?€? Ÿ?ÿ≥ÿ™€?ÿØ,UgwUvdRvXNJtpJXYN6R4AaABAg,,0,https://www.youtube.com/watch?v=lT3vGaOLWqE&lc=UgwUvdRvXNJtpJXYN6R4AaABAg,4/6/2022 13:20,1,ÿ¥Ÿ?ÿß ÿß€?ÿ±ÿßŸ?€? Ÿ?ÿ≥ÿ™€?ÿØ,http://www.youtube.com/@hadishgk5216
1557,@mmdrezakh,ÿ¢ÿ±Ÿ?,UgwUvdRvXNJtpJXYN6R4AaABAg.9_Udeb0croC9_hrjWlxaM9,@hadishgk5216,0,https://www.youtube.com/watch?v=lT3vGaOLWqE&lc=UgwUvdRvXNJtpJXYN6R4AaABAg.9_Udeb0croC9_hrjWlxaM9,4/12/2022 1:52,0,ÿ¢ÿ±Ÿ?,http://www.youtube.com/@mmdrezakh
1558,@Dussel_Roblox,I Have This In Physic Excercice,UgwZ0OEIH2-7snJ4PQt4AaABAg,,0,https://www.youtube.com/watch?v=lT3vGaOLWqE&lc=UgwZ0OEIH2-7snJ4PQt4AaABAg,4/5/2022 16:00,0,I Have This In Physic Excercice,http://www.youtube.com/@Dussel_Roblox
1559,@morganpolla1158,"Ha ha ha ha ha, you\'re so crazy @ElectroBOOM and I understand you ! Thank you for all your videos, I\'ll do the same. No worries, I\'m elecctrical engineer too. ;-)",UgzLlz3DPqVbcyaHFcd4AaABAg,,0,https://www.youtube.com/watch?v=lT3vGaOLWqE&lc=UgzLlz3DPqVbcyaHFcd4AaABAg,4/5/2022 13:45,0,"Ha ha ha ha ha, you\'re so crazy @ElectroBOOM and I understand you ! Thank you for all your videos, I\'ll do the same. No worries, I\'m elecctrical engineer too. ;-)",http://www.youtube.com/@morganpolla1158
1560,@ankurpathak-2373,When tower falls it gives me a heart attack....??¨??¨‚?πÔ∏è,UgzVXypDYkzFMQ3gwVV4AaABAg,,0,https://www.youtube.com/watch?v=lT3vGaOLWqE&lc=UgzVXypDYkzFMQ3gwVV4AaABAg,4/5/2022 13:17,0,When tower falls it gives me a heart attack....??¨??¨‚?πÔ∏è,http://www.youtube.com/@ankurpathak-2373
1561,@NvTwist,Fail‚?¶. The arc is not pushed up by the hot air‚?¶ it rises due to the cold air (denser) air pushing the hot air up. ?ßê,UgymxIGsstD-7BOBMu54AaABAg,,0,https://www.youtube.com/watch?v=lT3vGaOLWqE&lc=UgymxIGsstD-7BOBMu54AaABAg,4/5/2022 11:47,0,Fail‚?¶. The arc is not pushed up by the hot air‚?¶ it rises due to the cold air (denser) air pushing the hot air up. ?ßê,http://www.youtube.com/@NvTwist
1562,@DobertCe,6:45 i cried :),UgwRb0vacr0xs0B90a54AaABAg,,0,https://www.youtube.com/watch?v=lT3vGaOLWqE&lc=UgwRb0vacr0xs0B90a54AaABAg,4/5/2022 10:05,0,6:45 i cried :),http://www.youtube.com/@DobertCe
1563,@dbvetter7485,Jacobs Ladder - Great Rush Song,UgxQxhZlqmdczEt285V4AaABAg,,0,https://www.youtube.com/watch?v=lT3vGaOLWqE&lc=UgxQxhZlqmdczEt285V4AaABAg,4/5/2022 9:58,0,Jacobs Ladder - Great Rush Song,http://www.youtube.com/@dbvetter7485
1564,@phamtrannhatminh4165,it\'s a miracle you\'re alive now,UgylSdhaDCEr09q3bil4AaABAg,,0,https://www.youtube.com/watch?v=lT3vGaOLWqE&lc=UgylSdhaDCEr09q3bil4AaABAg,4/5/2022 8:50,0,it\'s a miracle you\'re alive now,http://www.youtube.com/@phamtrannhatminh4165
1565,@calebzyden283,you go to dangerous you must quit these dangerous things,Ugy8xdLwXU-zDhGjjSd4AaABAg,,0,https://www.youtube.com/watch?v=lT3vGaOLWqE&lc=Ugy8xdLwXU-zDhGjjSd4AaABAg,4/5/2022 7:54,1,you go to dangerous you must quit these dangerous things,http://www.youtube.com/@calebzyden283
1566,@hotscore9896,He\'s an electrical engineer.. Don\'t tell him what to do.,Ugy8xdLwXU-zDhGjjSd4AaABAg.9_RUVB1N4OM9_ybfRwWx62,@calebzyden283,0,https://www.youtube.com/watch?v=lT3vGaOLWqE&lc=Ugy8xdLwXU-zDhGjjSd4AaABAg.9_RUVB1N4OM9_ybfRwWx62,4/18/2022 13:59,0,He\'s an electrical engineer.. Don\'t tell him what to do.,http://www.youtube.com/@hotscore9896
1567,@crying_hippy,"I may be the only person alive to survive 3.5 amps 36,000 volts both hands on both wires, it blew me off my seat and sent me back about 15-20 feet and a 3 foot outlet in concrete floor stopped me and it cracked the foundation. I was sitting on a wooden swivel stool like a car hoist with metal bar between legs inches away and feet by metal pole the seat was attached too and to make you not believe me even more, I had a silver and gold necklace on around my neck that is still around my neck today 35 years later. Not one burn, blister or no damage at all, and it was witnessed by about 15-20 people in class who thought I was joking, but the teacher came over quick and told everyone not touch me and I woke up with all of them standing around me. I was about 15 at the time and so was the witnesses, the only one who knew what miracle he had just witnessed was the teacher Mr.Anderson Today I live with around 20 diseases, and they say it\'s from Ehlers Danlos Syndrome but its genetic and nobody else in family has it, and they say it can skip generations........Go Figure and You better be smiling and blown away by this Brother Much Love and God is Good",UgzuTh1aV9XMhlFx42B4AaABAg,,0,https://www.youtube.com/watch?v=lT3vGaOLWqE&lc=UgzuTh1aV9XMhlFx42B4AaABAg,4/5/2022 3:56,0,"I may be the only person alive to survive 3.5 amps 36,000 volts both hands on both wires, it blew me off my seat and sent me back about 15-20 feet and a 3 foot outlet in concrete floor stopped me and it cracked the foundation. I was sitting on a wooden swivel stool like a car hoist with metal bar between legs inches away and feet by metal pole the seat was attached too and to make you not believe me even more, I had a silver and gold necklace on around my neck that is still around my neck today 35 years later. Not one burn, blister or no damage at all, and it was witnessed by about 15-20 people in class who thought I was joking, but the teacher came over quick and told everyone not touch me and I woke up with all of them standing around me. I was about 15 at the time and so was the witnesses, the only one who knew what miracle he had just witnessed was the teacher Mr.Anderson Today I live with around 20 diseases, and they say it\'s from Ehlers Danlos Syndrome but its genetic and nobody else in family has it, and they say it can skip generations........Go Figure and You better be smiling and blown away by this Brother Much Love and God is Good",http://www.youtube.com/@crying_hippy
1568,@marp_625,Your at 5 million now how do you feel?,Ugwq29Uc1RAnWREYxKp4AaABAg,,1,https://www.youtube.com/watch?v=lT3vGaOLWqE&lc=Ugwq29Uc1RAnWREYxKp4AaABAg,4/4/2022 21:46,0,Your at 5 million now how do you feel?,http://www.youtube.com/@marp_625
1569,@DwanBottse,I love that your smart but‚?¶this is sh*t,UgwQVVuQCR73T9mXvrV4AaABAg,,0,https://www.youtube.com/watch?v=lT3vGaOLWqE&lc=UgwQVVuQCR73T9mXvrV4AaABAg,4/4/2022 19:15,0,I love that your smart but‚?¶this is sh*t,http://www.youtube.com/@DwanBottse
1570,@nituldas9884,capacitor fireworks ?????ç?èº?????•,UgzrMARRH2ayNnRdk154AaABAg,,0,https://www.youtube.com/watch?v=lT3vGaOLWqE&lc=UgzrMARRH2ayNnRdk154AaABAg,4/4/2022 10:49,0,capacitor fireworks ?????ç?èº?????•,http://www.youtube.com/@nituldas9884
1571,@davanilla2348,YOUR KILLING YOURSELF ?§£,UgzvP1YzSp8bTns377N4AaABAg,,0,https://www.youtube.com/watch?v=lT3vGaOLWqE&lc=UgzvP1YzSp8bTns377N4AaABAg,4/4/2022 7:30,0,YOUR KILLING YOURSELF ?§£,http://www.youtube.com/@davanilla2348
1572,@blaze_-ui2je,Good to know,Ugz1GmwU0dScZyNu7-d4AaABAg,,0,https://www.youtube.com/watch?v=lT3vGaOLWqE&lc=Ugz1GmwU0dScZyNu7-d4AaABAg,4/4/2022 1:48,0,Good to know,http://www.youtube.com/@blaze_-ui2je
1573,@scientist1008,Namste sir i am indian,UgwbKV67kpJOKEcz_kJ4AaABAg,,0,https://www.youtube.com/watch?v=lT3vGaOLWqE&lc=UgwbKV67kpJOKEcz_kJ4AaABAg,4/3/2022 14:59,0,Namste sir i am indian,http://www.youtube.com/@scientist1008
1574,@The_f4113m,I think you\'re my new favorite scientist and your funny,Ugx43H7CjBGOC1dqZNN4AaABAg,,0,https://www.youtube.com/watch?v=lT3vGaOLWqE&lc=Ugx43H7CjBGOC1dqZNN4AaABAg,4/3/2022 9:26,0,I think you\'re my new favorite scientist and your funny,http://www.youtube.com/@The_f4113m
1575,@AtAGlimpse_UB,7:51 well.... its about to happen,Ugy8jpy3RYBwCGGmv754AaABAg,,0,https://www.youtube.com/watch?v=lT3vGaOLWqE&lc=Ugy8jpy3RYBwCGGmv754AaABAg,4/3/2022 7:05,0,7:51 well.... its about to happen,http://www.youtube.com/@AtAGlimpse_UB
1576,@wesleybernardo4396,PURA SORTE GRACAS AS CONEXOES VAGABUNDAS COM O TRANSFORMADOR KKKKKKKKKKKKK,Ugyk7NGsTtRaahxV7HJ4AaABAg,,0,https://www.youtube.com/watch?v=lT3vGaOLWqE&lc=Ugyk7NGsTtRaahxV7HJ4AaABAg,4/2/2022 16:26,0,PURA SORTE GRACAS AS CONEXOES VAGABUNDAS COM O TRANSFORMADOR KKKKKKKKKKKKK,http://www.youtube.com/@wesleybernardo4396
1577,@wesleybernardo4396,MALDITO DISJUNTOR KKKKKKKKK,Ugx9En0le43uobp80_J4AaABAg,,0,https://www.youtube.com/watch?v=lT3vGaOLWqE&lc=Ugx9En0le43uobp80_J4AaABAg,4/2/2022 16:23,0,MALDITO DISJUNTOR KKKKKKKKK,http://www.youtube.com/@wesleybernardo4396
1578,@SCARYTHING217,Free energy https://youtu.be/4obsEbudIFg,UgyIOJE3imUUtsTeiK54AaABAg,,0,https://www.youtube.com/watch?v=lT3vGaOLWqE&lc=UgyIOJE3imUUtsTeiK54AaABAg,4/2/2022 13:36,0,Free energy https://youtu.be/4obsEbudIFg,http://www.youtube.com/@SCARYTHING217
1579,@mustikaabadi6052,Create mini nuklir reaktor to product elektrik,Ugwn2zZVfEHC3PcdZBx4AaABAg,,0,https://www.youtube.com/watch?v=lT3vGaOLWqE&lc=Ugwn2zZVfEHC3PcdZBx4AaABAg,4/2/2022 8:03,0,Create mini nuklir reaktor to product elektrik,http://www.youtube.com/@mustikaabadi6052
1580,@jamesmuravska2922,He\'s a Riot!!,UgyNx55b9hM7qnYonLJ4AaABAg,,0,https://www.youtube.com/watch?v=lT3vGaOLWqE&lc=UgyNx55b9hM7qnYonLJ4AaABAg,4/2/2022 0:05,0,He\'s a Riot!!,http://www.youtube.com/@jamesmuravska2922
1581,@caleb.e7880,8:01 When San Antonio Spurs ??? ??? ??? ??? ??? ??? the ??? ??? ?™¢ ??? ??? ?™¢ with the LA Lakers in the Final Play-in Spot.,Ugxig3OMd97Z_wfn0bV4AaABAg,,0,https://www.youtube.com/watch?v=lT3vGaOLWqE&lc=Ugxig3OMd97Z_wfn0bV4AaABAg,4/1/2022 12:43,0,8:01 When San Antonio Spurs ??? ??? ??? ??? ??? ??? the ??? ??? ?™¢ ??? ??? ?™¢ with the LA Lakers in the Final Play-in Spot.,http://www.youtube.com/@caleb.e7880
1582,@RotaryMarx,"mehdi sacrifices himself for us to learn safety and fight against free energy idiots, F for mehdi",UgyVZdlButewIwmdng14AaABAg,,0,https://www.youtube.com/watch?v=lT3vGaOLWqE&lc=UgyVZdlButewIwmdng14AaABAg,4/1/2022 1:11,0,"mehdi sacrifices himself for us to learn safety and fight against free energy idiots, F for mehdi",http://www.youtube.com/@RotaryMarx
1583,@sangitamandal8908,Why bad things happen to good people ????????????????????????????§£?§£?§£?§£?§£,UgzZYlLtNJdPLSX6Ewh4AaABAg,,0,https://www.youtube.com/watch?v=lT3vGaOLWqE&lc=UgzZYlLtNJdPLSX6Ewh4AaABAg,3/31/2022 7:28,0,Why bad things happen to good people ????????????????????????????§£?§£?§£?§£?§£,http://www.youtube.com/@sangitamandal8908
1584,@SorenMaelstrom,"Either Death Incarnate is also subscribed to Medhi and just ignores the calls to reap his soul, because he wants more videos from him, OR he is actually a genius in Biology and has perfected human cloning on himself and we always see one of his Clones kick the bucket. That would also totally change the view on the Video where he showed his crew. He has a Medhi army who works in a secret bunker for him!",UgxApDvIAQ3EQa4bHlp4AaABAg,,1,https://www.youtube.com/watch?v=lT3vGaOLWqE&lc=UgxApDvIAQ3EQa4bHlp4AaABAg,3/30/2022 14:46,0,"Either Death Incarnate is also subscribed to Medhi and just ignores the calls to reap his soul, because he wants more videos from him, OR he is actually a genius in Biology and has perfected human cloning on himself and we always see one of his Clones kick the bucket. That would also totally change the view on the Video where he showed his crew. He has a Medhi army who works in a secret bunker for him!",http://www.youtube.com/@SorenMaelstrom
1585,@hasanojan5570,"""Of all people, it fell in me""...",Ugx2r2EHUiHMdy3soqd4AaABAg,,0,https://www.youtube.com/watch?v=lT3vGaOLWqE&lc=Ugx2r2EHUiHMdy3soqd4AaABAg,3/30/2022 13:58,0,"""Of all people, it fell in me""...",http://www.youtube.com/@hasanojan5570
1586,@BeanBimG,If we can\'t do this at home we can do it outside???,UgyreqyTaF4FC8jmN-N4AaABAg,,0,https://www.youtube.com/watch?v=lT3vGaOLWqE&lc=UgyreqyTaF4FC8jmN-N4AaABAg,3/30/2022 1:43,0,If we can\'t do this at home we can do it outside???,http://www.youtube.com/@BeanBimG
1587,@TheNuclearAtomizer,I am 14 and trying to make a tesla coil. I started this project 3 hours ago. I am still winding the secondary coil.,UgwyKNVExM9tEQv_lo14AaABAg,,0,https://www.youtube.com/watch?v=lT3vGaOLWqE&lc=UgwyKNVExM9tEQv_lo14AaABAg,3/29/2022 18:42,0,I am 14 and trying to make a tesla coil. I started this project 3 hours ago. I am still winding the secondary coil.,http://www.youtube.com/@TheNuclearAtomizer
1588,@Ciprian-Amarandei,"Happens to me all the time: working with exposed 240 v and be very careful not to make a short and somebody knocks loudly on my door, or my upstairs neighbour drops something. Imagine my temper",UgxnsmZbYGJrgPkiRtZ4AaABAg,,1,https://www.youtube.com/watch?v=lT3vGaOLWqE&lc=UgxnsmZbYGJrgPkiRtZ4AaABAg,3/29/2022 11:27,0,"Happens to me all the time: working with exposed 240 v and be very careful not to make a short and somebody knocks loudly on my door, or my upstairs neighbour drops something. Imagine my temper",http://www.youtube.com/@Ciprian-Amarandei
1589,@jimjones8736,"Lol, I now finally understand why Iran must never ever ever be allowed to get nuclear weapons???",Ugz3fmTX_24uldadDSF4AaABAg,,0,https://www.youtube.com/watch?v=lT3vGaOLWqE&lc=Ugz3fmTX_24uldadDSF4AaABAg,3/29/2022 9:48,0,"Lol, I now finally understand why Iran must never ever ever be allowed to get nuclear weapons???",http://www.youtube.com/@jimjones8736
1590,@greenlantern8156,Make me a robot,UgzxH0N7DKShafzmD-94AaABAg,,0,https://www.youtube.com/watch?v=lT3vGaOLWqE&lc=UgzxH0N7DKShafzmD-94AaABAg,3/28/2022 10:23,0,Make me a robot,http://www.youtube.com/@greenlantern8156
1591,@TheNamesDitto,Holy fuck when the tower fell I screamed,Ugxf2Pi4GzwVZb0vOJZ4AaABAg,,0,https://www.youtube.com/watch?v=lT3vGaOLWqE&lc=Ugxf2Pi4GzwVZb0vOJZ4AaABAg,3/28/2022 6:05,0,Holy fuck when the tower fell I screamed,http://www.youtube.com/@TheNamesDitto
1592,@epic55,The long sparkler is about to fall. *Grabs its.* AhHHh f***!,UgzHNwqSibI0mdoNxIB4AaABAg,,1,https://www.youtube.com/watch?v=lT3vGaOLWqE&lc=UgzHNwqSibI0mdoNxIB4AaABAg,3/28/2022 5:26,0,The long sparkler is about to fall. *Grabs its.* AhHHh f***!,http://www.youtube.com/@epic55
1593,@lorenzothepasta2820,"Don\'t look at high voltage arks, you will damage your eyes. Speaking from experience. Use proper eye protection, wear welding googles that WORK(do your research!), or welding shields that WORK(do your research!)",UgxXJSlKfkmPoFCm1e14AaABAg,,0,https://www.youtube.com/watch?v=lT3vGaOLWqE&lc=UgxXJSlKfkmPoFCm1e14AaABAg,3/27/2022 14:48,0,"Don\'t look at high voltage arks, you will damage your eyes. Speaking from experience. Use proper eye protection, wear welding googles that WORK(do your research!), or welding shields that WORK(do your research!)",http://www.youtube.com/@lorenzothepasta2820
1594,@mortisezio27,8:37,UgwCryODzEAiSKZXB2N4AaABAg,,2,https://www.youtube.com/watch?v=lT3vGaOLWqE&lc=UgwCryODzEAiSKZXB2N4AaABAg,3/27/2022 11:01,0,8:37,http://www.youtube.com/@mortisezio27
1595,@perfect5th517,"It‚??s worrisome that one of his most popular videos is the one where nearly committed suicide, twice.",UgyxNBJC0j065PAfJ4J4AaABAg,,0,https://www.youtube.com/watch?v=lT3vGaOLWqE&lc=UgyxNBJC0j065PAfJ4J4AaABAg,3/27/2022 7:25,0,"It‚??s worrisome that one of his most popular videos is the one where nearly committed suicide, twice.",http://www.youtube.com/@perfect5th517
1596,@plainrockplush833,"8:00 [ IT WAS AT THIS MOMENT THAT HE KNEW, HE F*CKED UP. ]",Ugwh0EXO-X-wY14XJHt4AaABAg,,1,https://www.youtube.com/watch?v=lT3vGaOLWqE&lc=Ugwh0EXO-X-wY14XJHt4AaABAg,3/26/2022 20:02,0,"8:00 [ IT WAS AT THIS MOMENT THAT HE KNEW, HE F*CKED UP. ]",http://www.youtube.com/@plainrockplush833
1597,@Sem-Canal,"Thanks, Reddit.",UgxAir5eUgOgs6S4zqB4AaABAg,,0,https://www.youtube.com/watch?v=lT3vGaOLWqE&lc=UgxAir5eUgOgs6S4zqB4AaABAg,3/25/2022 22:57,0,"Thanks, Reddit.",http://www.youtube.com/@Sem-Canal
1598,@user-bk7up4vc5p,7:56 ??????,UgycxAlRiUSF1cyqY2F4AaABAg,,1,https://www.youtube.com/watch?v=lT3vGaOLWqE&lc=UgycxAlRiUSF1cyqY2F4AaABAg,3/25/2022 21:54,0,7:56 ??????,http://www.youtube.com/@user-bk7up4vc5p
1599,@kosmos9365,"sir , your new subscriber enjoyed a lot thanks for the share",Ugy-KV_Sc7MIOU18mkZ4AaABAg,,0,https://www.youtube.com/watch?v=lT3vGaOLWqE&lc=Ugy-KV_Sc7MIOU18mkZ4AaABAg,3/24/2022 17:14,0,"sir , your new subscriber enjoyed a lot thanks for the share",http://www.youtube.com/@kosmos9365
1600,@hackall360gaming,"""Mabie I can post it to live leak"" Well, gotta get content monetized somehow",Ugwr0IoVyItK8qeT6dJ4AaABAg,,0,https://www.youtube.com/watch?v=lT3vGaOLWqE&lc=Ugwr0IoVyItK8qeT6dJ4AaABAg,3/24/2022 6:53,0,"""Mabie I can post it to live leak"" Well, gotta get content monetized somehow",http://www.youtube.com/@hackall360gaming
1601,@minaxipatel4668,We should all probably unsubscribe to prevent him from reaching 10 million so he doesn\'t actually kill himself... But I\'m not going to cause I love his videos and he needs that precious monetisation so that he can have good high voltage times in his life ?§£,UgyLPdvYtJ93QYiD2SF4AaABAg,,0,https://www.youtube.com/watch?v=lT3vGaOLWqE&lc=UgyLPdvYtJ93QYiD2SF4AaABAg,3/23/2022 16:23,0,We should all probably unsubscribe to prevent him from reaching 10 million so he doesn\'t actually kill himself... But I\'m not going to cause I love his videos and he needs that precious monetisation so that he can have good high voltage times in his life ?§£,http://www.youtube.com/@minaxipatel4668
1602,@White_Night_Demon,"so this must be the famouse jacob incident......that everyone seems to be talking about and here I thought you killed someone called jacob, ur camera man maybe? hahhaa",UgzMXek48wJZVb3H-GJ4AaABAg,,0,https://www.youtube.com/watch?v=lT3vGaOLWqE&lc=UgzMXek48wJZVb3H-GJ4AaABAg,3/22/2022 10:23,0,"so this must be the famouse jacob incident......that everyone seems to be talking about and here I thought you killed someone called jacob, ur camera man maybe? hahhaa",http://www.youtube.com/@White_Night_Demon
1603,@tacabalarcreated,Hahahaha??????????§£?§£??π??π??π is not??? working???????????????,UgxUf0-VrnvSikiQDSB4AaABAg,,0,https://www.youtube.com/watch?v=lT3vGaOLWqE&lc=UgxUf0-VrnvSikiQDSB4AaABAg,3/22/2022 7:02,0,Hahahaha??????????§£?§£??π??π??π is not??? working???????????????,http://www.youtube.com/@tacabalarcreated
1604,@Sportspezi_HD,Which video is scene 8:53?,UgwPuesLcoumj3mjOC94AaABAg,,0,https://www.youtube.com/watch?v=lT3vGaOLWqE&lc=UgwPuesLcoumj3mjOC94AaABAg,3/21/2022 17:35,0,Which video is scene 8:53?,http://www.youtube.com/@Sportspezi_HD
1605,@rrqjerry6555,1M? Which I saw 5M?,UgzcrF1t2U3J38lyTD54AaABAg,,0,https://www.youtube.com/watch?v=lT3vGaOLWqE&lc=UgzcrF1t2U3J38lyTD54AaABAg,3/21/2022 9:02,0,1M? Which I saw 5M?,http://www.youtube.com/@rrqjerry6555
1606,@gordtvradio3465,I‚??m happy you survived Electroboom,Ugz-tr1RVSS7jTJYMRx4AaABAg,,0,https://www.youtube.com/watch?v=lT3vGaOLWqE&lc=Ugz-tr1RVSS7jTJYMRx4AaABAg,3/21/2022 0:19,0,I‚??m happy you survived Electroboom,http://www.youtube.com/@gordtvradio3465
1607,@randomkindness1470,I had such high hopes towards the end for that "sparkler tower" ...I think we should have a retry.,Ugy_JdlNF0S8PkE-7dV4AaABAg,,0,https://www.youtube.com/watch?v=lT3vGaOLWqE&lc=Ugy_JdlNF0S8PkE-7dV4AaABAg,3/20/2022 6:25,0,I had such high hopes towards the end for that "sparkler tower" ...I think we should have a retry.,http://www.youtube.com/@randomkindness1470
1608,@behradsharifi7204,The wires look like a cooling tower,Ugyj3sLV9QjMAIU-G3V4AaABAg,,0,https://www.youtube.com/watch?v=lT3vGaOLWqE&lc=Ugyj3sLV9QjMAIU-G3V4AaABAg,3/20/2022 5:31,0,The wires look like a cooling tower,http://www.youtube.com/@behradsharifi7204
1609,@Sleepy001,‚??Tell me story that you nearly died‚?ù Electroboom: it‚??s very long,Ugxg8cFxx4Hb3WCVtaN4AaABAg,,0,https://www.youtube.com/watch?v=lT3vGaOLWqE&lc=Ugxg8cFxx4Hb3WCVtaN4AaABAg,3/20/2022 0:56,0,‚??Tell me story that you nearly died‚?ù Electroboom: it‚??s very long,http://www.youtube.com/@Sleepy001
1610,@donowens5883,2000 Ac transformer from microwave hmmmm.,Ugw0sHJphYxwhrSG_XN4AaABAg,,0,https://www.youtube.com/watch?v=lT3vGaOLWqE&lc=Ugw0sHJphYxwhrSG_XN4AaABAg,3/19/2022 21:05,0,2000 Ac transformer from microwave hmmmm.,http://www.youtube.com/@donowens5883
1611,@DynamicSaturn36Gaming,4:55 I thought that was clean for some reason,UgzQ5OOPhNaEZWajUXZ4AaABAg,,1,https://www.youtube.com/watch?v=lT3vGaOLWqE&lc=UgzQ5OOPhNaEZWajUXZ4AaABAg,3/18/2022 20:29,1,4:55 I thought that was clean for some reason,http://www.youtube.com/@DynamicSaturn36Gaming
1612,@DynamicSaturn36Gaming,6:04 6:17,UgzQ5OOPhNaEZWajUXZ4AaABAg.9ZjUbBCvOTE9Zn1Flfa6HA,@DynamicSaturn36Gaming,1,https://www.youtube.com/watch?v=lT3vGaOLWqE&lc=UgzQ5OOPhNaEZWajUXZ4AaABAg.9ZjUbBCvOTE9Zn1Flfa6HA,3/20/2022 5:29,0,6:04 6:17,http://www.youtube.com/@DynamicSaturn36Gaming
1613,@Motofumes159,Idk how this man is still allive,UgyhWR2RS9mR1LCe3Q54AaABAg,,0,https://www.youtube.com/watch?v=lT3vGaOLWqE&lc=UgyhWR2RS9mR1LCe3Q54AaABAg,3/18/2022 16:43,0,Idk how this man is still allive,http://www.youtube.com/@Motofumes159
1614,@JuggerNutzzz,"You\'re defo a professional, with years upon years of experience and a degree in electrical engineering, but all of that still doesn\'t explain how you *HAVEN\'T FUCKING DIED YET*",UgxyRCI7WDonv9lCLfZ4AaABAg,,0,https://www.youtube.com/watch?v=lT3vGaOLWqE&lc=UgxyRCI7WDonv9lCLfZ4AaABAg,3/18/2022 15:25,0,"You\'re defo a professional, with years upon years of experience and a degree in electrical engineering, but all of that still doesn\'t explain how you *HAVEN\'T FUCKING DIED YET*",http://www.youtube.com/@JuggerNutzzz
1615,@anthonybirch6291,So I know that all of his injuries are staged but this one actually looked real. I wouldn\'t doubt the severity of the burns on his hands and can\'t imagine he intended to get that severely injured. I wouldn\'t be surprised if he had a different shock scene in mind and had this happen first so he just called it a day,UgxdZFh62sM80c82x514AaABAg,,0,https://www.youtube.com/watch?v=lT3vGaOLWqE&lc=UgxdZFh62sM80c82x514AaABAg,3/18/2022 8:40,0,So I know that all of his injuries are staged but this one actually looked real. I wouldn\'t doubt the severity of the burns on his hands and can\'t imagine he intended to get that severely injured. I wouldn\'t be surprised if he had a different shock scene in mind and had this happen first so he just called it a day,http://www.youtube.com/@anthonybirch6291
1616,@meeDamian,"This is probably his only video where he was in REAL danger‚??the fact he survived it is literally nothing but luck. Years later, and I still can\'t watch that part without getting all tense. Ugh. Stay safe, brother ??è.",UgwFRm2OR90zFJG3JLZ4AaABAg,,40,https://www.youtube.com/watch?v=lT3vGaOLWqE&lc=UgwFRm2OR90zFJG3JLZ4AaABAg,3/18/2022 6:29,0,"This is probably his only video where he was in REAL danger‚??the fact he survived it is literally nothing but luck. Years later, and I still can\'t watch that part without getting all tense. Ugh. Stay safe, brother ??è.",http://www.youtube.com/@meeDamian
1617,@ckwoy5268,How you still alive?!??≥,UgwY0hjwJgkvaLMnYPp4AaABAg,,0,https://www.youtube.com/watch?v=lT3vGaOLWqE&lc=UgwY0hjwJgkvaLMnYPp4AaABAg,3/17/2022 10:44,0,How you still alive?!??≥,http://www.youtube.com/@ckwoy5268
1618,@vinayprasad2593,7:59 he would die!!!,UgxTDZJMyNi32VSdd8F4AaABAg,,0,https://www.youtube.com/watch?v=lT3vGaOLWqE&lc=UgxTDZJMyNi32VSdd8F4AaABAg,3/17/2022 9:59,0,7:59 he would die!!!,http://www.youtube.com/@vinayprasad2593
1619,@Macksbet,i love how this guy knows everything there is to know about electricity and still sits on a burning hair dryer element.,UgwjIXtBlmIcckaIDxl4AaABAg,,0,https://www.youtube.com/watch?v=lT3vGaOLWqE&lc=UgwjIXtBlmIcckaIDxl4AaABAg,3/17/2022 1:04,0,i love how this guy knows everything there is to know about electricity and still sits on a burning hair dryer element.,http://www.youtube.com/@Macksbet
1620,@gleamingkrackaola,the fire is green/blue for a spilt second,UgzmcncInmDVVWdh5Gl4AaABAg,,0,https://www.youtube.com/watch?v=lT3vGaOLWqE&lc=UgzmcncInmDVVWdh5Gl4AaABAg,3/16/2022 20:13,0,the fire is green/blue for a spilt second,http://www.youtube.com/@gleamingkrackaola
1621,@rexusdark716,It was fun and we are happy that you were safe.,Ugy9e4o_UnAbB6fTBF94AaABAg,,2,https://www.youtube.com/watch?v=lT3vGaOLWqE&lc=Ugy9e4o_UnAbB6fTBF94AaABAg,3/16/2022 13:33,0,It was fun and we are happy that you were safe.,http://www.youtube.com/@rexusdark716
1622,@ankthekidrs4152,8:00 bro is smart and dumb at the same time it‚??s hilarious,UgxqMk1h04MyzTU225d4AaABAg,,1,https://www.youtube.com/watch?v=lT3vGaOLWqE&lc=UgxqMk1h04MyzTU225d4AaABAg,3/15/2022 17:43,0,8:00 bro is smart and dumb at the same time it‚??s hilarious,http://www.youtube.com/@ankthekidrs4152
1623,@khaled-ni7qi,he is so dum dum,UgxeR407Y5KTTMv6kuN4AaABAg,,1,https://www.youtube.com/watch?v=lT3vGaOLWqE&lc=UgxeR407Y5KTTMv6kuN4AaABAg,3/15/2022 16:09,0,he is so dum dum,http://www.youtube.com/@khaled-ni7qi
1624,@AltonTRU,Why tf is the captions in Indonesian,UgxoEILv-sauzWjaCgt4AaABAg,,2,https://www.youtube.com/watch?v=lT3vGaOLWqE&lc=UgxoEILv-sauzWjaCgt4AaABAg,3/15/2022 15:37,0,Why tf is the captions in Indonesian,http://www.youtube.com/@AltonTRU
1625,@theplaylistking2898,1:41 - don\'t touch the WIRE! This 2 wires is so sharpness,UgzYO1jcf85xEtWkX4F4AaABAg,,1,https://www.youtube.com/watch?v=lT3vGaOLWqE&lc=UgzYO1jcf85xEtWkX4F4AaABAg,3/15/2022 8:53,0,1:41 - don\'t touch the WIRE! This 2 wires is so sharpness,http://www.youtube.com/@theplaylistking2898
1626,@Vaqueros1690,‚??Of all people‚?ù???,UgyGlZeYVMpM-e7qac94AaABAg,,1,https://www.youtube.com/watch?v=lT3vGaOLWqE&lc=UgyGlZeYVMpM-e7qac94AaABAg,3/15/2022 4:25,0,‚??Of all people‚?ù???,http://www.youtube.com/@Vaqueros1690
1627,@jacksonk8826,He tried to catch it,Ugyg4KmAg84AnzyZvMJ4AaABAg,,1,https://www.youtube.com/watch?v=lT3vGaOLWqE&lc=Ugyg4KmAg84AnzyZvMJ4AaABAg,3/14/2022 21:35,0,He tried to catch it,http://www.youtube.com/@jacksonk8826
1628,@stufffoundhere5854,les mesrilables!!!!!!!!!!,UgwWcJasJ-Uq43BhIdF4AaABAg,,1,https://www.youtube.com/watch?v=lT3vGaOLWqE&lc=UgwWcJasJ-Uq43BhIdF4AaABAg,3/14/2022 13:16,0,les mesrilables!!!!!!!!!!,http://www.youtube.com/@stufffoundhere5854
1629,@shrippie-4214,Was that song all gibberish xD,Ugy-p-O74fEOvsX-qZR4AaABAg,,1,https://www.youtube.com/watch?v=lT3vGaOLWqE&lc=Ugy-p-O74fEOvsX-qZR4AaABAg,3/14/2022 0:29,0,Was that song all gibberish xD,http://www.youtube.com/@shrippie-4214
1630,@deez5205,8:00 got me dieijng,UgwJAwuKax39RCWlRat4AaABAg,,0,https://www.youtube.com/watch?v=lT3vGaOLWqE&lc=UgwJAwuKax39RCWlRat4AaABAg,3/13/2022 23:08,0,8:00 got me dieijng,http://www.youtube.com/@deez5205
1631,@petr3116,Arabic I dreamed a dream XD,UgyC9qnH7wEAI8J4MM94AaABAg,,0,https://www.youtube.com/watch?v=lT3vGaOLWqE&lc=UgyC9qnH7wEAI8J4MM94AaABAg,3/13/2022 20:50,0,Arabic I dreamed a dream XD,http://www.youtube.com/@petr3116
1632,@aviation_7052,banned from doing jacobs ladder at home clearly doing it at home,UgwM2IYOsQaXDoHlpTZ4AaABAg,,0,https://www.youtube.com/watch?v=lT3vGaOLWqE&lc=UgwM2IYOsQaXDoHlpTZ4AaABAg,3/13/2022 20:15,0,banned from doing jacobs ladder at home clearly doing it at home,http://www.youtube.com/@aviation_7052
1633,@jakonix6068,In 5years he will be 10mil,UgxklNz7Z690BnpmN954AaABAg,,0,https://www.youtube.com/watch?v=lT3vGaOLWqE&lc=UgxklNz7Z690BnpmN954AaABAg,3/13/2022 17:40,0,In 5years he will be 10mil,http://www.youtube.com/@jakonix6068
1634,@thesleepinggamer7225,This man is fucking crazy and i love it,UgwoLykvEHaMQuz8GFp4AaABAg,,0,https://www.youtube.com/watch?v=lT3vGaOLWqE&lc=UgwoLykvEHaMQuz8GFp4AaABAg,3/13/2022 14:41,0,This man is fucking crazy and i love it,http://www.youtube.com/@thesleepinggamer7225
1635,@briank9948,I think at 4:43 you mean "More Voltage". Why not use a TIG arc starter system to achieve this?,UgwHXglrb3dsT3z6p0p4AaABAg,,0,https://www.youtube.com/watch?v=lT3vGaOLWqE&lc=UgwHXglrb3dsT3z6p0p4AaABAg,3/13/2022 7:25,0,I think at 4:43 you mean "More Voltage". Why not use a TIG arc starter system to achieve this?,http://www.youtube.com/@briank9948
1636,@kingiking110,Big congrats on your 1 million subs Mehdi! Zendeh Baad! :),UgybxfWhprIGDtx-Hs94AaABAg,,0,https://www.youtube.com/watch?v=lT3vGaOLWqE&lc=UgybxfWhprIGDtx-Hs94AaABAg,3/13/2022 6:51,0,Big congrats on your 1 million subs Mehdi! Zendeh Baad! :),http://www.youtube.com/@kingiking110
1637,@roycevr6514,BRO 7:59 THO OMG,UgwTAJ4xl9VEu0jS-X14AaABAg,,0,https://www.youtube.com/watch?v=lT3vGaOLWqE&lc=UgwTAJ4xl9VEu0jS-X14AaABAg,3/12/2022 13:57,0,BRO 7:59 THO OMG,http://www.youtube.com/@roycevr6514
1638,@soumyapalai5752,How are you still alive...............,UgxgxfQXVGlrvQygE4V4AaABAg,,0,https://www.youtube.com/watch?v=lT3vGaOLWqE&lc=UgxgxfQXVGlrvQygE4V4AaABAg,3/11/2022 14:38,0,How are you still alive...............,http://www.youtube.com/@soumyapalai5752
1639,@surprisemakhubela5836,Nice one ??ç you really deserve that 5M subscribers.,UgwyT_TImjcv9mE2gRp4AaABAg,,0,https://www.youtube.com/watch?v=lT3vGaOLWqE&lc=UgwyT_TImjcv9mE2gRp4AaABAg,3/11/2022 14:23,0,Nice one ??ç you really deserve that 5M subscribers.,http://www.youtube.com/@surprisemakhubela5836
1640,@user-su8vk7yf8d,sssex,UgzKHeAXjDhrUVDR1vR4AaABAg,,1,https://www.youtube.com/watch?v=lT3vGaOLWqE&lc=UgzKHeAXjDhrUVDR1vR4AaABAg,3/11/2022 11:04,2,sssex,http://www.youtube.com/@user-su8vk7yf8d
1641,@user-su8vk7yf8d,bfdzfsgzds,UgzKHeAXjDhrUVDR1vR4AaABAg.9ZRZKv9rZIo9ZRZNT9LLr_,@user-su8vk7yf8d,0,https://www.youtube.com/watch?v=lT3vGaOLWqE&lc=UgzKHeAXjDhrUVDR1vR4AaABAg.9ZRZKv9rZIo9ZRZNT9LLr_,3/11/2022 11:05,0,bfdzfsgzds,http://www.youtube.com/@user-su8vk7yf8d
1642,@user-su8vk7yf8d,dzgerdvra,UgzKHeAXjDhrUVDR1vR4AaABAg.9ZRZKv9rZIo9ZRZNi7JzWo,@user-su8vk7yf8d,0,https://www.youtube.com/watch?v=lT3vGaOLWqE&lc=UgzKHeAXjDhrUVDR1vR4AaABAg.9ZRZKv9rZIo9ZRZNi7JzWo,3/11/2022 11:05,0,dzgerdvra,http://www.youtube.com/@user-su8vk7yf8d
1643,@user-su8vk7yf8d,sex,UgydHB7pPqD-N6L5PhV4AaABAg,,0,https://www.youtube.com/watch?v=lT3vGaOLWqE&lc=UgydHB7pPqD-N6L5PhV4AaABAg,3/11/2022 11:02,0,sex,http://www.youtube.com/@user-su8vk7yf8d
1644,@mrarnold96,Whoever did the Indonesian (Surabaya) subtitle did deserve a raise,Ugw57cXmJHq0phxhiSJ4AaABAg,,0,https://www.youtube.com/watch?v=lT3vGaOLWqE&lc=Ugw57cXmJHq0phxhiSJ4AaABAg,3/10/2022 8:39,0,Whoever did the Indonesian (Surabaya) subtitle did deserve a raise,http://www.youtube.com/@mrarnold96
1645,@danielmann6772,"4 million subs later... this video still makes me laugh. Keep going, dude! Wonder what kind of shenanigans you can come up with for 10M.",UgxeL06MNaeET6OHE-p4AaABAg,,15,https://www.youtube.com/watch?v=lT3vGaOLWqE&lc=UgxeL06MNaeET6OHE-p4AaABAg,3/9/2022 22:54,0,"4 million subs later... this video still makes me laugh. Keep going, dude! Wonder what kind of shenanigans you can come up with for 10M.",http://www.youtube.com/@danielmann6772
1646,@micahh9351,the noisemaker scene is hilarious,Ugzi6WrLZzw5Q46yuF94AaABAg,,0,https://www.youtube.com/watch?v=lT3vGaOLWqE&lc=Ugzi6WrLZzw5Q46yuF94AaABAg,3/9/2022 20:09,0,the noisemaker scene is hilarious,http://www.youtube.com/@micahh9351
1647,@marekkarmiowicz3021,4 years later 5mln,Ugxvc44q2K-DJ7KLpbN4AaABAg,,0,https://www.youtube.com/watch?v=lT3vGaOLWqE&lc=Ugxvc44q2K-DJ7KLpbN4AaABAg,3/9/2022 18:30,0,4 years later 5mln,http://www.youtube.com/@marekkarmiowicz3021
1648,@meandonly1940,I\'m only 8 years old but I still love engeniering,UgxO84_2QS_PbSJ0xRV4AaABAg,,0,https://www.youtube.com/watch?v=lT3vGaOLWqE&lc=UgxO84_2QS_PbSJ0xRV4AaABAg,3/9/2022 14:06,0,I\'m only 8 years old but I still love engeniering,http://www.youtube.com/@meandonly1940
1649,@amanr.6733,@7:50 most funniest / scariest thing ???,UgxQ9Z4XqRZxrHhBwY14AaABAg,,0,https://www.youtube.com/watch?v=lT3vGaOLWqE&lc=UgxQ9Z4XqRZxrHhBwY14AaABAg,3/8/2022 12:50,0,@7:50 most funniest / scariest thing ???,http://www.youtube.com/@amanr.6733
1650,@ericsanditarihoran8294,This man very funny,UgwQsWxsSyHk5UwlT614AaABAg,,0,https://www.youtube.com/watch?v=lT3vGaOLWqE&lc=UgwQsWxsSyHk5UwlT614AaABAg,3/8/2022 8:51,0,This man very funny,http://www.youtube.com/@ericsanditarihoran8294
1651,@user-ec8sv3xy6c,?§£?§£?è?,UgyziFT-gDoUR36ytcx4AaABAg,,0,https://www.youtube.com/watch?v=lT3vGaOLWqE&lc=UgyziFT-gDoUR36ytcx4AaABAg,3/8/2022 8:33,0,?§£?§£?è?,http://www.youtube.com/@user-ec8sv3xy6c
1652,@skoll6007,1:44 he looks so offended that it shocked him,UgwSYGeAFl1V5rMXZHF4AaABAg,,0,https://www.youtube.com/watch?v=lT3vGaOLWqE&lc=UgwSYGeAFl1V5rMXZHF4AaABAg,3/7/2022 14:23,0,1:44 he looks so offended that it shocked him,http://www.youtube.com/@skoll6007
1653,@nikonike163,You may become one of biggest comedian 10 years from now if Mr Electro Let you . Please do not Die . We need your Comedy Part.,Ugy-gGjpIR0KP3Xm4wN4AaABAg,,0,https://www.youtube.com/watch?v=lT3vGaOLWqE&lc=Ugy-gGjpIR0KP3Xm4wN4AaABAg,3/7/2022 5:20,0,You may become one of biggest comedian 10 years from now if Mr Electro Let you . Please do not Die . We need your Comedy Part.,http://www.youtube.com/@nikonike163
1654,@trafalgard.waterlaw6137,he would make a good addition to jackass,UgxyptexJMMyoEPCT7B4AaABAg,,0,https://www.youtube.com/watch?v=lT3vGaOLWqE&lc=UgxyptexJMMyoEPCT7B4AaABAg,3/6/2022 21:39,0,he would make a good addition to jackass,http://www.youtube.com/@trafalgard.waterlaw6137
1655,@bennieknape4857,"You are crazy, fun crazy,but still",UgxZ5ghkx9WOJj8guoN4AaABAg,,0,https://www.youtube.com/watch?v=lT3vGaOLWqE&lc=UgxZ5ghkx9WOJj8guoN4AaABAg,3/6/2022 21:24,0,"You are crazy, fun crazy,but still",http://www.youtube.com/@bennieknape4857
1656,@zaiagorges624,6:47,UgwEYn-xkFFpg7imlVV4AaABAg,,0,https://www.youtube.com/watch?v=lT3vGaOLWqE&lc=UgwEYn-xkFFpg7imlVV4AaABAg,3/6/2022 15:51,0,6:47,http://www.youtube.com/@zaiagorges624
1657,@HakkiOgrt,Sen bu gidi≈?le normal √∂lmeyecek gibisin ?????ç,Ugxf3QMOAbC3njFwtXN4AaABAg,,0,https://www.youtube.com/watch?v=lT3vGaOLWqE&lc=Ugxf3QMOAbC3njFwtXN4AaABAg,3/6/2022 11:21,0,Sen bu gidi≈?le normal √∂lmeyecek gibisin ?????ç,http://www.youtube.com/@HakkiOgrt
1658,@williamtatlock230,its so funny the way you react . I love your videos you make me learn oand laugh at the same . thank you,UgzO-IFn9Td3pOLRrVJ4AaABAg,,0,https://www.youtube.com/watch?v=lT3vGaOLWqE&lc=UgzO-IFn9Td3pOLRrVJ4AaABAg,3/6/2022 2:38,0,its so funny the way you react . I love your videos you make me learn oand laugh at the same . thank you,http://www.youtube.com/@williamtatlock230
1659,@davgoesoof1725,6:46 yes,UgwR_Ei2cUBzV-hRRJl4AaABAg,,0,https://www.youtube.com/watch?v=lT3vGaOLWqE&lc=UgwR_Ei2cUBzV-hRRJl4AaABAg,3/5/2022 23:03,0,6:46 yes,http://www.youtube.com/@davgoesoof1725
1660,@shanumagiliya2065,bro you are verry good ??????‚ù§Ô∏è‚ù§Ô∏è,UgxwLHGMrFSE3avnxyd4AaABAg,,0,https://www.youtube.com/watch?v=lT3vGaOLWqE&lc=UgxwLHGMrFSE3avnxyd4AaABAg,3/5/2022 12:43,0,bro you are verry good ??????‚ù§Ô∏è‚ù§Ô∏è,http://www.youtube.com/@shanumagiliya2065
1661,@BartzabelAlgol,I need a lulzbot to take over the world!,Ugw33xzmrSh_9bgonIZ4AaABAg,,0,https://www.youtube.com/watch?v=lT3vGaOLWqE&lc=Ugw33xzmrSh_9bgonIZ4AaABAg,3/4/2022 21:31,0,I need a lulzbot to take over the world!,http://www.youtube.com/@BartzabelAlgol
1662,@Daryl.arellano,New subs. Here‚?∫,UgwvfLX2MgfpeTrSNyF4AaABAg,,0,https://www.youtube.com/watch?v=lT3vGaOLWqE&lc=UgwvfLX2MgfpeTrSNyF4AaABAg,3/4/2022 9:52,0,New subs. Here‚?∫,http://www.youtube.com/@Daryl.arellano
1663,@zexal4974,dude was a second away from death in his million subscriber special and it wasnt even scripted,Ugw5flcls7VqOZTQiqJ4AaABAg,,0,https://www.youtube.com/watch?v=lT3vGaOLWqE&lc=Ugw5flcls7VqOZTQiqJ4AaABAg,3/4/2022 9:03,0,dude was a second away from death in his million subscriber special and it wasnt even scripted,http://www.youtube.com/@zexal4974
1664,@bryanphoenix9702,07:59 I\'m watching this at 0.25 speed ???,UgwsDiBYZhNApxoEZWV4AaABAg,,0,https://www.youtube.com/watch?v=lT3vGaOLWqE&lc=UgwsDiBYZhNApxoEZWV4AaABAg,3/3/2022 23:05,0,07:59 I\'m watching this at 0.25 speed ???,http://www.youtube.com/@bryanphoenix9702
1665,@hutternutter1651,When the sparklers fell i honestly got a bit scared for a second,UgxqmdUCOW3guT7gHpx4AaABAg,,0,https://www.youtube.com/watch?v=lT3vGaOLWqE&lc=UgxqmdUCOW3guT7gHpx4AaABAg,3/3/2022 17:52,0,When the sparklers fell i honestly got a bit scared for a second,http://www.youtube.com/@hutternutter1651
1666,@forzaroma6216,Grazie.,UgwMGIv2qZEUrKdQJbJ4AaABAg,,1,https://www.youtube.com/watch?v=lT3vGaOLWqE&lc=UgwMGIv2qZEUrKdQJbJ4AaABAg,3/3/2022 17:09,0,Grazie.,http://www.youtube.com/@forzaroma6216
1667,@_ELzY_,7:58 I was drinking some coffee while watching this and now my white wall has brown spots.,Ugza0z9JdX2R_6CcasJ4AaABAg,,1,https://www.youtube.com/watch?v=lT3vGaOLWqE&lc=Ugza0z9JdX2R_6CcasJ4AaABAg,3/3/2022 11:32,0,7:58 I was drinking some coffee while watching this and now my white wall has brown spots.,http://www.youtube.com/@_ELzY_
1668,@GrantDTL,One of the best songs from Les Miserables. What language is that......nevermind just saw lol,Ugy99Aoibz9VKgd30mR4AaABAg,,0,https://www.youtube.com/watch?v=lT3vGaOLWqE&lc=Ugy99Aoibz9VKgd30mR4AaABAg,3/2/2022 19:09,0,One of the best songs from Les Miserables. What language is that......nevermind just saw lol,http://www.youtube.com/@GrantDTL
1669,@davidd2661,"Didn\'t know you are a pyromaniac, too ?§™",UgwcFE44fIlOXH9NdTt4AaABAg,,0,https://www.youtube.com/watch?v=lT3vGaOLWqE&lc=UgwcFE44fIlOXH9NdTt4AaABAg,3/2/2022 16:19,0,"Didn\'t know you are a pyromaniac, too ?§™",http://www.youtube.com/@davidd2661
1670,@epkurnissheoway,"my anxiety is so high when he waves his hands around the wires like omg please put on gloves, the content is funny but that\'s so dangerous what if he accidentally touched it",Ugz5YXbhtJA90JNDPeF4AaABAg,,0,https://www.youtube.com/watch?v=lT3vGaOLWqE&lc=Ugz5YXbhtJA90JNDPeF4AaABAg,3/2/2022 11:37,0,"my anxiety is so high when he waves his hands around the wires like omg please put on gloves, the content is funny but that\'s so dangerous what if he accidentally touched it",http://www.youtube.com/@epkurnissheoway
1671,@menulanethsilu1405,I don\'t be surprised when he shocked him self because he uploaded this video that means he is alive,UgwmWvlSTknU62SRoKN4AaABAg,,0,https://www.youtube.com/watch?v=lT3vGaOLWqE&lc=UgwmWvlSTknU62SRoKN4AaABAg,3/2/2022 10:32,0,I don\'t be surprised when he shocked him self because he uploaded this video that means he is alive,http://www.youtube.com/@menulanethsilu1405
1672,@i-am-some-random-guy,Dis guy is built like Thor lol,UgzVYRr2itbD7SqA9Zx4AaABAg,,1,https://www.youtube.com/watch?v=lT3vGaOLWqE&lc=UgzVYRr2itbD7SqA9Zx4AaABAg,3/2/2022 8:31,0,Dis guy is built like Thor lol,http://www.youtube.com/@i-am-some-random-guy
1673,@gsegallis,"Dude, two words... eye protection ???",UgxL5xnhRVQNdnn8SHJ4AaABAg,,0,https://www.youtube.com/watch?v=lT3vGaOLWqE&lc=UgxL5xnhRVQNdnn8SHJ4AaABAg,3/1/2022 18:47,0,"Dude, two words... eye protection ???",http://www.youtube.com/@gsegallis
1674,@julioromero2010,I know I knoy,Ugx_ueK8jFnmNqODSzV4AaABAg,,0,https://www.youtube.com/watch?v=lT3vGaOLWqE&lc=Ugx_ueK8jFnmNqODSzV4AaABAg,2/28/2022 17:40,0,I know I knoy,http://www.youtube.com/@julioromero2010
1675,@andrewthevloggerishere,0:06 this happened to me lol,UgyVEXChWHTMK-DRrG54AaABAg,,1,https://www.youtube.com/watch?v=lT3vGaOLWqE&lc=UgyVEXChWHTMK-DRrG54AaABAg,2/28/2022 16:06,0,0:06 this happened to me lol,http://www.youtube.com/@andrewthevloggerishere
1676,@AC-io8qs,Looking for that 5M subscriber video :),UgwREddO-xFM6SVuEzt4AaABAg,,1,https://www.youtube.com/watch?v=lT3vGaOLWqE&lc=UgwREddO-xFM6SVuEzt4AaABAg,2/28/2022 15:44,0,Looking for that 5M subscriber video :),http://www.youtube.com/@AC-io8qs
1677,@VRWarLab,Oh ElectroBOOM congrats on your 5M. Maybe you should celebrate with an even greater event? Maybe an even unsafer one? What about you recreate one of those photos Tesla took surrounded by huge sparks from tesla coil...?,UgxCqMp2pv-kqao4p6R4AaABAg,,0,https://www.youtube.com/watch?v=lT3vGaOLWqE&lc=UgxCqMp2pv-kqao4p6R4AaABAg,2/27/2022 20:53,0,Oh ElectroBOOM congrats on your 5M. Maybe you should celebrate with an even greater event? Maybe an even unsafer one? What about you recreate one of those photos Tesla took surrounded by huge sparks from tesla coil...?,http://www.youtube.com/@VRWarLab
1678,@BelowTheHeights,This guy is paying is life force for the funny,UgynuhhZKRZMZ6sw4iV4AaABAg,,0,https://www.youtube.com/watch?v=lT3vGaOLWqE&lc=UgynuhhZKRZMZ6sw4iV4AaABAg,2/27/2022 16:44,0,This guy is paying is life force for the funny,http://www.youtube.com/@BelowTheHeights
1679,@brorober,Please at least wear safety glasses so you can see what you\'re doing for your next "shocking" video.,Ugz9SdJkNjmqz6XMaIJ4AaABAg,,0,https://www.youtube.com/watch?v=lT3vGaOLWqE&lc=Ugz9SdJkNjmqz6XMaIJ4AaABAg,2/27/2022 12:41,0,Please at least wear safety glasses so you can see what you\'re doing for your next "shocking" video.,http://www.youtube.com/@brorober
1680,@numquam7209,just hit 5 milion,UgyyO0oASg8VzqUQvz14AaABAg,,0,https://www.youtube.com/watch?v=lT3vGaOLWqE&lc=UgyyO0oASg8VzqUQvz14AaABAg,2/27/2022 11:06,0,just hit 5 milion,http://www.youtube.com/@numquam7209
1681,@kamleshchoudhary7856,See 1.41 at 0.25 speed it\'s very funny ?§£?§£?§£,Ugx0LBDmKNzQ2ONWqQh4AaABAg,,1,https://www.youtube.com/watch?v=lT3vGaOLWqE&lc=Ugx0LBDmKNzQ2ONWqQh4AaABAg,2/27/2022 5:16,0,See 1.41 at 0.25 speed it\'s very funny ?§£?§£?§£,http://www.youtube.com/@kamleshchoudhary7856
1682,@Bghehllo,7:57 a super villains origin ?¶π‚?ç‚??Ô∏è,UgxPv61rJjPBBsnkX1B4AaABAg,,0,https://www.youtube.com/watch?v=lT3vGaOLWqE&lc=UgxPv61rJjPBBsnkX1B4AaABAg,2/26/2022 21:30,0,7:57 a super villains origin ?¶π‚?ç‚??Ô∏è,http://www.youtube.com/@Bghehllo
1683,@landonwarren4507,Love your videos very educational at the same time u crack me up ???,Ugwo4FlfT-2T-d0SMuR4AaABAg,,1,https://www.youtube.com/watch?v=lT3vGaOLWqE&lc=Ugwo4FlfT-2T-d0SMuR4AaABAg,2/26/2022 19:17,0,Love your videos very educational at the same time u crack me up ???,http://www.youtube.com/@landonwarren4507
1684,@keithslagter6199,"This video should not be allowed for viewers to watch. This video practices irresponsible behavior around deadly high voltage electricity. People will die from electrocution if they act irresponsible like this guy does. This vid is not a benefit in learning about electricity, however it does educate how to remove yourself from the gene pool by electrocuting yourself. Bad Video!",UgywstXNtpP0b67CHBV4AaABAg,,0,https://www.youtube.com/watch?v=lT3vGaOLWqE&lc=UgywstXNtpP0b67CHBV4AaABAg,2/26/2022 4:18,1,"This video should not be allowed for viewers to watch. This video practices irresponsible behavior around deadly high voltage electricity. People will die from electrocution if they act irresponsible like this guy does. This vid is not a benefit in learning about electricity, however it does educate how to remove yourself from the gene pool by electrocuting yourself. Bad Video!",http://www.youtube.com/@keithslagter6199
1685,@TetraKael,"This video is a great example of what NOT to do when handling electricity. And its still educational. And the fact that he shocks himself and feel genuine pain is what makes people not do the shit that he does in the video. Anyone who follows every BAD thing that he does in the video, is outright stupid and is not within mehdi\'s jurisdiction. Also, all of his ""shocks"" are planned, not accidental.",UgywstXNtpP0b67CHBV4AaABAg.9YuMUnnkiPt9YuzdxObTc_,@keithslagter6199,0,https://www.youtube.com/watch?v=lT3vGaOLWqE&lc=UgywstXNtpP0b67CHBV4AaABAg.9YuMUnnkiPt9YuzdxObTc_,2/26/2022 10:09,0,"This video is a great example of what NOT to do when handling electricity. And its still educational. And the fact that he shocks himself and feel genuine pain is what makes people not do the shit that he does in the video. Anyone who follows every BAD thing that he does in the video, is outright stupid and is not within mehdi\'s jurisdiction. Also, all of his ""shocks"" are planned, not accidental.",http://www.youtube.com/@TetraKael
1686,@kalikgamer69,420k likes NICE [Kinda],UgyctyXNsIgWgCniK9N4AaABAg,,0,https://www.youtube.com/watch?v=lT3vGaOLWqE&lc=UgyctyXNsIgWgCniK9N4AaABAg,2/26/2022 2:55,0,420k likes NICE [Kinda],http://www.youtube.com/@kalikgamer69
1687,@ElevatorWasher5000,5000000,Ugy62a35yMPENyyOgkd4AaABAg,,0,https://www.youtube.com/watch?v=lT3vGaOLWqE&lc=Ugy62a35yMPENyyOgkd4AaABAg,2/25/2022 20:14,0,5000000,http://www.youtube.com/@ElevatorWasher5000
1688,@runninggag,I mean the last words would have been very wise and remembered,UgwDy-QQYIE_36p5pdt4AaABAg,,0,https://www.youtube.com/watch?v=lT3vGaOLWqE&lc=UgwDy-QQYIE_36p5pdt4AaABAg,2/25/2022 15:06,0,I mean the last words would have been very wise and remembered,http://www.youtube.com/@runninggag
1689,@northerntarantulas,If no one has mentioned it. Jacobs ladder is named for the way the arcs assend to the sky. Like the biblical story.,Ugxn8JpbE2qV_RFxuSN4AaABAg,,0,https://www.youtube.com/watch?v=lT3vGaOLWqE&lc=Ugxn8JpbE2qV_RFxuSN4AaABAg,2/25/2022 14:57,0,If no one has mentioned it. Jacobs ladder is named for the way the arcs assend to the sky. Like the biblical story.,http://www.youtube.com/@northerntarantulas
1690,@austinmiller9689,Is it to late to win a 3d printer,Ugz6O6OTQX2OmHUcQPJ4AaABAg,,0,https://www.youtube.com/watch?v=lT3vGaOLWqE&lc=Ugz6O6OTQX2OmHUcQPJ4AaABAg,2/25/2022 14:03,0,Is it to late to win a 3d printer,http://www.youtube.com/@austinmiller9689
1691,@thrilleddany2706,7:49 the ladder sharted lol,Ugx98lNMqBqjBLhoUCN4AaABAg,,0,https://www.youtube.com/watch?v=lT3vGaOLWqE&lc=Ugx98lNMqBqjBLhoUCN4AaABAg,2/25/2022 13:57,0,7:49 the ladder sharted lol,http://www.youtube.com/@thrilleddany2706
1692,@tacounlocked4946,The amount of times he got shocked is insane,UgxHHlR5gjVU3FanS9d4AaABAg,,0,https://www.youtube.com/watch?v=lT3vGaOLWqE&lc=UgxHHlR5gjVU3FanS9d4AaABAg,2/24/2022 22:14,0,The amount of times he got shocked is insane,http://www.youtube.com/@tacounlocked4946
1693,@lorenzothepasta2820,"Please be careful mehdi! NOBODY MAKE THIS, because he nearly went into the light at 8:00",UgzzaAYLyWpjBSwo6KV4AaABAg,,0,https://www.youtube.com/watch?v=lT3vGaOLWqE&lc=UgzzaAYLyWpjBSwo6KV4AaABAg,2/23/2022 13:34,0,"Please be careful mehdi! NOBODY MAKE THIS, because he nearly went into the light at 8:00",http://www.youtube.com/@lorenzothepasta2820
1694,@krystianpolska7841,Your at 5 mil and I still don‚??t have a lolzbotmini,Ugy7BcU7bFH9KKF5Y3Z4AaABAg,,0,https://www.youtube.com/watch?v=lT3vGaOLWqE&lc=Ugy7BcU7bFH9KKF5Y3Z4AaABAg,2/23/2022 12:16,0,Your at 5 mil and I still don‚??t have a lolzbotmini,http://www.youtube.com/@krystianpolska7841
1695,@pfwhenry,Nigga just wear gloves,Ugz3uyRl730wTHWNH6R4AaABAg,,0,https://www.youtube.com/watch?v=lT3vGaOLWqE&lc=Ugz3uyRl730wTHWNH6R4AaABAg,2/23/2022 9:39,0,Nigga just wear gloves,http://www.youtube.com/@pfwhenry
1696,@wesleybernardo4396,QUE SE SOLTARAM RAPIDO EU SO FIQUEI COM QUEIMADURAS DE TERCEIRO GRAU KKKKKKKKKKKKKKKKKK,UgyXQSoiH0dIhwGSmJF4AaABAg,,0,https://www.youtube.com/watch?v=lT3vGaOLWqE&lc=UgyXQSoiH0dIhwGSmJF4AaABAg,2/23/2022 7:35,0,QUE SE SOLTARAM RAPIDO EU SO FIQUEI COM QUEIMADURAS DE TERCEIRO GRAU KKKKKKKKKKKKKKKKKK,http://www.youtube.com/@wesleybernardo4396
1697,@wesleybernardo4396,PURA SORTE GRACAS AS CONEXOES VAGABUNDAS COM O TRANSFORMADOR KKKKKKKKKKKKKKK,Ugw__N9FD0Vk5scIsKx4AaABAg,,0,https://www.youtube.com/watch?v=lT3vGaOLWqE&lc=Ugw__N9FD0Vk5scIsKx4AaABAg,2/23/2022 7:31,0,PURA SORTE GRACAS AS CONEXOES VAGABUNDAS COM O TRANSFORMADOR KKKKKKKKKKKKKKK,http://www.youtube.com/@wesleybernardo4396
1698,@wesleybernardo4396,QUE SORTE GRACAS AS CONEXOES VAGABUNDAS COM O TRANSFORMADOR KKKKKKKKKKKKKKKKKK,UgzDJrdQKrNfjSRxiz54AaABAg,,0,https://www.youtube.com/watch?v=lT3vGaOLWqE&lc=UgzDJrdQKrNfjSRxiz54AaABAg,2/23/2022 7:29,0,QUE SORTE GRACAS AS CONEXOES VAGABUNDAS COM O TRANSFORMADOR KKKKKKKKKKKKKKKKKK,http://www.youtube.com/@wesleybernardo4396
1699,@wesleybernardo4396,QUE DIABOS QUE DIABOS PORQUE AS COISAS RUINS ACONTECEM COM AS PESSOAS BOAS KKKKKKKKKKKKKKKKKKKKKKKK,UgxT2H8ALcYI-tO_y-t4AaABAg,,0,https://www.youtube.com/watch?v=lT3vGaOLWqE&lc=UgxT2H8ALcYI-tO_y-t4AaABAg,2/23/2022 7:26,0,QUE DIABOS QUE DIABOS PORQUE AS COISAS RUINS ACONTECEM COM AS PESSOAS BOAS KKKKKKKKKKKKKKKKKKKKKKKK,http://www.youtube.com/@wesleybernardo4396
1700,@wesleybernardo4396,E SE ADICIONAR UMAS VELAS QUE SAEM FAISCAS KKKKKKKKKKKKKKKKK,UgwHEzO6SlqWgL9v4Cp4AaABAg,,0,https://www.youtube.com/watch?v=lT3vGaOLWqE&lc=UgwHEzO6SlqWgL9v4Cp4AaABAg,2/23/2022 7:23,0,E SE ADICIONAR UMAS VELAS QUE SAEM FAISCAS KKKKKKKKKKKKKKKKK,http://www.youtube.com/@wesleybernardo4396
1701,@wesleybernardo4396,FOGO CRIA PALMAS KKKKKKKKKKK,UgzLAIm-XS0OoJ6e3Ip4AaABAg,,0,https://www.youtube.com/watch?v=lT3vGaOLWqE&lc=UgzLAIm-XS0OoJ6e3Ip4AaABAg,2/23/2022 7:21,0,FOGO CRIA PALMAS KKKKKKKKKKK,http://www.youtube.com/@wesleybernardo4396
1702,@wesleybernardo4396,FOGO KKKKKKK,UgyfbysBIgS1ZvUoVWR4AaABAg,,0,https://www.youtube.com/watch?v=lT3vGaOLWqE&lc=UgyfbysBIgS1ZvUoVWR4AaABAg,2/23/2022 7:21,0,FOGO KKKKKKK,http://www.youtube.com/@wesleybernardo4396
1703,@wesleybernardo4396,MALDITO DISJUNTOR KKKKKKKKKK,UgwdBggB5EBB0cS5vVB4AaABAg,,0,https://www.youtube.com/watch?v=lT3vGaOLWqE&lc=UgwdBggB5EBB0cS5vVB4AaABAg,2/23/2022 7:20,0,MALDITO DISJUNTOR KKKKKKKKKK,http://www.youtube.com/@wesleybernardo4396
1704,@miladgolmohammadi,IRAN,UgyKNABUshZs4BBNsKN4AaABAg,,0,https://www.youtube.com/watch?v=lT3vGaOLWqE&lc=UgyKNABUshZs4BBNsKN4AaABAg,2/23/2022 6:44,0,IRAN,http://www.youtube.com/@miladgolmohammadi
1705,@kittyn5222,I thought you were Indian but just googled it He\'s from Iranian And 40 percent Canadian,Ugze79FxnhYp92z2Njd4AaABAg,,0,https://www.youtube.com/watch?v=lT3vGaOLWqE&lc=Ugze79FxnhYp92z2Njd4AaABAg,2/23/2022 1:52,0,I thought you were Indian but just googled it He\'s from Iranian And 40 percent Canadian,http://www.youtube.com/@kittyn5222
1706,@The_Big_Krill,Wait a sec it has venom?,UgwOFw1J5F5wsCgf5_t4AaABAg,,0,https://www.youtube.com/watch?v=lT3vGaOLWqE&lc=UgwOFw1J5F5wsCgf5_t4AaABAg,2/22/2022 11:21,0,Wait a sec it has venom?,http://www.youtube.com/@The_Big_Krill
1707,@xivokv5548,Jacob definitely got electrocuted and he wanted everyone to experience that.,UgyGGBzczZqkdfPN5S14AaABAg,,2,https://www.youtube.com/watch?v=lT3vGaOLWqE&lc=UgyGGBzczZqkdfPN5S14AaABAg,2/22/2022 9:12,0,Jacob definitely got electrocuted and he wanted everyone to experience that.,http://www.youtube.com/@xivokv5548
1708,@_Coffeecrisp_,"4 years later, 4 million subs later",UgxgRjDfBYin9xNzr1F4AaABAg,,0,https://www.youtube.com/watch?v=lT3vGaOLWqE&lc=UgxgRjDfBYin9xNzr1F4AaABAg,2/22/2022 3:03,0,"4 years later, 4 million subs later",http://www.youtube.com/@_Coffeecrisp_
1709,@sergiotorloni5166,"You never answered me  probably think I\'m a nutjob smoking pot  living in his parents basemant. I am a physician, NOT A PHYSICIST BECAUSE I SUCK ST MATH! I have over the years, I am now68yrs old, and been in practice for almost 40 Years. I have a background in electronics, TV repairman  Extra Class amateur radio with radar endorsement. Talking with many patients over the years I have come with bits and pieces of experiments  tecchnoologies from the 1940\'s on. My most practical is the foundations of the Philadelphia experiment. NONE OF THIS IS PART OF AN NON DISCLOSURE AGREEMENT! The USS Eldridge \'s hull,was gutted to allow massive,Diesel-generators  voltage regulators (Variacs). The goal was to deflect light  radar signals aroundd the ship,during the war. Thisvwas done by using 3 sets of Tesla coils distributed over the deck of the ship. Here is where things get weird! 6 meter long Tesla coils were mounted with primaries mounted close enough to each other but far enough so that they would not arc. The coils were mounted on a XYZ configuration in groups of three. Three sets of those were placed equidistantly on top of the ship. I do not know what the diameter of the coils nor the voltage that was applied nor the frequency at which they resonated. I know that the experiment worked. First the corona effect involve the ship is the voltage/frequency went up the fog disappeared and just the imprint of the ship hole on the water was noticeable the rest was transparent. As the voltage/frequency was frequency was further increase the whole damn thing disappeared and you know the rest of the story. I do have some insight as to how the quails arranged in XYZ position could have function. But this is pure speculation. I would like to have your take on this and discuss may be online or not about this project. Is there a way to contact you via email or any other way? This is the second time I try to,get hold of you. I am a board certified pathologist  work,in the largest cancer center in the U.S. Dr. T",UgzLa-ZGIka3Tx5B9qt4AaABAg,,0,https://www.youtube.com/watch?v=lT3vGaOLWqE&lc=UgzLa-ZGIka3Tx5B9qt4AaABAg,2/22/2022 1:44,0,"You never answered me  probably think I\'m a nutjob smoking pot  living in his parents basemant. I am a physician, NOT A PHYSICIST BECAUSE I SUCK ST MATH! I have over the years, I am now68yrs old, and been in practice for almost 40 Years. I have a background in electronics, TV repairman  Extra Class amateur radio with radar endorsement. Talking with many patients over the years I have come with bits and pieces of experiments  tecchnoologies from the 1940\'s on. My most practical is the foundations of the Philadelphia experiment. NONE OF THIS IS PART OF AN NON DISCLOSURE AGREEMENT! The USS Eldridge \'s hull,was gutted to allow massive,Diesel-generators  voltage regulators (Variacs). The goal was to deflect light  radar signals aroundd the ship,during the war. Thisvwas done by using 3 sets of Tesla coils distributed over the deck of the ship. Here is where things get weird! 6 meter long Tesla coils were mounted with primaries mounted close enough to each other but far enough so that they would not arc. The coils were mounted on a XYZ configuration in groups of three. Three sets of those were placed equidistantly on top of the ship. I do not know what the diameter of the coils nor the voltage that was applied nor the frequency at which they resonated. I know that the experiment worked. First the corona effect involve the ship is the voltage/frequency went up the fog disappeared and just the imprint of the ship hole on the water was noticeable the rest was transparent. As the voltage/frequency was frequency was further increase the whole damn thing disappeared and you know the rest of the story. I do have some insight as to how the quails arranged in XYZ position could have function. But this is pure speculation. I would like to have your take on this and discuss may be online or not about this project. Is there a way to contact you via email or any other way? This is the second time I try to,get hold of you. I am a board certified pathologist  work,in the largest cancer center in the U.S. Dr. T",http://www.youtube.com/@sergiotorloni5166
1710,@mohammad6356,i think this stupidity is his chose to motivate us to see more,UgxYUJW4DBGgTE9sMA54AaABAg,,0,https://www.youtube.com/watch?v=lT3vGaOLWqE&lc=UgxYUJW4DBGgTE9sMA54AaABAg,2/21/2022 14:38,0,i think this stupidity is his chose to motivate us to see more,http://www.youtube.com/@mohammad6356
1711,@GhostCabinet,"Mehdi isn\'t lucky, he\'s just indestructible",Ugy80XfYXq-7ypTgZXB4AaABAg,,0,https://www.youtube.com/watch?v=lT3vGaOLWqE&lc=Ugy80XfYXq-7ypTgZXB4AaABAg,2/21/2022 14:09,0,"Mehdi isn\'t lucky, he\'s just indestructible",http://www.youtube.com/@GhostCabinet
1712,@dragonslayers_6423,It\'s funny in every episode he says to where protective gear or something like that but never does it himself. Mehdi... historians should think of you as the true creator of the word Hippocrates.,Ugw0sltHamGwY-TREy14AaABAg,,0,https://www.youtube.com/watch?v=lT3vGaOLWqE&lc=Ugw0sltHamGwY-TREy14AaABAg,2/21/2022 13:48,0,It\'s funny in every episode he says to where protective gear or something like that but never does it himself. Mehdi... historians should think of you as the true creator of the word Hippocrates.,http://www.youtube.com/@dragonslayers_6423
1713,@axolotlgaming9144,get a bracelet that has metal on it and connect a wire for ground,UgyNwiQRt9wTEggZsQh4AaABAg,,0,https://www.youtube.com/watch?v=lT3vGaOLWqE&lc=UgyNwiQRt9wTEggZsQh4AaABAg,2/21/2022 10:11,0,get a bracelet that has metal on it and connect a wire for ground,http://www.youtube.com/@axolotlgaming9144
1714,@jedricksalo3837,What if medhi is the real rick thats why he never dies. Maybe there a different clone of him self in his basement every time one medhi dies he is then replaced by a new one?§??§??§£?§£,UgzJQ2pECkyXCMhAkkt4AaABAg,,0,https://www.youtube.com/watch?v=lT3vGaOLWqE&lc=UgzJQ2pECkyXCMhAkkt4AaABAg,2/21/2022 7:27,0,What if medhi is the real rick thats why he never dies. Maybe there a different clone of him self in his basement every time one medhi dies he is then replaced by a new one?§??§??§£?§£,http://www.youtube.com/@jedricksalo3837
1715,@TheBriti-Critic,Imagine almost dying in a celebration video,Ugy36twLx4sQrNRSrd54AaABAg,,0,https://www.youtube.com/watch?v=lT3vGaOLWqE&lc=Ugy36twLx4sQrNRSrd54AaABAg,2/21/2022 0:42,0,Imagine almost dying in a celebration video,http://www.youtube.com/@TheBriti-Critic
1716,@Lamalas,You are my favorite masochist Mehdi! I\'v been subbed for over a year now. I hope you don\'t mind me laughing when you shock yourself. lulz ;),Ugzgsxhste9stx57PJh4AaABAg,,0,https://www.youtube.com/watch?v=lT3vGaOLWqE&lc=Ugzgsxhste9stx57PJh4AaABAg,2/20/2022 18:32,0,You are my favorite masochist Mehdi! I\'v been subbed for over a year now. I hope you don\'t mind me laughing when you shock yourself. lulz ;),http://www.youtube.com/@Lamalas
1717,@Dimensionality2684,"Stop it, get some help",UgzBxLF3QaUAGCk8Ggp4AaABAg,,0,https://www.youtube.com/watch?v=lT3vGaOLWqE&lc=UgzBxLF3QaUAGCk8Ggp4AaABAg,2/20/2022 14:15,0,"Stop it, get some help",http://www.youtube.com/@Dimensionality2684
1718,@johnsaup5005,yow now who get ge giveaway. 4 y. from now ?§£,Ugwy9WqeqUu8AHsLeUt4AaABAg,,0,https://www.youtube.com/watch?v=lT3vGaOLWqE&lc=Ugwy9WqeqUu8AHsLeUt4AaABAg,2/20/2022 13:49,0,yow now who get ge giveaway. 4 y. from now ?§£,http://www.youtube.com/@johnsaup5005
1719,@musharafkymusharafky834,"You are a family earner man, please don\'t try this dangerous experiments. One day your life will be taken away. Please don\'t try this because of your safety I will saying to your safety please don\'t try ??¢??¢??¢??¢??¢??¢??¢??¢??¢??¢??¢??¢??¢??¢??¢??¢??¢??¢??¢",UgzF0lwHMHnW943HWwl4AaABAg,,0,https://www.youtube.com/watch?v=lT3vGaOLWqE&lc=UgzF0lwHMHnW943HWwl4AaABAg,2/20/2022 12:58,0,"You are a family earner man, please don\'t try this dangerous experiments. One day your life will be taken away. Please don\'t try this because of your safety I will saying to your safety please don\'t try ??¢??¢??¢??¢??¢??¢??¢??¢??¢??¢??¢??¢??¢??¢??¢??¢??¢??¢??¢",http://www.youtube.com/@musharafkymusharafky834
1720,@Comrade_YG,Congratulations on 5 million,UgzbNhR4l0ywDFWhCWN4AaABAg,,0,https://www.youtube.com/watch?v=lT3vGaOLWqE&lc=UgzbNhR4l0ywDFWhCWN4AaABAg,2/20/2022 7:22,0,Congratulations on 5 million,http://www.youtube.com/@Comrade_YG
1721,@Animationworld097,?????????????§£?§£?§£?§£,UgzCSHRWyQKyFij6LJx4AaABAg,,0,https://www.youtube.com/watch?v=lT3vGaOLWqE&lc=UgzCSHRWyQKyFij6LJx4AaABAg,2/20/2022 5:14,0,?????????????§£?§£?§£?§£,http://www.youtube.com/@Animationworld097
1722,@Sir_Miles_Riley,1:45 had me dying lol.,UgxKjzzTPWrQM76OIj94AaABAg,,0,https://www.youtube.com/watch?v=lT3vGaOLWqE&lc=UgxKjzzTPWrQM76OIj94AaABAg,2/20/2022 3:33,0,1:45 had me dying lol.,http://www.youtube.com/@Sir_Miles_Riley
1723,@adumbchicken8022,It‚??s a fucking miracle this man is not dead yet,Ugy5_A5Ok7hxtMPuWKt4AaABAg,,1,https://www.youtube.com/watch?v=lT3vGaOLWqE&lc=Ugy5_A5Ok7hxtMPuWKt4AaABAg,2/20/2022 2:00,0,It‚??s a fucking miracle this man is not dead yet,http://www.youtube.com/@adumbchicken8022
1724,@chllgy,Ok real question here please god tell me that wasent real I know electro boom knows his shit I\'m a technician and this video hurts to watch because I know if that was real the high voltage would create a magnetic field moving the rods and then they would fall onto him killing him despite the weak alligator clips. so this is all staged but wondering what his "stunt" circuit is???,UgwKf72t_Us0sPmUW8t4AaABAg,,0,https://www.youtube.com/watch?v=lT3vGaOLWqE&lc=UgwKf72t_Us0sPmUW8t4AaABAg,2/19/2022 21:41,0,Ok real question here please god tell me that wasent real I know electro boom knows his shit I\'m a technician and this video hurts to watch because I know if that was real the high voltage would create a magnetic field moving the rods and then they would fall onto him killing him despite the weak alligator clips. so this is all staged but wondering what his "stunt" circuit is???,http://www.youtube.com/@chllgy
1725,@MrBlack.,"Have you ever once considered wearing RUBBER GLOVES or other protective gear, for such experiments? I swear one day you are going cook yourself for real, right on camera too. (grins) I know you think you know what you are doing, but do you really? From our POV you are a great example of what NOT TO DO, but it sure is fun to watch you do it.",UgzxlmEeWv-Vyjm3ODF4AaABAg,,0,https://www.youtube.com/watch?v=lT3vGaOLWqE&lc=UgzxlmEeWv-Vyjm3ODF4AaABAg,2/19/2022 20:02,0,"Have you ever once considered wearing RUBBER GLOVES or other protective gear, for such experiments? I swear one day you are going cook yourself for real, right on camera too. (grins) I know you think you know what you are doing, but do you really? From our POV you are a great example of what NOT TO DO, but it sure is fun to watch you do it.",http://www.youtube.com/@MrBlack.
1726,@armaanmalhotra9042,??•??•??•,UgyvAMAFcg1h64GjQGN4AaABAg,,1,https://www.youtube.com/watch?v=lT3vGaOLWqE&lc=UgyvAMAFcg1h64GjQGN4AaABAg,2/19/2022 16:04,0,??•??•??•,http://www.youtube.com/@armaanmalhotra9042
1727,@apolarbear826,dadash khoto naga,Ugyd74q8pXvz4WMJyEN4AaABAg,,0,https://www.youtube.com/watch?v=lT3vGaOLWqE&lc=Ugyd74q8pXvz4WMJyEN4AaABAg,2/19/2022 6:37,1,dadash khoto naga,http://www.youtube.com/@apolarbear826
1728,@mrbest5407,???Ÿ?Ÿ?€? ⁄©ÿßÿ±ÿ¥ ÿØÿ±ÿ≥ÿ™Ÿ?,Ugyd74q8pXvz4WMJyEN4AaABAg.9Yc_sjR-md79Yd2kYY4Rj3,@apolarbear826,0,https://www.youtube.com/watch?v=lT3vGaOLWqE&lc=Ugyd74q8pXvz4WMJyEN4AaABAg.9Yc_sjR-md79Yd2kYY4Rj3,2/19/2022 10:58,0,???Ÿ?Ÿ?€? ⁄©ÿßÿ±ÿ¥ ÿØÿ±ÿ≥ÿ™Ÿ?,http://www.youtube.com/@mrbest5407
1729,@marker8333,I love how he doesn\'t get happy that he\'s still alive. Instead he gets dissapointed and angry at the same time,UgyJS-35jTvrCkxw6254AaABAg,,2,https://www.youtube.com/watch?v=lT3vGaOLWqE&lc=UgyJS-35jTvrCkxw6254AaABAg,2/19/2022 4:04,0,I love how he doesn\'t get happy that he\'s still alive. Instead he gets dissapointed and angry at the same time,http://www.youtube.com/@marker8333
1730,@ronchabale,Haha,UgzBffrSkIqRU1OQhih4AaABAg,,0,https://www.youtube.com/watch?v=lT3vGaOLWqE&lc=UgzBffrSkIqRU1OQhih4AaABAg,2/19/2022 3:55,0,Haha,http://www.youtube.com/@ronchabale
1731,@slendydie1267,This is one of those videos where the title really understates what is going to happen in this video,UgwSXS7A7b9Dm3DsNB94AaABAg,,1,https://www.youtube.com/watch?v=lT3vGaOLWqE&lc=UgwSXS7A7b9Dm3DsNB94AaABAg,2/18/2022 17:01,0,This is one of those videos where the title really understates what is going to happen in this video,http://www.youtube.com/@slendydie1267
1732,@TetrahedronDash,"Coming back to this, the funny weird sound it makes at 7:47 always kills me of laughter XDDDD",Ugw8_pC8WbRqSm6gnn94AaABAg,,0,https://www.youtube.com/watch?v=lT3vGaOLWqE&lc=Ugw8_pC8WbRqSm6gnn94AaABAg,2/18/2022 16:13,0,"Coming back to this, the funny weird sound it makes at 7:47 always kills me of laughter XDDDD",http://www.youtube.com/@TetrahedronDash
1733,@js100serch,"I love this because he knows what he is doing, he makes intentional mistakes and takes calculated risks, he uses his deep knowledge on electricity to make us think he is getting injured. I mean he is but his life is never at risk because he knows his shit.",UgxNExmADLcvjOVc7Nt4AaABAg,,3,https://www.youtube.com/watch?v=lT3vGaOLWqE&lc=UgxNExmADLcvjOVc7Nt4AaABAg,2/18/2022 14:08,0,"I love this because he knows what he is doing, he makes intentional mistakes and takes calculated risks, he uses his deep knowledge on electricity to make us think he is getting injured. I mean he is but his life is never at risk because he knows his shit.",http://www.youtube.com/@js100serch
1734,@waynepowell567,"Really funny. I get the humor. Had tears in my eyes. Thanks for this. I needed the humor, what a relief. My Dad was a Electrician. Keep up the great work and thanks again.",UgzYhvOrAQuJIiNogHR4AaABAg,,3,https://www.youtube.com/watch?v=lT3vGaOLWqE&lc=UgzYhvOrAQuJIiNogHR4AaABAg,2/17/2022 23:39,0,"Really funny. I get the humor. Had tears in my eyes. Thanks for this. I needed the humor, what a relief. My Dad was a Electrician. Keep up the great work and thanks again.",http://www.youtube.com/@waynepowell567
1735,@antimattv,Why on Earth would you try to catch the damn thing?! ?§£?§£ BTW nice Pavarotti singing at the end!,Ugzl2R9EVRjsEpk9m7B4AaABAg,,0,https://www.youtube.com/watch?v=lT3vGaOLWqE&lc=Ugzl2R9EVRjsEpk9m7B4AaABAg,2/17/2022 23:22,0,Why on Earth would you try to catch the damn thing?! ?§£?§£ BTW nice Pavarotti singing at the end!,http://www.youtube.com/@antimattv
1736,@Ziemniaczek,"4,5 years later and your almost at 5mil",Ugy1tWKXhZafn-yAjmB4AaABAg,,0,https://www.youtube.com/watch?v=lT3vGaOLWqE&lc=Ugy1tWKXhZafn-yAjmB4AaABAg,2/17/2022 19:19,0,"4,5 years later and your almost at 5mil",http://www.youtube.com/@Ziemniaczek
1737,@BreadMan96,This man is a living quantum immorality experiment,Ugzg4-LyVPsq3HOxo0h4AaABAg,,0,https://www.youtube.com/watch?v=lT3vGaOLWqE&lc=Ugzg4-LyVPsq3HOxo0h4AaABAg,2/17/2022 6:45,0,This man is a living quantum immorality experiment,http://www.youtube.com/@BreadMan96
1738,@primaleater1616,Almost 5m subscribers now awesome,Ugy6IlAbLXhH05xIlm54AaABAg,,0,https://www.youtube.com/watch?v=lT3vGaOLWqE&lc=Ugy6IlAbLXhH05xIlm54AaABAg,2/16/2022 21:02,0,Almost 5m subscribers now awesome,http://www.youtube.com/@primaleater1616
1739,@vk-ip1vd,7:58 he seems happy already,Ugwx5dkB3daaCNkFo6R4AaABAg,,0,https://www.youtube.com/watch?v=lT3vGaOLWqE&lc=Ugwx5dkB3daaCNkFo6R4AaABAg,2/16/2022 19:24,0,7:58 he seems happy already,http://www.youtube.com/@vk-ip1vd
1740,@ItsMdogYT,We will always remember the time when Electroboom almost killed himself to celebrate 1 million subs,Ugw2UeULtwQ8KOdIfMB4AaABAg,,0,https://www.youtube.com/watch?v=lT3vGaOLWqE&lc=Ugw2UeULtwQ8KOdIfMB4AaABAg,2/16/2022 1:56,0,We will always remember the time when Electroboom almost killed himself to celebrate 1 million subs,http://www.youtube.com/@ItsMdogYT
1741,@WithWaterZ,Bad thing to say to something that could kill you. 7:55,UgzR7OTcNQicZWcusAp4AaABAg,,0,https://www.youtube.com/watch?v=lT3vGaOLWqE&lc=UgzR7OTcNQicZWcusAp4AaABAg,2/16/2022 0:22,0,Bad thing to say to something that could kill you. 7:55,http://www.youtube.com/@WithWaterZ
1742,@bobross3880,I\'m a 1st year comp sci student and I will gladly take one of those 3d printers so I can make chassis and other equipment for my devious plans :) thanks bro,UgwSCiI9kSlytKYyl8B4AaABAg,,0,https://www.youtube.com/watch?v=lT3vGaOLWqE&lc=UgwSCiI9kSlytKYyl8B4AaABAg,2/15/2022 23:53,0,I\'m a 1st year comp sci student and I will gladly take one of those 3d printers so I can make chassis and other equipment for my devious plans :) thanks bro,http://www.youtube.com/@bobross3880
1743,@felixdiaz4438,"??Å??Å??Å??Å??ù, eso es peligroso bro , danger",UgzBB0szgvMcHozcZXp4AaABAg,,0,https://www.youtube.com/watch?v=lT3vGaOLWqE&lc=UgzBB0szgvMcHozcZXp4AaABAg,2/15/2022 14:07,0,"??Å??Å??Å??Å??ù, eso es peligroso bro , danger",http://www.youtube.com/@felixdiaz4438
1744,@animalslover6834,Today i realise Why scientist are mad,UgybhuVFu2kyWSus8Sx4AaABAg,,0,https://www.youtube.com/watch?v=lT3vGaOLWqE&lc=UgybhuVFu2kyWSus8Sx4AaABAg,2/14/2022 11:23,0,Today i realise Why scientist are mad,http://www.youtube.com/@animalslover6834
1745,@the_player_2,Test https://youtu.be/zfc1w5XM6bA,UgzWSAF9Y6AtSUkH3Nl4AaABAg,,0,https://www.youtube.com/watch?v=lT3vGaOLWqE&lc=UgzWSAF9Y6AtSUkH3Nl4AaABAg,2/13/2022 10:29,0,Test https://youtu.be/zfc1w5XM6bA,http://www.youtube.com/@the_player_2
1746,@Kidddas,8:00 u almost got electrocuted,UgwkMOQfo8SOEILlmqh4AaABAg,,0,https://www.youtube.com/watch?v=lT3vGaOLWqE&lc=UgwkMOQfo8SOEILlmqh4AaABAg,2/13/2022 3:44,0,8:00 u almost got electrocuted,http://www.youtube.com/@Kidddas
1747,@thehobbyistartist2475,Children don\'t try this at home,UgxmQsYyUX-XhrzmtFZ4AaABAg,,0,https://www.youtube.com/watch?v=lT3vGaOLWqE&lc=UgxmQsYyUX-XhrzmtFZ4AaABAg,2/13/2022 0:23,0,Children don\'t try this at home,http://www.youtube.com/@thehobbyistartist2475
1748,@enderstar2050,Hey Electroboom do you think you can make a 50M volt Tesla coil? Well if you don\'t here\'s a tip. So 1 microwave transformer is 1= 2000 volts  we need to make 50M so 2000 2000 =4000 and so we multiply  add 2000x4 = 8000 so we got 8000 we take that and multiply 8000x 600=5\'000\'000 so it would take a lot of transforms to make that I didn\'t need a calculator buy the way!,UgxTL-qZYtvptrJWS3Z4AaABAg,,0,https://www.youtube.com/watch?v=lT3vGaOLWqE&lc=UgxTL-qZYtvptrJWS3Z4AaABAg,2/12/2022 14:33,0,Hey Electroboom do you think you can make a 50M volt Tesla coil? Well if you don\'t here\'s a tip. So 1 microwave transformer is 1= 2000 volts  we need to make 50M so 2000 2000 =4000 and so we multiply  add 2000x4 = 8000 so we got 8000 we take that and multiply 8000x 600=5\'000\'000 so it would take a lot of transforms to make that I didn\'t need a calculator buy the way!,http://www.youtube.com/@enderstar2050
1749,@spytechgamer9603,Best tutor YouTuber and comedian ????????•‚ù§Ô∏è Love you sir from india ???‚ù§Ô∏è,UgwP9EMForh8RWlyAb94AaABAg,,1,https://www.youtube.com/watch?v=lT3vGaOLWqE&lc=UgwP9EMForh8RWlyAb94AaABAg,2/12/2022 9:04,0,Best tutor YouTuber and comedian ????????•‚ù§Ô∏è Love you sir from india ???‚ù§Ô∏è,http://www.youtube.com/@spytechgamer9603
1750,@traywor1615,Please don\'t die...,UgxjrDd2e304vtCx-sx4AaABAg,,0,https://www.youtube.com/watch?v=lT3vGaOLWqE&lc=UgxjrDd2e304vtCx-sx4AaABAg,2/11/2022 19:54,0,Please don\'t die...,http://www.youtube.com/@traywor1615
1751,@DF13939,Lol!,UgysYS9f9shRTchn0694AaABAg,,0,https://www.youtube.com/watch?v=lT3vGaOLWqE&lc=UgysYS9f9shRTchn0694AaABAg,2/10/2022 21:40,0,Lol!,http://www.youtube.com/@DF13939
1752,@ErebusXanti,Genius?§™,UgyTUXfBGDAuxdf3V7N4AaABAg,,0,https://www.youtube.com/watch?v=lT3vGaOLWqE&lc=UgyTUXfBGDAuxdf3V7N4AaABAg,2/10/2022 20:36,0,Genius?§™,http://www.youtube.com/@ErebusXanti
1753,@doom_SB08,7:50,UgwakStZhhWZ5bl2gUJ4AaABAg,,0,https://www.youtube.com/watch?v=lT3vGaOLWqE&lc=UgwakStZhhWZ5bl2gUJ4AaABAg,2/9/2022 23:21,0,7:50,http://www.youtube.com/@doom_SB08
1754,@GotaSir911,https://youtu.be/uRVSz7_Bfxs,UgyhBlpm0J5kyzAxTM14AaABAg,,0,https://www.youtube.com/watch?v=lT3vGaOLWqE&lc=UgyhBlpm0J5kyzAxTM14AaABAg,2/9/2022 1:15,0,https://youtu.be/uRVSz7_Bfxs,http://www.youtube.com/@GotaSir911
1755,@thomasmittermair2875,You will gobto haven?§£,Ugxr3uSmcSOCQgW3uw14AaABAg,,0,https://www.youtube.com/watch?v=lT3vGaOLWqE&lc=Ugxr3uSmcSOCQgW3uw14AaABAg,2/8/2022 14:39,0,You will gobto haven?§£,http://www.youtube.com/@thomasmittermair2875
1756,@POLISNecro,Radiowaves and antennas please,Ugx0gWSjb77HU-d3Gfp4AaABAg,,0,https://www.youtube.com/watch?v=lT3vGaOLWqE&lc=Ugx0gWSjb77HU-d3Gfp4AaABAg,2/7/2022 21:18,0,Radiowaves and antennas please,http://www.youtube.com/@POLISNecro
1757,@dremyollokzuulosdovah7876,On my by my own printer because I don‚??t wanna play kick the tin can I wanna play kick the plastic can,Ugywl1pG5IwLu8WJaHh4AaABAg,,0,https://www.youtube.com/watch?v=lT3vGaOLWqE&lc=Ugywl1pG5IwLu8WJaHh4AaABAg,2/6/2022 11:50,0,On my by my own printer because I don‚??t wanna play kick the tin can I wanna play kick the plastic can,http://www.youtube.com/@dremyollokzuulosdovah7876
1758,@adityaagarwal636,8:30 I didn\'t even realised he was speaking rubbish all the time??????,Ugz-TeeJxUfo7VfKUnd4AaABAg,,1,https://www.youtube.com/watch?v=lT3vGaOLWqE&lc=Ugz-TeeJxUfo7VfKUnd4AaABAg,2/6/2022 6:24,0,8:30 I didn\'t even realised he was speaking rubbish all the time??????,http://www.youtube.com/@adityaagarwal636
1759,@agustingarcia8255,3:00 5:33 7:59,Ugz-NxSF3tcZqsrd0Et4AaABAg,,1,https://www.youtube.com/watch?v=lT3vGaOLWqE&lc=Ugz-NxSF3tcZqsrd0Et4AaABAg,2/4/2022 23:41,0,3:00 5:33 7:59,http://www.youtube.com/@agustingarcia8255
1760,@kwanykwany2483,‚?§‚?•,UgyALm8zsdyxM-xgZu94AaABAg,,0,https://www.youtube.com/watch?v=lT3vGaOLWqE&lc=UgyALm8zsdyxM-xgZu94AaABAg,2/3/2022 8:21,0,‚?§‚?•,http://www.youtube.com/@kwanykwany2483
1761,@jacque7357,i love it3,UgzahcWMzyQ3IY1cLJp4AaABAg,,1,https://www.youtube.com/watch?v=lT3vGaOLWqE&lc=UgzahcWMzyQ3IY1cLJp4AaABAg,2/3/2022 7:04,0,i love it3,http://www.youtube.com/@jacque7357
1762,@ellyelletidmai7215,He said he was an idiot,UgwZwTcQFNVHqgOxEFF4AaABAg,,1,https://www.youtube.com/watch?v=lT3vGaOLWqE&lc=UgwZwTcQFNVHqgOxEFF4AaABAg,2/2/2022 22:15,0,He said he was an idiot,http://www.youtube.com/@ellyelletidmai7215
1763,@JC-xv7qi,man i swear this dude is not scared of death,UgwDCr068Fg1zsWJw254AaABAg,,0,https://www.youtube.com/watch?v=lT3vGaOLWqE&lc=UgwDCr068Fg1zsWJw254AaABAg,2/1/2022 23:18,0,man i swear this dude is not scared of death,http://www.youtube.com/@JC-xv7qi
1764,@piotrsulima8696,https://youtube.com/shorts/zCKk7HiKdko?feature=share,UgwVH7Bwg0BwvRHYtiR4AaABAg,,0,https://www.youtube.com/watch?v=lT3vGaOLWqE&lc=UgwVH7Bwg0BwvRHYtiR4AaABAg,2/1/2022 19:06,0,https://youtube.com/shorts/zCKk7HiKdko?feature=share,http://www.youtube.com/@piotrsulima8696
1765,@Manysdugjohn,Oh man... can\'t wait the 5 million subs one,Ugyme-xby5IGlzZ5Kkh4AaABAg,,0,https://www.youtube.com/watch?v=lT3vGaOLWqE&lc=Ugyme-xby5IGlzZ5Kkh4AaABAg,2/1/2022 17:10,0,Oh man... can\'t wait the 5 million subs one,http://www.youtube.com/@Manysdugjohn
1766,@musadiqkaleemkhan7217,"LULZ my BUTT ???or LULZBOT , I really need that 3d printer ?•∫",UgzputRp_xdr62r5RyF4AaABAg,,0,https://www.youtube.com/watch?v=lT3vGaOLWqE&lc=UgzputRp_xdr62r5RyF4AaABAg,2/1/2022 12:51,0,"LULZ my BUTT ???or LULZBOT , I really need that 3d printer ?•∫",http://www.youtube.com/@musadiqkaleemkhan7217
1767,@BatkaPaha,–?–¥–æ–±—?—è—?. –?–æ–±—?–æ—?–Ω—?–µ –≥–∞–π–¥—? :),UgxxS-I0ENfaz_PX_dN4AaABAg,,0,https://www.youtube.com/watch?v=lT3vGaOLWqE&lc=UgxxS-I0ENfaz_PX_dN4AaABAg,2/1/2022 10:57,0,–?–¥–æ–±—?—è—?. –?–æ–±—?–æ—?–Ω—?–µ –≥–∞–π–¥—? :),http://www.youtube.com/@BatkaPaha
1768,@aggy5374,8:00 ???,UgwgTUU_INsyK5nwZ3h4AaABAg,,0,https://www.youtube.com/watch?v=lT3vGaOLWqE&lc=UgwgTUU_INsyK5nwZ3h4AaABAg,2/1/2022 7:20,0,8:00 ???,http://www.youtube.com/@aggy5374
1769,@JAMES-qp8tz,00:01:38 00:01:44 *Ooowwwww!* 00:05:18 00:05:23 00:05:49 00:06:03 00:06:17 00:06:21 00:06:30 00:06:43 00:07:42 00:07:48 00:07:56 00:08:00 *F**K!*,Ugz5t16IXlDUZXcp2V54AaABAg,,1,https://www.youtube.com/watch?v=lT3vGaOLWqE&lc=Ugz5t16IXlDUZXcp2V54AaABAg,1/31/2022 19:20,0,00:01:38 00:01:44 *Ooowwwww!* 00:05:18 00:05:23 00:05:49 00:06:03 00:06:17 00:06:21 00:06:30 00:06:43 00:07:42 00:07:48 00:07:56 00:08:00 *F**K!*,http://www.youtube.com/@JAMES-qp8tz
1770,@M-28xD,I nearly shit myself trying to jump start a car and this guy takes out a 2000 volt microwave motor and does experiment with it.,Ugxvq0okfQGwzKfNYL94AaABAg,,0,https://www.youtube.com/watch?v=lT3vGaOLWqE&lc=Ugxvq0okfQGwzKfNYL94AaABAg,1/31/2022 13:21,0,I nearly shit myself trying to jump start a car and this guy takes out a 2000 volt microwave motor and does experiment with it.,http://www.youtube.com/@M-28xD
1771,@GG_LexoPlayz,8:00 THAT GOT ME LAUGHING!!,Ugy8CFnwZiSszF1EA3V4AaABAg,,1,https://www.youtube.com/watch?v=lT3vGaOLWqE&lc=Ugy8CFnwZiSszF1EA3V4AaABAg,1/30/2022 10:48,0,8:00 THAT GOT ME LAUGHING!!,http://www.youtube.com/@GG_LexoPlayz
1772,@peticasimion4160,I think this guy just wants to die in an interesting way,Ugx2tCNbHHXLasmB2-N4AaABAg,,0,https://www.youtube.com/watch?v=lT3vGaOLWqE&lc=Ugx2tCNbHHXLasmB2-N4AaABAg,1/30/2022 3:38,0,I think this guy just wants to die in an interesting way,http://www.youtube.com/@peticasimion4160
1773,@Pip2andahalf,You are hilarious and amazing. Love your channel,UgzR-I2hWuFeYx8Zw6x4AaABAg,,0,https://www.youtube.com/watch?v=lT3vGaOLWqE&lc=UgzR-I2hWuFeYx8Zw6x4AaABAg,1/30/2022 0:25,0,You are hilarious and amazing. Love your channel,http://www.youtube.com/@Pip2andahalf
1774,@styrishrodrigues,Even I made a Jacob\'s ladder.. https://youtu.be/886N4c8PAIs,Ugx1HjHLXtaMs7ZxOo14AaABAg,,1,https://www.youtube.com/watch?v=lT3vGaOLWqE&lc=Ugx1HjHLXtaMs7ZxOo14AaABAg,1/29/2022 21:47,0,Even I made a Jacob\'s ladder.. https://youtu.be/886N4c8PAIs,http://www.youtube.com/@styrishrodrigues
1775,@ellyelletidmai7215,The long jacobs ladder falls on his body lol,UgwR4D1T3Ukryhw4GqZ4AaABAg,,0,https://www.youtube.com/watch?v=lT3vGaOLWqE&lc=UgwR4D1T3Ukryhw4GqZ4AaABAg,1/29/2022 9:48,1,The long jacobs ladder falls on his body lol,http://www.youtube.com/@ellyelletidmai7215
1776,@harshbeniwal2189,https://youtu.be/886N4c8PAIs,UgwR4D1T3Ukryhw4GqZ4AaABAg.9XmqyiwoSfl9Xo6gVeiaOo,@ellyelletidmai7215,1,https://www.youtube.com/watch?v=lT3vGaOLWqE&lc=UgwR4D1T3Ukryhw4GqZ4AaABAg.9XmqyiwoSfl9Xo6gVeiaOo,1/29/2022 21:33,0,https://youtu.be/886N4c8PAIs,http://www.youtube.com/@harshbeniwal2189
1777,@CallMeAnnoDominiAD,How did that electrician survived the highest voltage how lucky,UgwDj-fXWwLwKjejvpB4AaABAg,,0,https://www.youtube.com/watch?v=lT3vGaOLWqE&lc=UgwDj-fXWwLwKjejvpB4AaABAg,1/29/2022 4:57,1,How did that electrician survived the highest voltage how lucky,http://www.youtube.com/@CallMeAnnoDominiAD
1778,@harshbeniwal2189,https://youtu.be/886N4c8PAIs,UgwDj-fXWwLwKjejvpB4AaABAg.9XmKhvdZGMs9Xo6hmytwTQ,@CallMeAnnoDominiAD,0,https://www.youtube.com/watch?v=lT3vGaOLWqE&lc=UgwDj-fXWwLwKjejvpB4AaABAg.9XmKhvdZGMs9Xo6hmytwTQ,1/29/2022 21:33,0,https://youtu.be/886N4c8PAIs,http://www.youtube.com/@harshbeniwal2189
1779,@nortenhardenberg1598,"Thank You from Germany! You\'re fucking crazy! You know, what You do! It is amazing!!!!",UgxmAvsusSXigKmeEw14AaABAg,,0,https://www.youtube.com/watch?v=lT3vGaOLWqE&lc=UgxmAvsusSXigKmeEw14AaABAg,1/28/2022 15:38,0,"Thank You from Germany! You\'re fucking crazy! You know, what You do! It is amazing!!!!",http://www.youtube.com/@nortenhardenberg1598
1780,@GotaSir911,Electroboom memes https://youtu.be/Nl_-0utedlc,UgzPX4MduN4rwQ0K9PV4AaABAg,,0,https://www.youtube.com/watch?v=lT3vGaOLWqE&lc=UgzPX4MduN4rwQ0K9PV4AaABAg,1/28/2022 6:25,2,Electroboom memes https://youtu.be/Nl_-0utedlc,http://www.youtube.com/@GotaSir911
1781,@harshbeniwal2189,https://youtu.be/886N4c8PAIs,UgzPX4MduN4rwQ0K9PV4AaABAg.9Xjuymxdf-C9Xo6iuwVc4V,@GotaSir911,0,https://www.youtube.com/watch?v=lT3vGaOLWqE&lc=UgzPX4MduN4rwQ0K9PV4AaABAg.9Xjuymxdf-C9Xo6iuwVc4V,1/29/2022 21:33,0,https://youtu.be/886N4c8PAIs,http://www.youtube.com/@harshbeniwal2189
1782,@GotaSir911,Electroboom of India,UgzPX4MduN4rwQ0K9PV4AaABAg.9Xjuymxdf-C9YDG65gZTe3,@GotaSir911,0,https://www.youtube.com/watch?v=lT3vGaOLWqE&lc=UgzPX4MduN4rwQ0K9PV4AaABAg.9Xjuymxdf-C9YDG65gZTe3,2/9/2022 1:16,0,Electroboom of India,http://www.youtube.com/@GotaSir911
1783,@hyimkevin9486,my guy is a immortle,UgzeAN7KyFD2ThxK8yR4AaABAg,,0,https://www.youtube.com/watch?v=lT3vGaOLWqE&lc=UgzeAN7KyFD2ThxK8yR4AaABAg,1/27/2022 23:34,0,my guy is a immortle,http://www.youtube.com/@hyimkevin9486
1784,@triqpham,This guy is nuts. I‚??m sure the reason he‚??s not dead is because he really knows what he‚??s doing but acting like a fool for our enjoyment. I mean who keeps an educated cobra around his neck?,UgwbvG1C8NJpcKU1iWB4AaABAg,,0,https://www.youtube.com/watch?v=lT3vGaOLWqE&lc=UgwbvG1C8NJpcKU1iWB4AaABAg,1/27/2022 19:07,0,This guy is nuts. I‚??m sure the reason he‚??s not dead is because he really knows what he‚??s doing but acting like a fool for our enjoyment. I mean who keeps an educated cobra around his neck?,http://www.youtube.com/@triqpham
1785,@buggastar,6:07 Fukin Breaker ??ê 6:23 Fukin Breaker! ??°,UgyCaFyFpzHlObB2r0B4AaABAg,,0,https://www.youtube.com/watch?v=lT3vGaOLWqE&lc=UgyCaFyFpzHlObB2r0B4AaABAg,1/27/2022 17:05,1,6:07 Fukin Breaker ??ê 6:23 Fukin Breaker! ??°,http://www.youtube.com/@buggastar
1786,@harshbeniwal2189,https://youtu.be/886N4c8PAIs,UgyCaFyFpzHlObB2r0B4AaABAg.9XiUOCSWgwd9Xo6l18ILSS,@buggastar,0,https://www.youtube.com/watch?v=lT3vGaOLWqE&lc=UgyCaFyFpzHlObB2r0B4AaABAg.9XiUOCSWgwd9Xo6l18ILSS,1/29/2022 21:34,0,https://youtu.be/886N4c8PAIs,http://www.youtube.com/@harshbeniwal2189
1787,@raz3rdingo715,It\'s a miracle that he\'s not dead,UgxeuKqKr5ymMmrSo0N4AaABAg,,0,https://www.youtube.com/watch?v=lT3vGaOLWqE&lc=UgxeuKqKr5ymMmrSo0N4AaABAg,1/26/2022 21:14,0,It\'s a miracle that he\'s not dead,http://www.youtube.com/@raz3rdingo715
1788,@xhinmaranan212,The clebration of close death,Ugw00wnX22zWiLhslqd4AaABAg,,1,https://www.youtube.com/watch?v=lT3vGaOLWqE&lc=Ugw00wnX22zWiLhslqd4AaABAg,1/25/2022 7:07,1,The clebration of close death,http://www.youtube.com/@xhinmaranan212
1789,@harshbeniwal2189,https://youtu.be/886N4c8PAIs,Ugw00wnX22zWiLhslqd4AaABAg.9XcGKyIlV1i9Xo6mrtfgpb,@xhinmaranan212,1,https://www.youtube.com/watch?v=lT3vGaOLWqE&lc=Ugw00wnX22zWiLhslqd4AaABAg.9XcGKyIlV1i9Xo6mrtfgpb,1/29/2022 21:34,0,https://youtu.be/886N4c8PAIs,http://www.youtube.com/@harshbeniwal2189
1790,@TandJgaming,This dude is living proof of quantum immortality.,UgzdMlMGLAm8Q3dAFCt4AaABAg,,7,https://www.youtube.com/watch?v=lT3vGaOLWqE&lc=UgzdMlMGLAm8Q3dAFCt4AaABAg,1/24/2022 16:36,2,This dude is living proof of quantum immortality.,http://www.youtube.com/@TandJgaming
1791,@thegrahamreaper6851,"eh, not exactly, one brush with death (which, unlike most of his other videos which are scripted and done up, DID actually happen in this video and he actually almost died) isn\'t proof of immortality, but in the youtuber canon lore he probably has some degree of electrical damage immunity. Though that\'s only in lore, since he\'s a real person and had he not ripped the wires, he would be dead.",UgzdMlMGLAm8Q3dAFCt4AaABAg.9Xaheq2UUGS9YV5FzPST8K,@TandJgaming,0,https://www.youtube.com/watch?v=lT3vGaOLWqE&lc=UgzdMlMGLAm8Q3dAFCt4AaABAg.9Xaheq2UUGS9YV5FzPST8K,2/15/2022 23:27,0,"eh, not exactly, one brush with death (which, unlike most of his other videos which are scripted and done up, DID actually happen in this video and he actually almost died) isn\'t proof of immortality, but in the youtuber canon lore he probably has some degree of electrical damage immunity. Though that\'s only in lore, since he\'s a real person and had he not ripped the wires, he would be dead.",http://www.youtube.com/@thegrahamreaper6851
1792,@arcee577,@@thegrahamreaper6851 u,UgzdMlMGLAm8Q3dAFCt4AaABAg.9Xaheq2UUGS9wgpmcg1MX3,@TandJgaming,0,https://www.youtube.com/watch?v=lT3vGaOLWqE&lc=UgzdMlMGLAm8Q3dAFCt4AaABAg.9Xaheq2UUGS9wgpmcg1MX3,11/4/2023 8:18,0,@@thegrahamreaper6851 u,http://www.youtube.com/@arcee577
1793,@Rawchickeen,7:55,UgyzMy3hi_Hnfa9AYlV4AaABAg,,0,https://www.youtube.com/watch?v=lT3vGaOLWqE&lc=UgyzMy3hi_Hnfa9AYlV4AaABAg,1/24/2022 6:25,0,7:55,http://www.youtube.com/@Rawchickeen
1794,@margidim1472,Clever you ???,Ugw3KXXv9-h7PVVEv-F4AaABAg,,0,https://www.youtube.com/watch?v=lT3vGaOLWqE&lc=Ugw3KXXv9-h7PVVEv-F4AaABAg,1/24/2022 0:40,0,Clever you ???,http://www.youtube.com/@margidim1472
1795,@zackmaster79,5mill Jacob ladder,Ugyn2_mfj6C8dJAGREd4AaABAg,,0,https://www.youtube.com/watch?v=lT3vGaOLWqE&lc=Ugyn2_mfj6C8dJAGREd4AaABAg,1/24/2022 0:34,0,5mill Jacob ladder,http://www.youtube.com/@zackmaster79
1796,@guilhermeluizbarban114,Imortal,UgxATzmn2pgu51X-6j54AaABAg,,0,https://www.youtube.com/watch?v=lT3vGaOLWqE&lc=UgxATzmn2pgu51X-6j54AaABAg,1/23/2022 13:51,0,Imortal,http://www.youtube.com/@guilhermeluizbarban114
1797,@user-ko1uz4lg1v,8:00 –?–∏–∑–¥–µ—?. –?–∞–∫ –æ–Ω –≤—?–∂–∏–ª? –°–∞–º–∞—è —Å—?—?–∞—?–Ω–∞—è —Å–∏—?—?–∞—?–∏—è —?—?–æ —è –≤–∏–¥–µ–ª —? –Ω–µ–≥–æ –Ω–∞ –∫–∞–Ω–∞–ª–µ,UgwDKCEj6KLoUQqhl0t4AaABAg,,0,https://www.youtube.com/watch?v=lT3vGaOLWqE&lc=UgwDKCEj6KLoUQqhl0t4AaABAg,1/23/2022 12:50,1,8:00 –?–∏–∑–¥–µ—?. –?–∞–∫ –æ–Ω –≤—?–∂–∏–ª? –°–∞–º–∞—è —Å—?—?–∞—?–Ω–∞—è —Å–∏—?—?–∞—?–∏—è —?—?–æ —è –≤–∏–¥–µ–ª —? –Ω–µ–≥–æ –Ω–∞ –∫–∞–Ω–∞–ª–µ,http://www.youtube.com/@user-ko1uz4lg1v
1798,@harshbeniwal2189,https://youtu.be/886N4c8PAIs,UgwDKCEj6KLoUQqhl0t4AaABAg.9XYj4S3qxf69Xo6x-S8OPj,@user-ko1uz4lg1v,0,https://www.youtube.com/watch?v=lT3vGaOLWqE&lc=UgwDKCEj6KLoUQqhl0t4AaABAg.9XYj4S3qxf69Xo6x-S8OPj,1/29/2022 21:35,0,https://youtu.be/886N4c8PAIs,http://www.youtube.com/@harshbeniwal2189
1799,@extremegames7017,5milion,UgyxdW1odMas_Dg0r1N4AaABAg,,0,https://www.youtube.com/watch?v=lT3vGaOLWqE&lc=UgyxdW1odMas_Dg0r1N4AaABAg,1/23/2022 11:28,0,5milion,http://www.youtube.com/@extremegames7017
1800,@beldewpie3174,9:35 beautiful song,UgwGUQOHrquBOSxc7kN4AaABAg,,0,https://www.youtube.com/watch?v=lT3vGaOLWqE&lc=UgwGUQOHrquBOSxc7kN4AaABAg,1/23/2022 7:55,0,9:35 beautiful song,http://www.youtube.com/@beldewpie3174
1801,@CodeWithSujal,Love From India ‚ù§Ô∏è,UgxWoa7oY2K2chJdOM14AaABAg,,0,https://www.youtube.com/watch?v=lT3vGaOLWqE&lc=UgxWoa7oY2K2chJdOM14AaABAg,1/22/2022 23:22,1,Love From India ‚ù§Ô∏è,http://www.youtube.com/@CodeWithSujal
1802,@harshbeniwal2189,https://youtu.be/886N4c8PAIs,UgxWoa7oY2K2chJdOM14AaABAg.9XXHbaOBYVq9Xo7-73SeUu,@CodeWithSujal,1,https://www.youtube.com/watch?v=lT3vGaOLWqE&lc=UgxWoa7oY2K2chJdOM14AaABAg.9XXHbaOBYVq9Xo7-73SeUu,1/29/2022 21:36,0,https://youtu.be/886N4c8PAIs,http://www.youtube.com/@harshbeniwal2189
1803,@chill9487,Ok I ban now,UgyrT_lMTYtET7oJGpB4AaABAg,,1,https://www.youtube.com/watch?v=lT3vGaOLWqE&lc=UgyrT_lMTYtET7oJGpB4AaABAg,1/22/2022 14:40,0,Ok I ban now,http://www.youtube.com/@chill9487
1804,@sturusher4076,He thinks this is boring?,UgzXtsig6oJUJGkPgy14AaABAg,,0,https://www.youtube.com/watch?v=lT3vGaOLWqE&lc=UgzXtsig6oJUJGkPgy14AaABAg,1/20/2022 21:57,0,He thinks this is boring?,http://www.youtube.com/@sturusher4076
1805,@davebuckeye2dabone481,I wonder if electrical devices turn on as he walks by them. The dude has absorbed a lot of electricity.,UgxF8k1oOFP5oJJ_Qld4AaABAg,,0,https://www.youtube.com/watch?v=lT3vGaOLWqE&lc=UgxF8k1oOFP5oJJ_Qld4AaABAg,1/20/2022 11:41,3,I wonder if electrical devices turn on as he walks by them. The dude has absorbed a lot of electricity.,http://www.youtube.com/@davebuckeye2dabone481
1806,@slooper9112,Dude thats not how that works,UgxF8k1oOFP5oJJ_Qld4AaABAg.9XQskoqQ6Lp9YWElwJLN19,@davebuckeye2dabone481,0,https://www.youtube.com/watch?v=lT3vGaOLWqE&lc=UgxF8k1oOFP5oJJ_Qld4AaABAg.9XQskoqQ6Lp9YWElwJLN19,2/16/2022 10:10,0,Dude thats not how that works,http://www.youtube.com/@slooper9112
1807,@davebuckeye2dabone481,@@slooper9112 No kidding. Look up definition of humor,UgxF8k1oOFP5oJJ_Qld4AaABAg.9XQskoqQ6Lp9YWHWe5V3VB,@davebuckeye2dabone481,0,https://www.youtube.com/watch?v=lT3vGaOLWqE&lc=UgxF8k1oOFP5oJJ_Qld4AaABAg.9XQskoqQ6Lp9YWHWe5V3VB,2/16/2022 10:34,0,@@slooper9112 No kidding. Look up definition of humor,http://www.youtube.com/@davebuckeye2dabone481
1808,@slooper9112,Thats a pretty shitty joke,UgxF8k1oOFP5oJJ_Qld4AaABAg.9XQskoqQ6Lp9Yob23pJStm,@davebuckeye2dabone481,0,https://www.youtube.com/watch?v=lT3vGaOLWqE&lc=UgxF8k1oOFP5oJJ_Qld4AaABAg.9XQskoqQ6Lp9Yob23pJStm,2/23/2022 22:38,0,Thats a pretty shitty joke,http://www.youtube.com/@slooper9112
1809,@mooosh56,‚??Luckily I only sustained 3rd degree burns‚?ù *proceeds to grab wires with open palm*,UgxhBJlNbZDsDmqM2Hl4AaABAg,,1,https://www.youtube.com/watch?v=lT3vGaOLWqE&lc=UgxhBJlNbZDsDmqM2Hl4AaABAg,1/20/2022 1:37,1,‚??Luckily I only sustained 3rd degree burns‚?ù *proceeds to grab wires with open palm*,http://www.youtube.com/@mooosh56
1810,@harshbeniwal2189,https://youtu.be/886N4c8PAIs,UgxhBJlNbZDsDmqM2Hl4AaABAg.9XPnfo1B0Hj9Xo71xkRAHT,@mooosh56,0,https://www.youtube.com/watch?v=lT3vGaOLWqE&lc=UgxhBJlNbZDsDmqM2Hl4AaABAg.9XPnfo1B0Hj9Xo71xkRAHT,1/29/2022 21:36,0,https://youtu.be/886N4c8PAIs,http://www.youtube.com/@harshbeniwal2189
1811,@crispynuggetz0335,what is the song that he is singing at the end? ???,UgwZaa1hMX6MWmr9V814AaABAg,,0,https://www.youtube.com/watch?v=lT3vGaOLWqE&lc=UgwZaa1hMX6MWmr9V814AaABAg,1/19/2022 19:56,0,what is the song that he is singing at the end? ???,http://www.youtube.com/@crispynuggetz0335
1812,@krishoku,nice music,Ugzhm8PYvKGyq0lAPGB4AaABAg,,0,https://www.youtube.com/watch?v=lT3vGaOLWqE&lc=Ugzhm8PYvKGyq0lAPGB4AaABAg,1/19/2022 0:47,0,nice music,http://www.youtube.com/@krishoku
1813,@natevirtual,7:58 the funniest moment in the history of mankind.,Ugz-x_aZtD0BnbuTL554AaABAg,,0,https://www.youtube.com/watch?v=lT3vGaOLWqE&lc=Ugz-x_aZtD0BnbuTL554AaABAg,1/18/2022 21:48,0,7:58 the funniest moment in the history of mankind.,http://www.youtube.com/@natevirtual
1814,@Nothing-ym7sm,I feel so bad for him,Ugw-ODTXja-djRCz-Gh4AaABAg,,0,https://www.youtube.com/watch?v=lT3vGaOLWqE&lc=Ugw-ODTXja-djRCz-Gh4AaABAg,1/18/2022 18:45,0,I feel so bad for him,http://www.youtube.com/@Nothing-ym7sm
1815,@timothycoates4723,4 years ago and still making people laugh,UgxcRO4Qc5ZL8h4Jqp94AaABAg,,0,https://www.youtube.com/watch?v=lT3vGaOLWqE&lc=UgxcRO4Qc5ZL8h4Jqp94AaABAg,1/18/2022 15:34,0,4 years ago and still making people laugh,http://www.youtube.com/@timothycoates4723
1816,@chiragdalwani4422,"He wasnt close to death he was knowingly doing it for the video, He\'s and Expert",UgyLB5ykuZR7CYMtykZ4AaABAg,,0,https://www.youtube.com/watch?v=lT3vGaOLWqE&lc=UgyLB5ykuZR7CYMtykZ4AaABAg,1/18/2022 9:53,0,"He wasnt close to death he was knowingly doing it for the video, He\'s and Expert",http://www.youtube.com/@chiragdalwani4422
1817,@andyservice,"i like all your videos and make me learn more and i salute all the videos you share greetings success always, thanks",Ugxxwm9Pb6CyIiItV3l4AaABAg,,0,https://www.youtube.com/watch?v=lT3vGaOLWqE&lc=Ugxxwm9Pb6CyIiItV3l4AaABAg,1/18/2022 5:03,1,"i like all your videos and make me learn more and i salute all the videos you share greetings success always, thanks",http://www.youtube.com/@andyservice
1818,@harshbeniwal2189,https://youtu.be/886N4c8PAIs,Ugxxwm9Pb6CyIiItV3l4AaABAg.9XL0el-kDuw9Xo74QuFNUN,@andyservice,1,https://www.youtube.com/watch?v=lT3vGaOLWqE&lc=Ugxxwm9Pb6CyIiItV3l4AaABAg.9XL0el-kDuw9Xo74QuFNUN,1/29/2022 21:37,0,https://youtu.be/886N4c8PAIs,http://www.youtube.com/@harshbeniwal2189
1819,@leongashi1929,is that 3d printer ender 3 pro or what i think it is only 3 but verzion 2.0,Ugzbtj2OzeUczgBsZKt4AaABAg,,0,https://www.youtube.com/watch?v=lT3vGaOLWqE&lc=Ugzbtj2OzeUczgBsZKt4AaABAg,1/17/2022 19:50,0,is that 3d printer ender 3 pro or what i think it is only 3 but verzion 2.0,http://www.youtube.com/@leongashi1929
1820,@gprix2,Fkn breaker?§£,UgwWK8ePRknvvk1UmVV4AaABAg,,0,https://www.youtube.com/watch?v=lT3vGaOLWqE&lc=UgwWK8ePRknvvk1UmVV4AaABAg,1/17/2022 5:02,0,Fkn breaker?§£,http://www.youtube.com/@gprix2
1821,@mikem5043,I made a Jacobs Ladder once and used a florescent light ballast as the high voltage source.,UgzEybP4eGcjvjY6kM94AaABAg,,0,https://www.youtube.com/watch?v=lT3vGaOLWqE&lc=UgzEybP4eGcjvjY6kM94AaABAg,1/17/2022 1:46,1,I made a Jacobs Ladder once and used a florescent light ballast as the high voltage source.,http://www.youtube.com/@mikem5043
1822,@harshbeniwal2189,https://youtu.be/886N4c8PAIs,UgzEybP4eGcjvjY6kM94AaABAg.9XI5ITHak6K9Xo76sd8Q0M,@mikem5043,1,https://www.youtube.com/watch?v=lT3vGaOLWqE&lc=UgzEybP4eGcjvjY6kM94AaABAg.9XI5ITHak6K9Xo76sd8Q0M,1/29/2022 21:37,0,https://youtu.be/886N4c8PAIs,http://www.youtube.com/@harshbeniwal2189
1823,@Anonymous-df8it,"1:44 Don\'t mind me, this is just my replay button!",UgyrZzDD03e6UOslq2R4AaABAg,,0,https://www.youtube.com/watch?v=lT3vGaOLWqE&lc=UgyrZzDD03e6UOslq2R4AaABAg,1/16/2022 6:22,0,"1:44 Don\'t mind me, this is just my replay button!",http://www.youtube.com/@Anonymous-df8it
1824,@uy-scuti8886,"I feel bad,but im not going to not laugh at it",Ugwc_3E7goZiU4bOS3R4AaABAg,,0,https://www.youtube.com/watch?v=lT3vGaOLWqE&lc=Ugwc_3E7goZiU4bOS3R4AaABAg,1/16/2022 2:50,0,"I feel bad,but im not going to not laugh at it",http://www.youtube.com/@uy-scuti8886
1825,@Tumama35779,7:59-???,UgzFL_4cnwvhi4J-7NV4AaABAg,,1,https://www.youtube.com/watch?v=lT3vGaOLWqE&lc=UgzFL_4cnwvhi4J-7NV4AaABAg,1/16/2022 2:24,0,7:59-???,http://www.youtube.com/@Tumama35779
1826,@musicchillstudy5011,·ª?ng s√†i h√†ng trung qu·ª?c,UgwZF5LQrU_DtA2P3Dp4AaABAg,,0,https://www.youtube.com/watch?v=lT3vGaOLWqE&lc=UgwZF5LQrU_DtA2P3Dp4AaABAg,1/16/2022 0:05,0,·ª?ng s√†i h√†ng trung qu·ª?c,http://www.youtube.com/@musicchillstudy5011
1827,@quasarstone4951,The first video I saw of yours was the Electric Guitar one. I also believed it would be my last but here you are,UgzyIYEuiKA_aVxUVQl4AaABAg,,0,https://www.youtube.com/watch?v=lT3vGaOLWqE&lc=UgzyIYEuiKA_aVxUVQl4AaABAg,1/14/2022 21:36,0,The first video I saw of yours was the Electric Guitar one. I also believed it would be my last but here you are,http://www.youtube.com/@quasarstone4951
1828,@RedfishCarolina,Wait. Is this guy BEEKER? This is totally Beeker!,UgxTVv23wayCfxWUEld4AaABAg,,0,https://www.youtube.com/watch?v=lT3vGaOLWqE&lc=UgxTVv23wayCfxWUEld4AaABAg,1/14/2022 19:58,0,Wait. Is this guy BEEKER? This is totally Beeker!,http://www.youtube.com/@RedfishCarolina
1829,@decc4555,This man has been zapped so many times it seems like he is used to it at this point how is he not dead,Ugw7-lKdn71W8N7q_ZV4AaABAg,,0,https://www.youtube.com/watch?v=lT3vGaOLWqE&lc=Ugw7-lKdn71W8N7q_ZV4AaABAg,1/14/2022 18:44,0,This man has been zapped so many times it seems like he is used to it at this point how is he not dead,http://www.youtube.com/@decc4555
1830,@MirSacFrog,Ough that hurts 8:00,UgwUldONC75r086vs3Z4AaABAg,,0,https://www.youtube.com/watch?v=lT3vGaOLWqE&lc=UgwUldONC75r086vs3Z4AaABAg,1/14/2022 16:47,0,Ough that hurts 8:00,http://www.youtube.com/@MirSacFrog
1831,@fr3ross505,"I didn\'t know Mr. Bean had an electrical engineering degree. Cool. WHO KNEW... Rowan Atkinson, born in 1955 in the UK, completed his bachelor\'s degree in electrical engineering from Newcastle University. In 1975 Atkinson went on to continue his studies to obtain a Master\'s of Science in electrical engineering from The Queen\'s College, Oxford. I think they must be related.",Ugwo6EkD6eI4F3TZoBh4AaABAg,,0,https://www.youtube.com/watch?v=lT3vGaOLWqE&lc=Ugwo6EkD6eI4F3TZoBh4AaABAg,1/14/2022 8:44,0,"I didn\'t know Mr. Bean had an electrical engineering degree. Cool. WHO KNEW... Rowan Atkinson, born in 1955 in the UK, completed his bachelor\'s degree in electrical engineering from Newcastle University. In 1975 Atkinson went on to continue his studies to obtain a Master\'s of Science in electrical engineering from The Queen\'s College, Oxford. I think they must be related.",http://www.youtube.com/@fr3ross505
1832,@fudgebar6146,This guy have more lives than any other Cats,UgwRBbvQQqBYk0HCOft4AaABAg,,0,https://www.youtube.com/watch?v=lT3vGaOLWqE&lc=UgwRBbvQQqBYk0HCOft4AaABAg,1/14/2022 5:14,0,This guy have more lives than any other Cats,http://www.youtube.com/@fudgebar6146
1833,@mjkhoshsolat,ÿπÿßŸ?€? ÿß€? ÿ™Ÿ? ?§£?§£?§£ Respect ?§ù from an Electrical Engineer to another Electrical Engineer,UgwR3Jc0P1xSHqnri3R4AaABAg,,0,https://www.youtube.com/watch?v=lT3vGaOLWqE&lc=UgwR3Jc0P1xSHqnri3R4AaABAg,1/14/2022 4:22,0,ÿπÿßŸ?€? ÿß€? ÿ™Ÿ? ?§£?§£?§£ Respect ?§ù from an Electrical Engineer to another Electrical Engineer,http://www.youtube.com/@mjkhoshsolat
1834,@jacobsherrick,I just wanted to know what a Jacob‚??s ladder was‚?¶ why is this guy my new favorite person?,UgyAiPuRzISGM4D-2Ll4AaABAg,,1,https://www.youtube.com/watch?v=lT3vGaOLWqE&lc=UgyAiPuRzISGM4D-2Ll4AaABAg,1/13/2022 4:14,0,I just wanted to know what a Jacob‚??s ladder was‚?¶ why is this guy my new favorite person?,http://www.youtube.com/@jacobsherrick
1835,@kshitijkumar9094,Almost lost this guy.... Glad it didn\'t happen,UgyJb7bx-PTwm2rym9t4AaABAg,,0,https://www.youtube.com/watch?v=lT3vGaOLWqE&lc=UgyJb7bx-PTwm2rym9t4AaABAg,1/13/2022 1:13,0,Almost lost this guy.... Glad it didn\'t happen,http://www.youtube.com/@kshitijkumar9094
1836,@omarbenallal5845,wawe que bien,UgwGcqlBoUkJo0GcRUl4AaABAg,,0,https://www.youtube.com/watch?v=lT3vGaOLWqE&lc=UgwGcqlBoUkJo0GcRUl4AaABAg,1/12/2022 20:51,0,wawe que bien,http://www.youtube.com/@omarbenallal5845
1837,@RonPosthuma,Oh my g√≤√≤√≤d! H√°h√°h√°. You rock man!,UgzONoPgV6KWfTChFCZ4AaABAg,,0,https://www.youtube.com/watch?v=lT3vGaOLWqE&lc=UgzONoPgV6KWfTChFCZ4AaABAg,1/12/2022 6:01,0,Oh my g√≤√≤√≤d! H√°h√°h√°. You rock man!,http://www.youtube.com/@RonPosthuma
1838,@huynhtrikhang6a338,hahahaha,UgysJwOzuEd6TWCCQTJ4AaABAg,,0,https://www.youtube.com/watch?v=lT3vGaOLWqE&lc=UgysJwOzuEd6TWCCQTJ4AaABAg,1/12/2022 3:18,0,hahahaha,http://www.youtube.com/@huynhtrikhang6a338
1839,@soupp,i am now convinced that this guy\'s hands are indestructible,UgyFl4ObSzBHbh6k8SR4AaABAg,,0,https://www.youtube.com/watch?v=lT3vGaOLWqE&lc=UgyFl4ObSzBHbh6k8SR4AaABAg,1/12/2022 0:08,0,i am now convinced that this guy\'s hands are indestructible,http://www.youtube.com/@soupp
1840,@duyanhtran4254,why you don\'t make it straight?,UgyZpJc2ksRCj9rrySB4AaABAg,,0,https://www.youtube.com/watch?v=lT3vGaOLWqE&lc=UgyZpJc2ksRCj9rrySB4AaABAg,1/11/2022 19:42,0,why you don\'t make it straight?,http://www.youtube.com/@duyanhtran4254
1841,@chrispaulson4846,He definitely uses the electric chair to relax after a long day‚?¶,Ugx3Vt3nEv0HHhknk4h4AaABAg,,0,https://www.youtube.com/watch?v=lT3vGaOLWqE&lc=Ugx3Vt3nEv0HHhknk4h4AaABAg,1/11/2022 14:54,0,He definitely uses the electric chair to relax after a long day‚?¶,http://www.youtube.com/@chrispaulson4846
1842,@lanttiks6748,It takes a lot of skill to be safe while being this unsafe,Ugz58GROvLBF1vlmqKZ4AaABAg,,0,https://www.youtube.com/watch?v=lT3vGaOLWqE&lc=Ugz58GROvLBF1vlmqKZ4AaABAg,1/11/2022 6:04,0,It takes a lot of skill to be safe while being this unsafe,http://www.youtube.com/@lanttiks6748
1843,@nasubv810,Please replay on this one: https://youtu.be/epLOEaoPMFU,UgxC1D2n2Zuj4DdIVTZ4AaABAg,,0,https://www.youtube.com/watch?v=lT3vGaOLWqE&lc=UgxC1D2n2Zuj4DdIVTZ4AaABAg,1/10/2022 1:10,0,Please replay on this one: https://youtu.be/epLOEaoPMFU,http://www.youtube.com/@nasubv810
1844,@antexterminator9373,You just had to do a powerful Tesla coil and plug top of secondary coil to the one side of Jacob\'s ladder. The other side you plug into the bottom of secondary coil and it should work. Of course I never did such a powerful tesla coil myself but I am sure it will work.,Ugxy2r4W6BCwXKVTpBR4AaABAg,,0,https://www.youtube.com/watch?v=lT3vGaOLWqE&lc=Ugxy2r4W6BCwXKVTpBR4AaABAg,1/9/2022 19:15,0,You just had to do a powerful Tesla coil and plug top of secondary coil to the one side of Jacob\'s ladder. The other side you plug into the bottom of secondary coil and it should work. Of course I never did such a powerful tesla coil myself but I am sure it will work.,http://www.youtube.com/@antexterminator9373
1845,@snobbingas189,Hmmm ?§? that seemed worryingly lot like a legit near death accident. ??ß,UgwEbJ0UsLFSHGvXssN4AaABAg,,0,https://www.youtube.com/watch?v=lT3vGaOLWqE&lc=UgwEbJ0UsLFSHGvXssN4AaABAg,1/9/2022 17:45,0,Hmmm ?§? that seemed worryingly lot like a legit near death accident. ??ß,http://www.youtube.com/@snobbingas189
1846,@StepOrDieFR,une chance folle de ne pas √™tre mort en tournant cette vid√©o ... a un tel voltage il a clairement failli grill√© comme un condamn√© sur une chaise,Ugyi-NwTkwHstsWIE5F4AaABAg,,0,https://www.youtube.com/watch?v=lT3vGaOLWqE&lc=Ugyi-NwTkwHstsWIE5F4AaABAg,1/9/2022 17:11,0,une chance folle de ne pas √™tre mort en tournant cette vid√©o ... a un tel voltage il a clairement failli grill√© comme un condamn√© sur une chaise,http://www.youtube.com/@StepOrDieFR
1847,@beetroot4798,"Like the slightly worrying Tony Stark, but has deep problems with electrocution...",Ugz0nuIn4SggwEoWNxl4AaABAg,,0,https://www.youtube.com/watch?v=lT3vGaOLWqE&lc=Ugz0nuIn4SggwEoWNxl4AaABAg,1/9/2022 14:48,0,"Like the slightly worrying Tony Stark, but has deep problems with electrocution...",http://www.youtube.com/@beetroot4798
1848,@stealthboost2805,I believe there is a driver circuit or something in the microwave to lower down the amps required to run it,Ugye3iTAM0roC46xs9p4AaABAg,,0,https://www.youtube.com/watch?v=lT3vGaOLWqE&lc=Ugye3iTAM0roC46xs9p4AaABAg,1/8/2022 3:05,0,I believe there is a driver circuit or something in the microwave to lower down the amps required to run it,http://www.youtube.com/@stealthboost2805
1849,@stealthboost2805,"I‚??ve been shocked by one of those microwave capacitors when i thought i discharged it, left me in quite a shock",UgxbPslLKYi5tVTrPKt4AaABAg,,0,https://www.youtube.com/watch?v=lT3vGaOLWqE&lc=UgxbPslLKYi5tVTrPKt4AaABAg,1/8/2022 3:04,1,"I‚??ve been shocked by one of those microwave capacitors when i thought i discharged it, left me in quite a shock",http://www.youtube.com/@stealthboost2805
1850,@Anandmechanic,How is tat possible...if a person hit by tat capacitor it makes you dead,UgxbPslLKYi5tVTrPKt4AaABAg.9Ww376yF-sR9a5MDGJFuYu,@stealthboost2805,0,https://www.youtube.com/watch?v=lT3vGaOLWqE&lc=UgxbPslLKYi5tVTrPKt4AaABAg.9Ww376yF-sR9a5MDGJFuYu,4/21/2022 14:09,0,How is tat possible...if a person hit by tat capacitor it makes you dead,http://www.youtube.com/@Anandmechanic
1851,@steakfriesyt2474,I can never tell if he actually ever gets shocked or anything ?????≠,UgyYdconm3y25eWA7sZ4AaABAg,,0,https://www.youtube.com/watch?v=lT3vGaOLWqE&lc=UgyYdconm3y25eWA7sZ4AaABAg,1/7/2022 15:06,0,I can never tell if he actually ever gets shocked or anything ?????≠,http://www.youtube.com/@steakfriesyt2474
1852,@follfatih,is this even scripted,Ugx99kwMkvKN12eeCKh4AaABAg,,0,https://www.youtube.com/watch?v=lT3vGaOLWqE&lc=Ugx99kwMkvKN12eeCKh4AaABAg,1/7/2022 9:18,0,is this even scripted,http://www.youtube.com/@follfatih
1853,@yatinpaul8845,How is this man surviving till today broo ????????? Shear Luck??,UgznfLKNoLy3X8NRf714AaABAg,,0,https://www.youtube.com/watch?v=lT3vGaOLWqE&lc=UgznfLKNoLy3X8NRf714AaABAg,1/7/2022 8:31,0,How is this man surviving till today broo ????????? Shear Luck??,http://www.youtube.com/@yatinpaul8845
1854,@margish,Does this guy know what he is doing,UgzAEKauV9kZwihNT0R4AaABAg,,0,https://www.youtube.com/watch?v=lT3vGaOLWqE&lc=UgzAEKauV9kZwihNT0R4AaABAg,1/7/2022 1:49,0,Does this guy know what he is doing,http://www.youtube.com/@margish
1855,@ajfalehperez670,I like this video,UgynYT5Gm6q45Agnxat4AaABAg,,0,https://www.youtube.com/watch?v=lT3vGaOLWqE&lc=UgynYT5Gm6q45Agnxat4AaABAg,1/7/2022 0:02,0,I like this video,http://www.youtube.com/@ajfalehperez670
1856,@antomator1.118,I can see on the tabmail he is getting shocked,Ugxv_Qu_8AF6gRoD5JF4AaABAg,,0,https://www.youtube.com/watch?v=lT3vGaOLWqE&lc=Ugxv_Qu_8AF6gRoD5JF4AaABAg,1/6/2022 18:17,0,I can see on the tabmail he is getting shocked,http://www.youtube.com/@antomator1.118
1857,@magicalbeanboy5582,7:51 makes me fucking lose it,Ugyzh5XYgQ20LdiW4eh4AaABAg,,0,https://www.youtube.com/watch?v=lT3vGaOLWqE&lc=Ugyzh5XYgQ20LdiW4eh4AaABAg,1/6/2022 17:30,0,7:51 makes me fucking lose it,http://www.youtube.com/@magicalbeanboy5582
1858,@talinemostafachebbo2348,thats sooo cool brooo im a big fan since u were at 1 mil,UgyG9OOC5_QIgjURxCF4AaABAg,,0,https://www.youtube.com/watch?v=lT3vGaOLWqE&lc=UgyG9OOC5_QIgjURxCF4AaABAg,1/6/2022 16:16,0,thats sooo cool brooo im a big fan since u were at 1 mil,http://www.youtube.com/@talinemostafachebbo2348
1859,@Volans2000,"How about connecting the output of a microwave transformer to the input of another? I always wanted to try that. And I hope that 2400V shock was fake. ??? If it was real, I have no idea of how you\'re still alive. ???",UgxiBFhlKJA2-mB8pER4AaABAg,,0,https://www.youtube.com/watch?v=lT3vGaOLWqE&lc=UgxiBFhlKJA2-mB8pER4AaABAg,1/5/2022 20:10,0,"How about connecting the output of a microwave transformer to the input of another? I always wanted to try that. And I hope that 2400V shock was fake. ??? If it was real, I have no idea of how you\'re still alive. ???",http://www.youtube.com/@Volans2000
1860,@deeptangshunathnath4668,Hey!!shh!!!!Trying to concentrate!!!!!!! OK.,Ugw3Ggvx6_jejujcvcV4AaABAg,,0,https://www.youtube.com/watch?v=lT3vGaOLWqE&lc=Ugw3Ggvx6_jejujcvcV4AaABAg,1/5/2022 13:41,0,Hey!!shh!!!!Trying to concentrate!!!!!!! OK.,http://www.youtube.com/@deeptangshunathnath4668
1861,@FardinShafi,7:48 why did it squirt :),Ugy2ibqZEidHjqspQxV4AaABAg,,0,https://www.youtube.com/watch?v=lT3vGaOLWqE&lc=Ugy2ibqZEidHjqspQxV4AaABAg,1/4/2022 15:19,0,7:48 why did it squirt :),http://www.youtube.com/@FardinShafi
1862,@samw2670,Hes a good actor. They ain‚??t 3rd degree burns pal,Ugx2XwDYXQQ8d6mgUPV4AaABAg,,0,https://www.youtube.com/watch?v=lT3vGaOLWqE&lc=Ugx2XwDYXQQ8d6mgUPV4AaABAg,1/4/2022 8:38,1,Hes a good actor. They ain‚??t 3rd degree burns pal,http://www.youtube.com/@samw2670
1863,@slooper9112,Didn‚??t know you had a medical degree,Ugx2XwDYXQQ8d6mgUPV4AaABAg.9WmM9FUR5l19YWExbUMT5q,@samw2670,0,https://www.youtube.com/watch?v=lT3vGaOLWqE&lc=Ugx2XwDYXQQ8d6mgUPV4AaABAg.9WmM9FUR5l19YWExbUMT5q,2/16/2022 10:11,0,Didn‚??t know you had a medical degree,http://www.youtube.com/@slooper9112
1864,@balistixmapping197,6:32 thanks for the next new year idea. LMAO jk.,Ugw6C1zDYa7totghvPV4AaABAg,,0,https://www.youtube.com/watch?v=lT3vGaOLWqE&lc=Ugw6C1zDYa7totghvPV4AaABAg,1/4/2022 7:45,0,6:32 thanks for the next new year idea. LMAO jk.,http://www.youtube.com/@balistixmapping197
1865,@davida.yorkson3397,"Once, many years ago, and old brass lamp with internal frayed wires and a barefoot me, on humid ground, had a lovely encounter, very similar to yours with the fawning sparklers. I\'ll never forget the powerful grip that brass lamp had on me, if but for a moment. In all seriousness, watching this video was supremely entertaining, but scary as all heck! I was lightly electrocuted once (literally, wanted to turn the lamp and I was just pinned to it and the ground. It was terrifying, neither one of my parents noticed for a bit, had small circular burns on my soles...) and I never want to experience that horror again.",Ugw1ErYdvzm5DTsYh3h4AaABAg,,0,https://www.youtube.com/watch?v=lT3vGaOLWqE&lc=Ugw1ErYdvzm5DTsYh3h4AaABAg,1/4/2022 7:39,0,"Once, many years ago, and old brass lamp with internal frayed wires and a barefoot me, on humid ground, had a lovely encounter, very similar to yours with the fawning sparklers. I\'ll never forget the powerful grip that brass lamp had on me, if but for a moment. In all seriousness, watching this video was supremely entertaining, but scary as all heck! I was lightly electrocuted once (literally, wanted to turn the lamp and I was just pinned to it and the ground. It was terrifying, neither one of my parents noticed for a bit, had small circular burns on my soles...) and I never want to experience that horror again.",http://www.youtube.com/@davida.yorkson3397
1866,@aame6643,Am on the edge of my seat every time he moves his hands,UgxMDaeUzaDDVXBAIZh4AaABAg,,0,https://www.youtube.com/watch?v=lT3vGaOLWqE&lc=UgxMDaeUzaDDVXBAIZh4AaABAg,1/4/2022 3:16,0,Am on the edge of my seat every time he moves his hands,http://www.youtube.com/@aame6643
1867,@theloyalcoil223,Everything this man touch explodes,Ugz7-qVHuKaKQ_DKuuN4AaABAg,,0,https://www.youtube.com/watch?v=lT3vGaOLWqE&lc=Ugz7-qVHuKaKQ_DKuuN4AaABAg,1/4/2022 2:29,0,Everything this man touch explodes,http://www.youtube.com/@theloyalcoil223
1868,@harshwardhanchowdhury5281,8:00 was best??Å,UgyYuk3U4_RHDxoax2J4AaABAg,,0,https://www.youtube.com/watch?v=lT3vGaOLWqE&lc=UgyYuk3U4_RHDxoax2J4AaABAg,1/3/2022 23:14,0,8:00 was best??Å,http://www.youtube.com/@harshwardhanchowdhury5281
1869,@abod898,Is he really touching electricity or fake,Ugw2fmGRLEV9WEd6bxd4AaABAg,,0,https://www.youtube.com/watch?v=lT3vGaOLWqE&lc=Ugw2fmGRLEV9WEd6bxd4AaABAg,1/3/2022 17:35,3,Is he really touching electricity or fake,http://www.youtube.com/@abod898
1870,@thebreadman7220,He is touching it,Ugw2fmGRLEV9WEd6bxd4AaABAg.9WkjnBqZfv89WvBwxYcHAA,@abod898,0,https://www.youtube.com/watch?v=lT3vGaOLWqE&lc=Ugw2fmGRLEV9WEd6bxd4AaABAg.9WkjnBqZfv89WvBwxYcHAA,1/7/2022 19:02,0,He is touching it,http://www.youtube.com/@thebreadman7220
1871,@slooper9112,Fake ?ç?,Ugw2fmGRLEV9WEd6bxd4AaABAg.9WkjnBqZfv89YWF-34oQeN,@abod898,1,https://www.youtube.com/watch?v=lT3vGaOLWqE&lc=Ugw2fmGRLEV9WEd6bxd4AaABAg.9WkjnBqZfv89YWF-34oQeN,2/16/2022 10:11,0,Fake ?ç?,http://www.youtube.com/@slooper9112
1872,@myute.,@@slooper9112 actually is not,Ugw2fmGRLEV9WEd6bxd4AaABAg.9WkjnBqZfv89a8f11l4Chf,@abod898,0,https://www.youtube.com/watch?v=lT3vGaOLWqE&lc=Ugw2fmGRLEV9WEd6bxd4AaABAg.9WkjnBqZfv89a8f11l4Chf,4/22/2022 21:00,0,@@slooper9112 actually is not,http://www.youtube.com/@myute.
1873,@killthefurrys,8:33 nice face,Ugxz0gwFqtrLlFvQddF4AaABAg,,0,https://www.youtube.com/watch?v=lT3vGaOLWqE&lc=Ugxz0gwFqtrLlFvQddF4AaABAg,1/3/2022 12:05,0,8:33 nice face,http://www.youtube.com/@killthefurrys
1874,@rikimuntaha3701,who\'s made the subtitle for indonesia sub,UgxVNSSNZTLgfRhgU694AaABAg,,0,https://www.youtube.com/watch?v=lT3vGaOLWqE&lc=UgxVNSSNZTLgfRhgU694AaABAg,1/3/2022 9:56,0,who\'s made the subtitle for indonesia sub,http://www.youtube.com/@rikimuntaha3701
1875,@SagarKumar-db2xy,He makes me regret not studying Physics properly,UgwttIguqFUaKL_CGWd4AaABAg,,0,https://www.youtube.com/watch?v=lT3vGaOLWqE&lc=UgwttIguqFUaKL_CGWd4AaABAg,1/3/2022 7:00,0,He makes me regret not studying Physics properly,http://www.youtube.com/@SagarKumar-db2xy
1876,@johndavedalog2525,I can\'t stop laughting 8:00Mins haha,Ugx3n-mwoCYReSLIqcF4AaABAg,,0,https://www.youtube.com/watch?v=lT3vGaOLWqE&lc=Ugx3n-mwoCYReSLIqcF4AaABAg,1/3/2022 6:43,0,I can\'t stop laughting 8:00Mins haha,http://www.youtube.com/@johndavedalog2525
1877,@nowhi6220,‚?°?,UgxaS2Ty0_lB3DaOMeR4AaABAg,,0,https://www.youtube.com/watch?v=lT3vGaOLWqE&lc=UgxaS2Ty0_lB3DaOMeR4AaABAg,1/3/2022 0:45,0,‚?°?,http://www.youtube.com/@nowhi6220
1878,@nei1s,"@8mins in.......brilliant ????§£?§£, I\'m subscribing ???",UgxsS3pS3xTYS-IyCfJ4AaABAg,,0,https://www.youtube.com/watch?v=lT3vGaOLWqE&lc=UgxsS3pS3xTYS-IyCfJ4AaABAg,1/2/2022 7:41,0,"@8mins in.......brilliant ????§£?§£, I\'m subscribing ???",http://www.youtube.com/@nei1s
1879,@user-pz9qc9fd6h,8:00 got me sending?????????,UgxpIWvb69BQGnnW03x4AaABAg,,0,https://www.youtube.com/watch?v=lT3vGaOLWqE&lc=UgxpIWvb69BQGnnW03x4AaABAg,1/2/2022 5:32,0,8:00 got me sending?????????,http://www.youtube.com/@user-pz9qc9fd6h
1880,@jegortsukanov8990,"1 blooper for neighbour up there drilling to hear you, you noticed the drilling some screws? Well it‚??s funny ???",UgwwGqGJn7CC4KDNq0Z4AaABAg,,1,https://www.youtube.com/watch?v=lT3vGaOLWqE&lc=UgwwGqGJn7CC4KDNq0Z4AaABAg,1/1/2022 16:03,0,"1 blooper for neighbour up there drilling to hear you, you noticed the drilling some screws? Well it‚??s funny ???",http://www.youtube.com/@jegortsukanov8990
1881,@daghostoftheeinterwebz3398,Love all your content. Ty for making me laugh when I would suffer from mental issues.,Ugyh_HN54qI2CYYhJcV4AaABAg,,0,https://www.youtube.com/watch?v=lT3vGaOLWqE&lc=Ugyh_HN54qI2CYYhJcV4AaABAg,1/1/2022 13:22,0,Love all your content. Ty for making me laugh when I would suffer from mental issues.,http://www.youtube.com/@daghostoftheeinterwebz3398
1882,@tsmith906,Man i always get VERY nervous working with electricity. Ive blacked out from being shocked by an outlet before and its not fun. I almost had an anxiety attack replacing my car battery cause i didnt trust the metal tools i was using,UgwwrO3vDpUzbLXKAgR4AaABAg,,5,https://www.youtube.com/watch?v=lT3vGaOLWqE&lc=UgwwrO3vDpUzbLXKAgR4AaABAg,1/1/2022 12:30,0,Man i always get VERY nervous working with electricity. Ive blacked out from being shocked by an outlet before and its not fun. I almost had an anxiety attack replacing my car battery cause i didnt trust the metal tools i was using,http://www.youtube.com/@tsmith906
1883,@darkshadowkrb3828,Me and madi just want to tell you that maybe the unibrow is not the move ??≥,UgwnXwgRMYB3dyY0NyF4AaABAg,,0,https://www.youtube.com/watch?v=lT3vGaOLWqE&lc=UgwnXwgRMYB3dyY0NyF4AaABAg,1/1/2022 3:27,0,Me and madi just want to tell you that maybe the unibrow is not the move ??≥,http://www.youtube.com/@darkshadowkrb3828
1884,@Name-gy6xq,now ur almost @5 mill,UgyKLolNQoEfK8FeFYR4AaABAg,,0,https://www.youtube.com/watch?v=lT3vGaOLWqE&lc=UgyKLolNQoEfK8FeFYR4AaABAg,12/31/2021 21:11,0,now ur almost @5 mill,http://www.youtube.com/@Name-gy6xq
1885,@MissesWitch,That was cool! The match thing was cool!,UgxOEZWsRLcGX4jA2T54AaABAg,,0,https://www.youtube.com/watch?v=lT3vGaOLWqE&lc=UgxOEZWsRLcGX4jA2T54AaABAg,12/31/2021 3:46,0,That was cool! The match thing was cool!,http://www.youtube.com/@MissesWitch
1886,@MissesWitch,3:02 OH MY GOD HE HAS THE SAME NEIGHBOUR,Ugy0CYiAbU1hVTw__ux4AaABAg,,0,https://www.youtube.com/watch?v=lT3vGaOLWqE&lc=Ugy0CYiAbU1hVTw__ux4AaABAg,12/31/2021 3:41,0,3:02 OH MY GOD HE HAS THE SAME NEIGHBOUR,http://www.youtube.com/@MissesWitch
1887,@MissesWitch,"""watching my corpse cooking to perfection"" ""I\'m pretty sure that doesn\'t meet youtube\'s guideline either"" Someone has his priorities right  // ",Ugzgd60nEg1-E05xBH54AaABAg,,0,https://www.youtube.com/watch?v=lT3vGaOLWqE&lc=Ugzgd60nEg1-E05xBH54AaABAg,12/31/2021 3:40,0,"""watching my corpse cooking to perfection"" ""I\'m pretty sure that doesn\'t meet youtube\'s guideline either"" Someone has his priorities right  // ",http://www.youtube.com/@MissesWitch
1888,@notsecure6855,"If you made this at the 1M mark, and I see you are approaching the 5M mark right now.... Dude- I\'m a little surprised you lived long enough to get to 5M. You\'re taking too many chances with some very dangerous stuff. I know that the 15A breaker on your home\'s box will protect you, but put up both your hands when it fell over onto you, and having that voltage go across your heart even for milliseconds represents a real risk for arrhythmia. Yes, I know it\'s a small risk, but I would ask you to not roll those dice anymore in this life. I\'m not saying don\'t make great videos or Jacob\'s Ladders- just do those things that we both know you can do to minimize your risks. Mechanical stability counts, I\'m not just talking about electrical safety issues. Good luck and Godspeed, SJG",UgyuskNSAqC5K0kgwFx4AaABAg,,0,https://www.youtube.com/watch?v=lT3vGaOLWqE&lc=UgyuskNSAqC5K0kgwFx4AaABAg,12/31/2021 2:31,0,"If you made this at the 1M mark, and I see you are approaching the 5M mark right now.... Dude- I\'m a little surprised you lived long enough to get to 5M. You\'re taking too many chances with some very dangerous stuff. I know that the 15A breaker on your home\'s box will protect you, but put up both your hands when it fell over onto you, and having that voltage go across your heart even for milliseconds represents a real risk for arrhythmia. Yes, I know it\'s a small risk, but I would ask you to not roll those dice anymore in this life. I\'m not saying don\'t make great videos or Jacob\'s Ladders- just do those things that we both know you can do to minimize your risks. Mechanical stability counts, I\'m not just talking about electrical safety issues. Good luck and Godspeed, SJG",http://www.youtube.com/@notsecure6855
1889,@randomprimary,#*%^#@ Breaker!,UgxHfzv2urM1osm2rRF4AaABAg,,0,https://www.youtube.com/watch?v=lT3vGaOLWqE&lc=UgxHfzv2urM1osm2rRF4AaABAg,12/30/2021 23:18,0,#*%^#@ Breaker!,http://www.youtube.com/@randomprimary
1890,@zenospeed_345,I don\'t know what he\'s saying. I\'m just here because it\'s funny when he gets abused by electricity.,Ugw-ZE4-IihNj-py5B94AaABAg,,0,https://www.youtube.com/watch?v=lT3vGaOLWqE&lc=Ugw-ZE4-IihNj-py5B94AaABAg,12/30/2021 20:34,0,I don\'t know what he\'s saying. I\'m just here because it\'s funny when he gets abused by electricity.,http://www.youtube.com/@zenospeed_345
1891,@adoeverything9150,he say we are banned from doing this and proceeds with touching it while its on about killling himself,UgzY2zp5xg7lL8p4V6d4AaABAg,,0,https://www.youtube.com/watch?v=lT3vGaOLWqE&lc=UgzY2zp5xg7lL8p4V6d4AaABAg,12/30/2021 17:58,0,he say we are banned from doing this and proceeds with touching it while its on about killling himself,http://www.youtube.com/@adoeverything9150
1892,@POLERVR1,This is stupid,UgyImPMT-98KoEfmFVF4AaABAg,,0,https://www.youtube.com/watch?v=lT3vGaOLWqE&lc=UgyImPMT-98KoEfmFVF4AaABAg,12/30/2021 16:57,0,This is stupid,http://www.youtube.com/@POLERVR1
1893,@rosalbadecamillo4512,Haha,UgwKB78csOD_4wwtdlZ4AaABAg,,0,https://www.youtube.com/watch?v=lT3vGaOLWqE&lc=UgwKB78csOD_4wwtdlZ4AaABAg,12/30/2021 13:30,0,Haha,http://www.youtube.com/@rosalbadecamillo4512
1894,@rcmlit9767,hairy juntha muna hakes,Ugz8Xk-vnSR26i2R7zN4AaABAg,,0,https://www.youtube.com/watch?v=lT3vGaOLWqE&lc=Ugz8Xk-vnSR26i2R7zN4AaABAg,12/30/2021 11:07,0,hairy juntha muna hakes,http://www.youtube.com/@rcmlit9767
1895,@tapsongnhat23,?????????????????¨??¨??¨??¨,UgxAfgGIdai9_er2F4t4AaABAg,,0,https://www.youtube.com/watch?v=lT3vGaOLWqE&lc=UgxAfgGIdai9_er2F4t4AaABAg,12/30/2021 9:17,0,?????????????????¨??¨??¨??¨,http://www.youtube.com/@tapsongnhat23
1896,@xxluverx4325,the fact that electro boom screams at the electric zaps like a kid punched him,UgwQ8HwEcz1bvlfxoYt4AaABAg,,0,https://www.youtube.com/watch?v=lT3vGaOLWqE&lc=UgwQ8HwEcz1bvlfxoYt4AaABAg,12/30/2021 4:14,0,the fact that electro boom screams at the electric zaps like a kid punched him,http://www.youtube.com/@xxluverx4325
1897,@user-pf2ih5ne4i,Œ?œ?œ?Œ±œÅŒπœ?œ?ŒøœçŒºŒµ!,UgzQ2GDLqJoDN8fAcsl4AaABAg,,0,https://www.youtube.com/watch?v=lT3vGaOLWqE&lc=UgzQ2GDLqJoDN8fAcsl4AaABAg,12/30/2021 2:06,0,Œ?œ?œ?Œ±œÅŒπœ?œ?ŒøœçŒºŒµ!,http://www.youtube.com/@user-pf2ih5ne4i
1898,@pheasantplucker,"""Which, of all people, fell right on top of me!"" I understand how frustrating it is when your self-built hyper-dangerous experiment topples over on you instead of some innocent third party.",UgxmeUtlxUJc4YvSGhR4AaABAg,,671,https://www.youtube.com/watch?v=lT3vGaOLWqE&lc=UgxmeUtlxUJc4YvSGhR4AaABAg,12/29/2021 8:58,2,"""Which, of all people, fell right on top of me!"" I understand how frustrating it is when your self-built hyper-dangerous experiment topples over on you instead of some innocent third party.",http://www.youtube.com/@pheasantplucker
1899,@lookupverazhou8599,"Quantum mechanically speaking, there was a small chance it could have landed on anybody else.",UgxmeUtlxUJc4YvSGhR4AaABAg.9WXwgS8Olo39nVjvUW-87Y,@pheasantplucker,25,https://www.youtube.com/watch?v=lT3vGaOLWqE&lc=UgxmeUtlxUJc4YvSGhR4AaABAg.9WXwgS8Olo39nVjvUW-87Y,3/20/2023 22:54,0,"Quantum mechanically speaking, there was a small chance it could have landed on anybody else.",http://www.youtube.com/@lookupverazhou8599
1900,@RoflcopterLamo,@@lookupverazhou8599 ‚??small‚?ù chance,UgxmeUtlxUJc4YvSGhR4AaABAg.9WXwgS8Olo39tAe7V_hxhR,@pheasantplucker,0,https://www.youtube.com/watch?v=lT3vGaOLWqE&lc=UgxmeUtlxUJc4YvSGhR4AaABAg.9WXwgS8Olo39tAe7V_hxhR,8/8/2023 21:27,0,@@lookupverazhou8599 ‚??small‚?ù chance,http://www.youtube.com/@RoflcopterLamo
1901,@talldarkhansome1,Goggles is all I want to say.,Ugw5SR5VgiuqgVDyQdp4AaABAg,,0,https://www.youtube.com/watch?v=lT3vGaOLWqE&lc=Ugw5SR5VgiuqgVDyQdp4AaABAg,12/29/2021 2:52,0,Goggles is all I want to say.,http://www.youtube.com/@talldarkhansome1
1902,@xoizhyk,iranians being iranian xD,Ugy6QTlplK0cH8Fy7hB4AaABAg,,0,https://www.youtube.com/watch?v=lT3vGaOLWqE&lc=Ugy6QTlplK0cH8Fy7hB4AaABAg,12/29/2021 2:05,0,iranians being iranian xD,http://www.youtube.com/@xoizhyk
1903,@vhgnyu5793,He almost died this is a lucky man,UgzBWrrS35zPvQOUmH94AaABAg,,0,https://www.youtube.com/watch?v=lT3vGaOLWqE&lc=UgzBWrrS35zPvQOUmH94AaABAg,12/29/2021 1:06,0,He almost died this is a lucky man,http://www.youtube.com/@vhgnyu5793
1904,@leshommesdupilly,"Moral of the story kids: Go make a Jacob\'s ladder, it\'s not so deadly :D",UgzKHDtgmtGaKX3bkLl4AaABAg,,0,https://www.youtube.com/watch?v=lT3vGaOLWqE&lc=UgzKHDtgmtGaKX3bkLl4AaABAg,12/28/2021 17:32,0,"Moral of the story kids: Go make a Jacob\'s ladder, it\'s not so deadly :D",http://www.youtube.com/@leshommesdupilly
1905,@davidthompson9457,"As always, watching you ouching from your experiment makes me laugh so fvcking hard?§£",Ugy5zQk0QlEJ480Y6514AaABAg,,0,https://www.youtube.com/watch?v=lT3vGaOLWqE&lc=Ugy5zQk0QlEJ480Y6514AaABAg,12/28/2021 13:37,0,"As always, watching you ouching from your experiment makes me laugh so fvcking hard?§£",http://www.youtube.com/@davidthompson9457
1906,@mataneasutenan316,"i see all your ""electrical short"" accidents, and it very cool bro ??Å??è?èª??ç??ç, hope u always still a live ‚???§?",UgwvubHsi5eIHqARE_V4AaABAg,,0,https://www.youtube.com/watch?v=lT3vGaOLWqE&lc=UgwvubHsi5eIHqARE_V4AaABAg,12/28/2021 7:37,0,"i see all your ""electrical short"" accidents, and it very cool bro ??Å??è?èª??ç??ç, hope u always still a live ‚???§?",http://www.youtube.com/@mataneasutenan316
1907,@sarubasnet7340,Going to be 5 mill,UgxjAd66QPJtqMu3NxF4AaABAg,,0,https://www.youtube.com/watch?v=lT3vGaOLWqE&lc=UgxjAd66QPJtqMu3NxF4AaABAg,12/28/2021 6:24,0,Going to be 5 mill,http://www.youtube.com/@sarubasnet7340
1908,@LordOfPanzers,4:48 Meanwhile Ministry of Energy calling him for the 34 gas turbines that started because of the power consumption his project.,UgwuSsd0pBXOHLtStJR4AaABAg,,0,https://www.youtube.com/watch?v=lT3vGaOLWqE&lc=UgwuSsd0pBXOHLtStJR4AaABAg,12/27/2021 14:50,0,4:48 Meanwhile Ministry of Energy calling him for the 34 gas turbines that started because of the power consumption his project.,http://www.youtube.com/@LordOfPanzers
1909,@TTime1312,"Normally, even when there are sparks and explosions, I always believe Mehdi knows what he\'s doing and is in complete control. However, this video felt different, while watching I actually found myself worrying that he could die. Having worked with electricity quite a bit watching this video was kind of anxiety inducing.",UgwXjGv77i1QpFGkLUx4AaABAg,,48,https://www.youtube.com/watch?v=lT3vGaOLWqE&lc=UgwXjGv77i1QpFGkLUx4AaABAg,12/27/2021 7:35,2,"Normally, even when there are sparks and explosions, I always believe Mehdi knows what he\'s doing and is in complete control. However, this video felt different, while watching I actually found myself worrying that he could die. Having worked with electricity quite a bit watching this video was kind of anxiety inducing.",http://www.youtube.com/@TTime1312
1910,@thegrahamreaper6851,"yeah this was one of the few times where things ACTUALLY went wrong. Those shocks coming from his skin? his hands literally shaking? Yeah that was real, and it came from him flat out getting shocked. The ladder falling on him while live and shocking him with sparks flying everywhere? Yeah that was n o t planned, and he legit actually dodged death through sketchy wiring. Had his wires to the transformer stayed on, he would have died. And this normally doesn\'t occur for him since he emphasizes safety, but uhhhhhh this time it kinda didn\'t work out, in the sort of ""getting shocked and leaving third degree burns"" kind of way.",UgwXjGv77i1QpFGkLUx4AaABAg.9WSdYPoYyWs9YV4bx6Jey0,@TTime1312,15,https://www.youtube.com/watch?v=lT3vGaOLWqE&lc=UgwXjGv77i1QpFGkLUx4AaABAg.9WSdYPoYyWs9YV4bx6Jey0,2/15/2022 23:22,0,"yeah this was one of the few times where things ACTUALLY went wrong. Those shocks coming from his skin? his hands literally shaking? Yeah that was real, and it came from him flat out getting shocked. The ladder falling on him while live and shocking him with sparks flying everywhere? Yeah that was n o t planned, and he legit actually dodged death through sketchy wiring. Had his wires to the transformer stayed on, he would have died. And this normally doesn\'t occur for him since he emphasizes safety, but uhhhhhh this time it kinda didn\'t work out, in the sort of ""getting shocked and leaving third degree burns"" kind of way.",http://www.youtube.com/@thegrahamreaper6851
1911,@gigel008,"Usually I do amuse myself with his content, but this this video was really uncomfortable to watch. When the hole thing started falling towards him my heart stood still for a second.",UgwXjGv77i1QpFGkLUx4AaABAg.9WSdYPoYyWs9xV5vzmX1U7,@TTime1312,4,https://www.youtube.com/watch?v=lT3vGaOLWqE&lc=UgwXjGv77i1QpFGkLUx4AaABAg.9WSdYPoYyWs9xV5vzmX1U7,11/24/2023 5:09,0,"Usually I do amuse myself with his content, but this this video was really uncomfortable to watch. When the hole thing started falling towards him my heart stood still for a second.",http://www.youtube.com/@gigel008
1912,@M_O_R_B,He need to be flash??????,Ugwa3kj5GLpqWMxnzlt4AaABAg,,0,https://www.youtube.com/watch?v=lT3vGaOLWqE&lc=Ugwa3kj5GLpqWMxnzlt4AaABAg,12/27/2021 3:41,0,He need to be flash??????,http://www.youtube.com/@M_O_R_B
1913,@FluedTom,He should be in the ICU (intensive care unit) right now,Ugx7E0xLTKdzr3rMrVl4AaABAg,,0,https://www.youtube.com/watch?v=lT3vGaOLWqE&lc=Ugx7E0xLTKdzr3rMrVl4AaABAg,12/27/2021 2:32,0,He should be in the ICU (intensive care unit) right now,http://www.youtube.com/@FluedTom
1914,@Lssjg702,Lmfao this guys insane,Ugz8bXl9c32kQb9W85d4AaABAg,,0,https://www.youtube.com/watch?v=lT3vGaOLWqE&lc=Ugz8bXl9c32kQb9W85d4AaABAg,12/26/2021 22:51,0,Lmfao this guys insane,http://www.youtube.com/@Lssjg702
1915,@Design--om2zx,7:56 is what you might be looking for.,UgymUzp2Up7cdqfoyoh4AaABAg,,1,https://www.youtube.com/watch?v=lT3vGaOLWqE&lc=UgymUzp2Up7cdqfoyoh4AaABAg,12/26/2021 9:51,0,7:56 is what you might be looking for.,http://www.youtube.com/@Design--om2zx
1916,@Jager_folf,This guys videos are great,UgzOYb5KL9IX8dauLld4AaABAg,,0,https://www.youtube.com/watch?v=lT3vGaOLWqE&lc=UgzOYb5KL9IX8dauLld4AaABAg,12/26/2021 9:20,0,This guys videos are great,http://www.youtube.com/@Jager_folf
1917,@izchann,8:00 the reaper is still taking a sh*t.,UgzKyrikUjThhQ9u3_B4AaABAg,,0,https://www.youtube.com/watch?v=lT3vGaOLWqE&lc=UgzKyrikUjThhQ9u3_B4AaABAg,12/26/2021 8:09,0,8:00 the reaper is still taking a sh*t.,http://www.youtube.com/@izchann
1918,@Ccctv7,How to make a jet plane engine project?•∫?,Ugwfx2xp3CpMQiuS1dJ4AaABAg,,1,https://www.youtube.com/watch?v=lT3vGaOLWqE&lc=Ugwfx2xp3CpMQiuS1dJ4AaABAg,12/25/2021 12:21,0,How to make a jet plane engine project?•∫?,http://www.youtube.com/@Ccctv7
1919,@QueenNatasha_KingGibson8501,I subscribed,Ugx4FM-Nn7yYTqUubed4AaABAg,,0,https://www.youtube.com/watch?v=lT3vGaOLWqE&lc=Ugx4FM-Nn7yYTqUubed4AaABAg,12/24/2021 16:47,0,I subscribed,http://www.youtube.com/@QueenNatasha_KingGibson8501
1920,@beruangkutubmotovlog,8:30 in memoriam mehdi.,UgwM0C_Ay6Ri6DJbYmd4AaABAg,,0,https://www.youtube.com/watch?v=lT3vGaOLWqE&lc=UgwM0C_Ay6Ri6DJbYmd4AaABAg,12/24/2021 11:07,0,8:30 in memoriam mehdi.,http://www.youtube.com/@beruangkutubmotovlog
1921,@josephnuere1475,hi,Ugw5DV9Yc64SXgr2IHh4AaABAg,,0,https://www.youtube.com/watch?v=lT3vGaOLWqE&lc=Ugw5DV9Yc64SXgr2IHh4AaABAg,12/24/2021 11:01,0,hi,http://www.youtube.com/@josephnuere1475
1922,@haydenlewis1440,You can use some thick rubber gloves for your hands,Ugw_Wg1S5AC2L5Zf4Ol4AaABAg,,0,https://www.youtube.com/watch?v=lT3vGaOLWqE&lc=Ugw_Wg1S5AC2L5Zf4Ol4AaABAg,12/24/2021 9:34,0,You can use some thick rubber gloves for your hands,http://www.youtube.com/@haydenlewis1440
1923,@fredwooding599,You should also do comedy on stage. I would come to see you every week LOL,UgyE1_flc4vk5IKiZNx4AaABAg,,0,https://www.youtube.com/watch?v=lT3vGaOLWqE&lc=UgyE1_flc4vk5IKiZNx4AaABAg,12/23/2021 20:59,0,You should also do comedy on stage. I would come to see you every week LOL,http://www.youtube.com/@fredwooding599
1924,@solary2115,"7:59 oh my god. I thing that hurt, hope you are fine.",Ugx-p6TtkQ-37VKTXXt4AaABAg,,0,https://www.youtube.com/watch?v=lT3vGaOLWqE&lc=Ugx-p6TtkQ-37VKTXXt4AaABAg,12/23/2021 14:18,0,"7:59 oh my god. I thing that hurt, hope you are fine.",http://www.youtube.com/@solary2115
1925,@sussydogwithcheese,4 years ago and this video is still funny and educational,UgyxR5xzxv1HMB2oBWl4AaABAg,,3,https://www.youtube.com/watch?v=lT3vGaOLWqE&lc=UgyxR5xzxv1HMB2oBWl4AaABAg,12/23/2021 10:02,0,4 years ago and this video is still funny and educational,http://www.youtube.com/@sussydogwithcheese
1926,@timbuskermolen1521,Hoe let hij nog,Ugw5AEz0OLa0Ui-qTLJ4AaABAg,,0,https://www.youtube.com/watch?v=lT3vGaOLWqE&lc=Ugw5AEz0OLa0Ui-qTLJ4AaABAg,12/23/2021 2:15,0,Hoe let hij nog,http://www.youtube.com/@timbuskermolen1521
1927,@talhakocaer1464,kekw,Ugypz9glZoUKF2fojVx4AaABAg,,0,https://www.youtube.com/watch?v=lT3vGaOLWqE&lc=Ugypz9glZoUKF2fojVx4AaABAg,12/22/2021 16:04,0,kekw,http://www.youtube.com/@talhakocaer1464
1928,@mdamanansari7234,"I know you are electroBoom but the thing you are playing with is electricity, please man please don\'t do such experiments where your life is being compromised. Btw you are legend man ... hats off to you??è??è",UgzNsjh-2LUtFF0Fnul4AaABAg,,2,https://www.youtube.com/watch?v=lT3vGaOLWqE&lc=UgzNsjh-2LUtFF0Fnul4AaABAg,12/22/2021 12:26,1,"I know you are electroBoom but the thing you are playing with is electricity, please man please don\'t do such experiments where your life is being compromised. Btw you are legend man ... hats off to you??è??è",http://www.youtube.com/@mdamanansari7234
1929,@thegrahamreaper6851,"usually he doesn\'t do stupid stuff, or at least he plans to make sure that his stunts are safe. This time it wasn\'t a stunt. He legit got shocked and almost died. This was one of the few real incidents.",UgzNsjh-2LUtFF0Fnul4AaABAg.9WGHrGNFHxY9YV5bK8biQ-,@mdamanansari7234,0,https://www.youtube.com/watch?v=lT3vGaOLWqE&lc=UgzNsjh-2LUtFF0Fnul4AaABAg.9WGHrGNFHxY9YV5bK8biQ-,2/15/2022 23:30,0,"usually he doesn\'t do stupid stuff, or at least he plans to make sure that his stunts are safe. This time it wasn\'t a stunt. He legit got shocked and almost died. This was one of the few real incidents.",http://www.youtube.com/@thegrahamreaper6851
1930,@RoyalYoutube_PRO,He actually could have died,UgwqFDVJhtbaacJ3jfR4AaABAg,,3,https://www.youtube.com/watch?v=lT3vGaOLWqE&lc=UgwqFDVJhtbaacJ3jfR4AaABAg,12/22/2021 0:27,0,He actually could have died,http://www.youtube.com/@RoyalYoutube_PRO
1931,@RoscoeKane,"So like, he has extra safety features hidden somewhere so he won\'t actually kill himself, right?",Ugw78xuAl6pycts_Ek54AaABAg,,2,https://www.youtube.com/watch?v=lT3vGaOLWqE&lc=Ugw78xuAl6pycts_Ek54AaABAg,12/21/2021 18:43,1,"So like, he has extra safety features hidden somewhere so he won\'t actually kill himself, right?",http://www.youtube.com/@RoscoeKane
1932,@RoscoeKane,"Because, for me, I feel like I would make a deadman switch that you have to actively hold the button down or the power to the whole thing cuts out immediately. I would consider adding more safety features also. I really don\'t want to die while messing around with silly contraptions.",Ugw78xuAl6pycts_Ek54AaABAg.9WEODDIGf0i9WEOe6H5Soy,@RoscoeKane,0,https://www.youtube.com/watch?v=lT3vGaOLWqE&lc=Ugw78xuAl6pycts_Ek54AaABAg.9WEODDIGf0i9WEOe6H5Soy,12/21/2021 18:47,0,"Because, for me, I feel like I would make a deadman switch that you have to actively hold the button down or the power to the whole thing cuts out immediately. I would consider adding more safety features also. I really don\'t want to die while messing around with silly contraptions.",http://www.youtube.com/@RoscoeKane
1933,@SolitudeWrath,does he do all his "failures" on purpose? it seems like it.,UgyyANMl7efUeNcWt654AaABAg,,3,https://www.youtube.com/watch?v=lT3vGaOLWqE&lc=UgyyANMl7efUeNcWt654AaABAg,12/21/2021 15:32,2,does he do all his "failures" on purpose? it seems like it.,http://www.youtube.com/@SolitudeWrath
1934,@xuNsh1ne,"In this case probably not, but many/most fails are on purpose (which is okay).",UgyyANMl7efUeNcWt654AaABAg.9WE2NYfd9129WOMbvG3thp,@SolitudeWrath,2,https://www.youtube.com/watch?v=lT3vGaOLWqE&lc=UgyyANMl7efUeNcWt654AaABAg.9WE2NYfd9129WOMbvG3thp,12/25/2021 15:41,0,"In this case probably not, but many/most fails are on purpose (which is okay).",http://www.youtube.com/@xuNsh1ne
1935,@Sahuagin,"usually yes, but not the jacob\'s ladder falling into him",UgyyANMl7efUeNcWt654AaABAg.9WE2NYfd9129WZag5tPt8B,@SolitudeWrath,0,https://www.youtube.com/watch?v=lT3vGaOLWqE&lc=UgyyANMl7efUeNcWt654AaABAg.9WE2NYfd9129WZag5tPt8B,12/30/2021 0:25,0,"usually yes, but not the jacob\'s ladder falling into him",http://www.youtube.com/@Sahuagin
1936,@soulasher,Some say when he went to the doctor they hooked him up to an oscilloscope instead of a heart monitor..,UgzGBR_yqbbha8ECTTh4AaABAg,,0,https://www.youtube.com/watch?v=lT3vGaOLWqE&lc=UgzGBR_yqbbha8ECTTh4AaABAg,12/21/2021 15:09,0,Some say when he went to the doctor they hooked him up to an oscilloscope instead of a heart monitor..,http://www.youtube.com/@soulasher
1937,@ahmadparank526,oh man i po my self,UgwD_-pnMR3jMigdi1t4AaABAg,,0,https://www.youtube.com/watch?v=lT3vGaOLWqE&lc=UgwD_-pnMR3jMigdi1t4AaABAg,12/21/2021 12:15,0,oh man i po my self,http://www.youtube.com/@ahmadparank526
1938,@IaKhanic,is thsi the parker square for the Jacobs ladder?,UgzDh0K290i5skErtRR4AaABAg,,0,https://www.youtube.com/watch?v=lT3vGaOLWqE&lc=UgzDh0K290i5skErtRR4AaABAg,12/21/2021 10:06,0,is thsi the parker square for the Jacobs ladder?,http://www.youtube.com/@IaKhanic
1939,@knumadevi,watch on 7.58 its tooooo ?§£?§£?§£?§£?§£?§£?§£?§£?§£?????????????§£?§£?§£?§£?§£?§£,UgyIQ9Ny-FsuFt-FBtB4AaABAg,,0,https://www.youtube.com/watch?v=lT3vGaOLWqE&lc=UgyIQ9Ny-FsuFt-FBtB4AaABAg,12/21/2021 2:00,0,watch on 7.58 its tooooo ?§£?§£?§£?§£?§£?§£?§£?§£?§£?????????????§£?§£?§£?§£?§£?§£,http://www.youtube.com/@knumadevi
1940,@patricialeslie1607,8:00 WAS HILARIOUS BUT I ALSO FEEL BAD FOR HIM R.I.P HIS HANDS,Ugzhs7Fu4C_Qo5pMpOR4AaABAg,,1,https://www.youtube.com/watch?v=lT3vGaOLWqE&lc=Ugzhs7Fu4C_Qo5pMpOR4AaABAg,12/20/2021 18:22,0,8:00 WAS HILARIOUS BUT I ALSO FEEL BAD FOR HIM R.I.P HIS HANDS,http://www.youtube.com/@patricialeslie1607
1941,@teachesl2945,A true madman. And my respekt sir,UgyaNE-0WQK4l4vJNNF4AaABAg,,0,https://www.youtube.com/watch?v=lT3vGaOLWqE&lc=UgyaNE-0WQK4l4vJNNF4AaABAg,12/20/2021 17:40,0,A true madman. And my respekt sir,http://www.youtube.com/@teachesl2945
1942,@mirsadhasanain9780,Emang babar wkwk,UgzvmL-1EICYDvxSBFZ4AaABAg,,0,https://www.youtube.com/watch?v=lT3vGaOLWqE&lc=UgzvmL-1EICYDvxSBFZ4AaABAg,12/20/2021 9:44,0,Emang babar wkwk,http://www.youtube.com/@mirsadhasanain9780
1943,@mirsadhasanain9780,Emang babar wkwk,Ugwsif5694AILUFjZ5B4AaABAg,,0,https://www.youtube.com/watch?v=lT3vGaOLWqE&lc=Ugwsif5694AILUFjZ5B4AaABAg,12/20/2021 9:44,0,Emang babar wkwk,http://www.youtube.com/@mirsadhasanain9780
1944,@apersonyoudontknow3346,Love how he is wearing a ring while doing this like what if had just the slightest bit of metal in it,UgzwwEBAENxrdBfn0ot4AaABAg,,0,https://www.youtube.com/watch?v=lT3vGaOLWqE&lc=UgzwwEBAENxrdBfn0ot4AaABAg,12/20/2021 2:20,0,Love how he is wearing a ring while doing this like what if had just the slightest bit of metal in it,http://www.youtube.com/@apersonyoudontknow3346
1945,@marklapez1649,https://youtu.be/nb0wkOKJfCs. Hi sir can you do debunk this person he is in the link. claiming free energy. there\'s a lot of people believing in what he\'s doing. it would be a big help to clarify anything.and educate people. he\'s claiming to generate power by by getting the electromagnetic signal in air.his claiming using his invention generate power in the house. without battery. just the machine could generate power by itself. thank you and hopefully you would read my message.thank you.,UgzszSum7hFxyclLdjF4AaABAg,,0,https://www.youtube.com/watch?v=lT3vGaOLWqE&lc=UgzszSum7hFxyclLdjF4AaABAg,12/19/2021 10:07,0,https://youtu.be/nb0wkOKJfCs. Hi sir can you do debunk this person he is in the link. claiming free energy. there\'s a lot of people believing in what he\'s doing. it would be a big help to clarify anything.and educate people. he\'s claiming to generate power by by getting the electromagnetic signal in air.his claiming using his invention generate power in the house. without battery. just the machine could generate power by itself. thank you and hopefully you would read my message.thank you.,http://www.youtube.com/@marklapez1649
1946,@Falsk,suggestion for future celebration: usa a kerosene lamp as the base for the perfect jacobs ladder!,UgwTBSH47jcmbJR2SYl4AaABAg,,0,https://www.youtube.com/watch?v=lT3vGaOLWqE&lc=UgwTBSH47jcmbJR2SYl4AaABAg,12/18/2021 9:44,0,suggestion for future celebration: usa a kerosene lamp as the base for the perfect jacobs ladder!,http://www.youtube.com/@Falsk
1947,@bernardezashleym3666,im praying for you,Ugy2PSlJhMHLbYpw3IV4AaABAg,,0,https://www.youtube.com/watch?v=lT3vGaOLWqE&lc=Ugy2PSlJhMHLbYpw3IV4AaABAg,12/18/2021 9:40,0,im praying for you,http://www.youtube.com/@bernardezashleym3666
1948,@alfiehills616,Congrats on 4million nearly 5 !,UgydZcMd5ahy1WZnDkp4AaABAg,,0,https://www.youtube.com/watch?v=lT3vGaOLWqE&lc=UgydZcMd5ahy1WZnDkp4AaABAg,12/18/2021 4:25,0,Congrats on 4million nearly 5 !,http://www.youtube.com/@alfiehills616
1949,@gulshanvaryani7692,please wear rubber gloves,Ugy8ZEKDnOf9NfilDy14AaABAg,,0,https://www.youtube.com/watch?v=lT3vGaOLWqE&lc=Ugy8ZEKDnOf9NfilDy14AaABAg,12/17/2021 23:54,0,please wear rubber gloves,http://www.youtube.com/@gulshanvaryani7692
1950,@ishaandesai8575,"Need a 3D printer to make an electronic device for blind tennis, and then some free arcs xD",UgwVrOFiHCBdX7TfNil4AaABAg,,0,https://www.youtube.com/watch?v=lT3vGaOLWqE&lc=UgwVrOFiHCBdX7TfNil4AaABAg,12/17/2021 13:34,0,"Need a 3D printer to make an electronic device for blind tennis, and then some free arcs xD",http://www.youtube.com/@ishaandesai8575
1951,@pokesway4326,Mom and the other side of the house and don the house and the,Ugwo77MrZts2rB9bQjB4AaABAg,,0,https://www.youtube.com/watch?v=lT3vGaOLWqE&lc=Ugwo77MrZts2rB9bQjB4AaABAg,12/17/2021 7:53,0,Mom and the other side of the house and don the house and the,http://www.youtube.com/@pokesway4326
1952,@pokesway4326,–?–Ω–∞ —Å–∫–∞–∑–∞–ª–∞,UgwCm5FkwvgnhShRh414AaABAg,,0,https://www.youtube.com/watch?v=lT3vGaOLWqE&lc=UgwCm5FkwvgnhShRh414AaABAg,12/17/2021 7:52,0,–?–Ω–∞ —Å–∫–∞–∑–∞–ª–∞,http://www.youtube.com/@pokesway4326
1953,@pokesway4326,–Ø–Ω–≤–∞—?—? –º–µ—Å—è—?,UgzjZd9HuK1raOLRqoF4AaABAg,,0,https://www.youtube.com/watch?v=lT3vGaOLWqE&lc=UgzjZd9HuK1raOLRqoF4AaABAg,12/17/2021 7:52,0,–Ø–Ω–≤–∞—?—? –º–µ—Å—è—?,http://www.youtube.com/@pokesway4326
1954,@jbrady1725,8:00 Continuous laughter...,Ugx4WjD8KyHy8N0fjVJ4AaABAg,,0,https://www.youtube.com/watch?v=lT3vGaOLWqE&lc=Ugx4WjD8KyHy8N0fjVJ4AaABAg,12/16/2021 16:01,0,8:00 Continuous laughter...,http://www.youtube.com/@jbrady1725
1955,@aungthet2223,14mil now congratz,UgxLYmWXBoVc6bIPoNx4AaABAg,,0,https://www.youtube.com/watch?v=lT3vGaOLWqE&lc=UgxLYmWXBoVc6bIPoNx4AaABAg,12/16/2021 9:23,0,14mil now congratz,http://www.youtube.com/@aungthet2223
1956,@carlosrodriguez-ob6zg,"Best ever made, Pro teacher A ",UgzL3np66jcujCfraVJ4AaABAg,,0,https://www.youtube.com/watch?v=lT3vGaOLWqE&lc=UgzL3np66jcujCfraVJ4AaABAg,12/15/2021 20:15,0,"Best ever made, Pro teacher A ",http://www.youtube.com/@carlosrodriguez-ob6zg
1957,@bilalamjad129,I think after 4 years I don\'t have any chance for 3D printer. Very unlucky to find him so late. ??≠,UgwrlZ71GlF7oxV9VCZ4AaABAg,,1,https://www.youtube.com/watch?v=lT3vGaOLWqE&lc=UgwrlZ71GlF7oxV9VCZ4AaABAg,12/15/2021 14:35,0,I think after 4 years I don\'t have any chance for 3D printer. Very unlucky to find him so late. ??≠,http://www.youtube.com/@bilalamjad129
1958,@AKASHDEEP-vi3eq,Wow watching this I realised with the recent advancements electricity is not something that comes easily to our mind but it has played a great role in shaping the world as it stands today,UgzjaDSlSahwA2zOpjR4AaABAg,,0,https://www.youtube.com/watch?v=lT3vGaOLWqE&lc=UgzjaDSlSahwA2zOpjR4AaABAg,12/15/2021 14:07,0,Wow watching this I realised with the recent advancements electricity is not something that comes easily to our mind but it has played a great role in shaping the world as it stands today,http://www.youtube.com/@AKASHDEEP-vi3eq
1959,@Blue_Ninja481,BRO AT 7:58 THO HE LITTARY BROKE THE SPARKLERS ?§£?§£?§£?§£?§£?§£??ç,UgwhqFOIwzqtHtDYjnB4AaABAg,,0,https://www.youtube.com/watch?v=lT3vGaOLWqE&lc=UgwhqFOIwzqtHtDYjnB4AaABAg,12/15/2021 12:32,0,BRO AT 7:58 THO HE LITTARY BROKE THE SPARKLERS ?§£?§£?§£?§£?§£?§£??ç,http://www.youtube.com/@Blue_Ninja481
1960,@1TheBigD,6:47 ???????§£?§£,Ugz6oxt2Cd47NzYjkx94AaABAg,,0,https://www.youtube.com/watch?v=lT3vGaOLWqE&lc=Ugz6oxt2Cd47NzYjkx94AaABAg,12/15/2021 12:21,0,6:47 ???????§£?§£,http://www.youtube.com/@1TheBigD
1961,@totallyfrozen,I wasn‚??t able to post a question on your website (comments were closed) so I‚??ll ask here. Is this the same principle as lightening? Or how are they different?,Ugw8m78Xxjg69sjSbh54AaABAg,,0,https://www.youtube.com/watch?v=lT3vGaOLWqE&lc=Ugw8m78Xxjg69sjSbh54AaABAg,12/15/2021 10:25,0,I wasn‚??t able to post a question on your website (comments were closed) so I‚??ll ask here. Is this the same principle as lightening? Or how are they different?,http://www.youtube.com/@totallyfrozen
1962,@JackBryantFilms2,OMG 1 MINION SUBS,UgzU350m4UrygjJvwN94AaABAg,,0,https://www.youtube.com/watch?v=lT3vGaOLWqE&lc=UgzU350m4UrygjJvwN94AaABAg,12/15/2021 4:48,0,OMG 1 MINION SUBS,http://www.youtube.com/@JackBryantFilms2
1963,@Blue_Ninja481,The fact he burned those sticks at 5:23 was like??? BUT seriously ??ê,UgwF_u_2MTHYCAUoPQd4AaABAg,,2,https://www.youtube.com/watch?v=lT3vGaOLWqE&lc=UgwF_u_2MTHYCAUoPQd4AaABAg,12/14/2021 20:28,0,The fact he burned those sticks at 5:23 was like??? BUT seriously ??ê,http://www.youtube.com/@Blue_Ninja481
1964,@zephyrguzman6462,This guy would be the most awsome science teacher??????,UgzVr3HbF_OWVTmIbth4AaABAg,,0,https://www.youtube.com/watch?v=lT3vGaOLWqE&lc=UgzVr3HbF_OWVTmIbth4AaABAg,12/14/2021 14:48,0,This guy would be the most awsome science teacher??????,http://www.youtube.com/@zephyrguzman6462
1965,@belugasmom1267,Title should be Day **** of not dying from electricity ???,Ugwc2E0u0rFxAxwbCpd4AaABAg,,0,https://www.youtube.com/watch?v=lT3vGaOLWqE&lc=Ugwc2E0u0rFxAxwbCpd4AaABAg,12/14/2021 7:37,0,Title should be Day **** of not dying from electricity ???,http://www.youtube.com/@belugasmom1267
1966,@ChrisHolzer,I am surprised that he is still alife XD,UgxuG92FP_-TpXFutZV4AaABAg,,0,https://www.youtube.com/watch?v=lT3vGaOLWqE&lc=UgxuG92FP_-TpXFutZV4AaABAg,12/14/2021 5:11,0,I am surprised that he is still alife XD,http://www.youtube.com/@ChrisHolzer
1967,@mrneedlemouse4631,""" Why do bad things happen to good people""",UgyG01huw0NIU9AEUm14AaABAg,,0,https://www.youtube.com/watch?v=lT3vGaOLWqE&lc=UgyG01huw0NIU9AEUm14AaABAg,12/13/2021 20:51,0,""" Why do bad things happen to good people""",http://www.youtube.com/@mrneedlemouse4631
1968,@jonathanpoop339,Use gloves and helmet to protect ur self,Ugx6tr54dM4trJSmJRZ4AaABAg,,0,https://www.youtube.com/watch?v=lT3vGaOLWqE&lc=Ugx6tr54dM4trJSmJRZ4AaABAg,12/13/2021 19:35,0,Use gloves and helmet to protect ur self,http://www.youtube.com/@jonathanpoop339
1969,@manishbose4246,??????????????????????????????????????????????????????,Ugw7fW1Nnq0q0GHwY654AaABAg,,0,https://www.youtube.com/watch?v=lT3vGaOLWqE&lc=Ugw7fW1Nnq0q0GHwY654AaABAg,12/13/2021 11:02,0,??????????????????????????????????????????????????????,http://www.youtube.com/@manishbose4246
1970,@alfieagulto186,and u taser ur self,UgzVjv7DHRC176xUorR4AaABAg,,0,https://www.youtube.com/watch?v=lT3vGaOLWqE&lc=UgzVjv7DHRC176xUorR4AaABAg,12/13/2021 9:20,0,and u taser ur self,http://www.youtube.com/@alfieagulto186
1971,@alfieagulto186,u made a taser,UgxCST2eH3utgIWeZW94AaABAg,,0,https://www.youtube.com/watch?v=lT3vGaOLWqE&lc=UgxCST2eH3utgIWeZW94AaABAg,12/13/2021 9:20,0,u made a taser,http://www.youtube.com/@alfieagulto186
1972,@alfieagulto186,ur vid are soo funny,UgwtCoZajcl9AEMGhhN4AaABAg,,0,https://www.youtube.com/watch?v=lT3vGaOLWqE&lc=UgwtCoZajcl9AEMGhhN4AaABAg,12/13/2021 9:19,0,ur vid are soo funny,http://www.youtube.com/@alfieagulto186
1973,@gregorybible7610,????§£???????§£?§£???Good comidy??ç,Ugyv9fDU2UpqmAAzdcp4AaABAg,,0,https://www.youtube.com/watch?v=lT3vGaOLWqE&lc=Ugyv9fDU2UpqmAAzdcp4AaABAg,12/13/2021 0:01,0,????§£???????§£?§£???Good comidy??ç,http://www.youtube.com/@gregorybible7610
1974,@technics6215,6:30 this should be called Mehdi\'s Ladder. The best ladder ever.,UgwbTBlln47dlybufLR4AaABAg,,56,https://www.youtube.com/watch?v=lT3vGaOLWqE&lc=UgwbTBlln47dlybufLR4AaABAg,12/12/2021 21:05,0,6:30 this should be called Mehdi\'s Ladder. The best ladder ever.,http://www.youtube.com/@technics6215
1975,@Koolkole27,Make 50 of those ladders for when your channel reaches 5 mill subscribers!,UgxOpeTEIr12IuAUYix4AaABAg,,0,https://www.youtube.com/watch?v=lT3vGaOLWqE&lc=UgxOpeTEIr12IuAUYix4AaABAg,12/12/2021 20:11,0,Make 50 of those ladders for when your channel reaches 5 mill subscribers!,http://www.youtube.com/@Koolkole27
1976,@drakianastasius2348,This man almost killed himself like 5 times this video.,UgzpPewW66H2DOJpw3V4AaABAg,,0,https://www.youtube.com/watch?v=lT3vGaOLWqE&lc=UgzpPewW66H2DOJpw3V4AaABAg,12/12/2021 20:10,0,This man almost killed himself like 5 times this video.,http://www.youtube.com/@drakianastasius2348
1977,@YuukiDynasty,singer: ElectroBOOM language: gibberish can\'t wait for the official release.,UgytQ8KYGAp7HpJy71t4AaABAg,,0,https://www.youtube.com/watch?v=lT3vGaOLWqE&lc=UgytQ8KYGAp7HpJy71t4AaABAg,12/12/2021 13:40,0,singer: ElectroBOOM language: gibberish can\'t wait for the official release.,http://www.youtube.com/@YuukiDynasty
1978,@Tommy-mb8rm,"Now for reals, was that fall scripted? That was seriously dangerous!",UgxDeg8ecj5PLIFgSZN4AaABAg,,1,https://www.youtube.com/watch?v=lT3vGaOLWqE&lc=UgxDeg8ecj5PLIFgSZN4AaABAg,12/12/2021 9:47,1,"Now for reals, was that fall scripted? That was seriously dangerous!",http://www.youtube.com/@Tommy-mb8rm
1979,@nickstanley5064,"It\'s real, he said it himself in this interview at around the 7:09 mark: https://youtu.be/utuvmyuavbY",UgxDeg8ecj5PLIFgSZN4AaABAg.9VrFgG-9D8-9W4aX6HnosT,@Tommy-mb8rm,0,https://www.youtube.com/watch?v=lT3vGaOLWqE&lc=UgxDeg8ecj5PLIFgSZN4AaABAg.9VrFgG-9D8-9W4aX6HnosT,12/17/2021 23:27,0,"It\'s real, he said it himself in this interview at around the 7:09 mark: https://youtu.be/utuvmyuavbY",http://www.youtube.com/@nickstanley5064
1980,@michaelbinchy768,The amount of pizzazz in nearly killing yourself...,UgzEAS3NrIf0DN8adKh4AaABAg,,0,https://www.youtube.com/watch?v=lT3vGaOLWqE&lc=UgzEAS3NrIf0DN8adKh4AaABAg,12/12/2021 8:54,0,The amount of pizzazz in nearly killing yourself...,http://www.youtube.com/@michaelbinchy768
1981,@zane003,According to him at minute 8:40 in this interview watch?v=utuvmyuavbY that one was a real near death accident,Ugyi8X-tA8js4j6O4RZ4AaABAg,,0,https://www.youtube.com/watch?v=lT3vGaOLWqE&lc=Ugyi8X-tA8js4j6O4RZ4AaABAg,12/12/2021 5:31,0,According to him at minute 8:40 in this interview watch?v=utuvmyuavbY that one was a real near death accident,http://www.youtube.com/@zane003
1982,@Tetra3Ne56scur,I love how he lets ‚?°Ô∏è bite him haha,Ugx6yEzlBxdMPnTa3w14AaABAg,,0,https://www.youtube.com/watch?v=lT3vGaOLWqE&lc=Ugx6yEzlBxdMPnTa3w14AaABAg,12/11/2021 21:19,0,I love how he lets ‚?°Ô∏è bite him haha,http://www.youtube.com/@Tetra3Ne56scur
1983,@samsamaroo8453,How cum this man brain in short circuit yet?,UgwgDenHSjn8u-gGYnF4AaABAg,,0,https://www.youtube.com/watch?v=lT3vGaOLWqE&lc=UgwgDenHSjn8u-gGYnF4AaABAg,12/11/2021 20:21,0,How cum this man brain in short circuit yet?,http://www.youtube.com/@samsamaroo8453
1984,@silvermane5695,This is the first time I have come across this video and I cringed every minute of it.,UgyLmeKazTxs5EqBw3h4AaABAg,,0,https://www.youtube.com/watch?v=lT3vGaOLWqE&lc=UgyLmeKazTxs5EqBw3h4AaABAg,12/11/2021 17:08,6,This is the first time I have come across this video and I cringed every minute of it.,http://www.youtube.com/@silvermane5695
1985,@myute.,i hope you watch facebook memes,UgyLmeKazTxs5EqBw3h4AaABAg.9VpTOlnLEMH9a8fEyn_SUv,@silvermane5695,0,https://www.youtube.com/watch?v=lT3vGaOLWqE&lc=UgyLmeKazTxs5EqBw3h4AaABAg.9VpTOlnLEMH9a8fEyn_SUv,4/22/2022 21:02,0,i hope you watch facebook memes,http://www.youtube.com/@myute.
1986,@silvermane5695,"@@myute. I don\'t waste my time on Facebook, the only reason I watched his video is because the algorithm presented to me.",UgyLmeKazTxs5EqBw3h4AaABAg.9VpTOlnLEMH9a8jyoRSnuo,@silvermane5695,0,https://www.youtube.com/watch?v=lT3vGaOLWqE&lc=UgyLmeKazTxs5EqBw3h4AaABAg.9VpTOlnLEMH9a8jyoRSnuo,4/22/2022 21:43,0,"@@myute. I don\'t waste my time on Facebook, the only reason I watched his video is because the algorithm presented to me.",http://www.youtube.com/@silvermane5695
1987,@myute.,@@silvermane5695 man can\'t get jokes,UgyLmeKazTxs5EqBw3h4AaABAg.9VpTOlnLEMH9aAtRDmr6is,@silvermane5695,0,https://www.youtube.com/watch?v=lT3vGaOLWqE&lc=UgyLmeKazTxs5EqBw3h4AaABAg.9VpTOlnLEMH9aAtRDmr6is,4/23/2022 17:44,0,@@silvermane5695 man can\'t get jokes,http://www.youtube.com/@myute.
1988,@silvermane5695,"@@myute. I have worked in electrical projects and I have seen so called ""electricians"" screwing things up that almost killed people. I know all this accidents that he does in his videos are for him to show us how dangerous stuff like this can be and not just for entertaining purposes, but in real life if you are not careful you can end up hurting yourself or worst yet killing someone else and believe me I\'ve been there.",UgyLmeKazTxs5EqBw3h4AaABAg.9VpTOlnLEMH9aBC1sFQvpj,@silvermane5695,0,https://www.youtube.com/watch?v=lT3vGaOLWqE&lc=UgyLmeKazTxs5EqBw3h4AaABAg.9VpTOlnLEMH9aBC1sFQvpj,4/23/2022 20:36,0,"@@myute. I have worked in electrical projects and I have seen so called ""electricians"" screwing things up that almost killed people. I know all this accidents that he does in his videos are for him to show us how dangerous stuff like this can be and not just for entertaining purposes, but in real life if you are not careful you can end up hurting yourself or worst yet killing someone else and believe me I\'ve been there.",http://www.youtube.com/@silvermane5695
1989,@myute.,"@@silvermane5695 mate i just said you can\'t get a joke, no need for the second bible man.",UgyLmeKazTxs5EqBw3h4AaABAg.9VpTOlnLEMH9aBKGK5G6ay,@silvermane5695,0,https://www.youtube.com/watch?v=lT3vGaOLWqE&lc=UgyLmeKazTxs5EqBw3h4AaABAg.9VpTOlnLEMH9aBKGK5G6ay,4/23/2022 21:48,0,"@@silvermane5695 mate i just said you can\'t get a joke, no need for the second bible man.",http://www.youtube.com/@myute.
1990,@ibmer9543,Fucking breaker???,Ugy8iYH5F6HUQ7EMPFh4AaABAg,,0,https://www.youtube.com/watch?v=lT3vGaOLWqE&lc=Ugy8iYH5F6HUQ7EMPFh4AaABAg,12/11/2021 14:45,0,Fucking breaker???,http://www.youtube.com/@ibmer9543
1991,@wdowa94,This one was dangerous. Glad you\'re OK,UgwtZhgrtOdlumwq5Yl4AaABAg,,0,https://www.youtube.com/watch?v=lT3vGaOLWqE&lc=UgwtZhgrtOdlumwq5Yl4AaABAg,12/11/2021 14:45,0,This one was dangerous. Glad you\'re OK,http://www.youtube.com/@wdowa94
1992,@nsxdarin,don\'t ever pick this guy in a dead pool.,UgysxOCixsHeNUP1fdF4AaABAg,,1,https://www.youtube.com/watch?v=lT3vGaOLWqE&lc=UgysxOCixsHeNUP1fdF4AaABAg,12/11/2021 11:42,0,don\'t ever pick this guy in a dead pool.,http://www.youtube.com/@nsxdarin
1993,@conceptsdifferences,https://youtube.com/channel/UCLMa-0iiwKYv5Mv2RkjRXSw,UgxdbJZaAcLg_TCS9l54AaABAg,,0,https://www.youtube.com/watch?v=lT3vGaOLWqE&lc=UgxdbJZaAcLg_TCS9l54AaABAg,12/11/2021 10:59,0,https://youtube.com/channel/UCLMa-0iiwKYv5Mv2RkjRXSw,http://www.youtube.com/@conceptsdifferences
1994,@jay-thetruth-stone12,Lulz my bot lulzbot!,Ugywlro2Q0qMm4sl9Lx4AaABAg,,0,https://www.youtube.com/watch?v=lT3vGaOLWqE&lc=Ugywlro2Q0qMm4sl9Lx4AaABAg,12/11/2021 5:10,0,Lulz my bot lulzbot!,http://www.youtube.com/@jay-thetruth-stone12
1995,@yahiaprice103,9:35 that face ?§£?§£,UgwBPhmKnORNEEjcshx4AaABAg,,1,https://www.youtube.com/watch?v=lT3vGaOLWqE&lc=UgwBPhmKnORNEEjcshx4AaABAg,12/10/2021 8:42,0,9:35 that face ?§£?§£,http://www.youtube.com/@yahiaprice103
1996,@byeolbich602,Him being our physics class teacher would be wholesome‚?°,Ugy0rXGptbsJ5XA_j614AaABAg,,0,https://www.youtube.com/watch?v=lT3vGaOLWqE&lc=Ugy0rXGptbsJ5XA_j614AaABAg,12/10/2021 2:11,0,Him being our physics class teacher would be wholesome‚?°,http://www.youtube.com/@byeolbich602
1997,@xxbongobazookaxx7170,When you named your channel did you know you\'d be spending most of the footage electrocuting yourself?,Ugy3D8Eq7iEHG5l-1H14AaABAg,,0,https://www.youtube.com/watch?v=lT3vGaOLWqE&lc=Ugy3D8Eq7iEHG5l-1H14AaABAg,12/9/2021 16:40,0,When you named your channel did you know you\'d be spending most of the footage electrocuting yourself?,http://www.youtube.com/@xxbongobazookaxx7170
1998,@FourthRoot,"No more high voltage please, I want you to live.",UgxqoYheZ9XKZsN-CdF4AaABAg,,0,https://www.youtube.com/watch?v=lT3vGaOLWqE&lc=UgxqoYheZ9XKZsN-CdF4AaABAg,12/9/2021 13:47,0,"No more high voltage please, I want you to live.",http://www.youtube.com/@FourthRoot
1999,@familievanderbijl9393,7:57,UgxusArEV52ptBmkk694AaABAg,,0,https://www.youtube.com/watch?v=lT3vGaOLWqE&lc=UgxusArEV52ptBmkk694AaABAg,12/9/2021 12:31,0,7:57,http://www.youtube.com/@familievanderbijl9393
2000,@Nanikasuruhito,OMG,UgzZipAjU0WXDbmw4pV4AaABAg,,0,https://www.youtube.com/watch?v=lT3vGaOLWqE&lc=UgzZipAjU0WXDbmw4pV4AaABAg,12/9/2021 7:04,0,OMG,http://www.youtube.com/@Nanikasuruhito
2001,@edrobinson8956,Your the man rock on dude,Ugwr2U9b-ii6fZ9oXLV4AaABAg,,0,https://www.youtube.com/watch?v=lT3vGaOLWqE&lc=Ugwr2U9b-ii6fZ9oXLV4AaABAg,12/8/2021 22:57,0,Your the man rock on dude,http://www.youtube.com/@edrobinson8956
2002,@uffe5,Njrl??????,UgwdYVE0QDZgg8Rw-GB4AaABAg,,0,https://www.youtube.com/watch?v=lT3vGaOLWqE&lc=UgwdYVE0QDZgg8Rw-GB4AaABAg,12/7/2021 8:15,0,Njrl??????,http://www.youtube.com/@uffe5
2003,@robertallingham,"Gee Electro, with all this pyro, I can\'t figure how you still have eyebrow!",Ugz54q9_E9XevcCiZFB4AaABAg,,0,https://www.youtube.com/watch?v=lT3vGaOLWqE&lc=Ugz54q9_E9XevcCiZFB4AaABAg,12/6/2021 19:05,0,"Gee Electro, with all this pyro, I can\'t figure how you still have eyebrow!",http://www.youtube.com/@robertallingham
2004,@secretlymusty3437,CONTENT IS AWESOMMMMMMME,UgwHixNmv47lL7emwit4AaABAg,,1,https://www.youtube.com/watch?v=lT3vGaOLWqE&lc=UgwHixNmv47lL7emwit4AaABAg,12/6/2021 17:54,0,CONTENT IS AWESOMMMMMMME,http://www.youtube.com/@secretlymusty3437
2005,@gbtgjn316,Damn he\'s an old youtuber here and it took him years just to get the million subs (He didnt give up bruv) 3,UgzDHUUas0PdcjWwD0J4AaABAg,,0,https://www.youtube.com/watch?v=lT3vGaOLWqE&lc=UgzDHUUas0PdcjWwD0J4AaABAg,12/6/2021 7:49,0,Damn he\'s an old youtuber here and it took him years just to get the million subs (He didnt give up bruv) 3,http://www.youtube.com/@gbtgjn316
2006,@shelceygusek427,...,UgxDtrFDu5UhEQ8ipgZ4AaABAg,,0,https://www.youtube.com/watch?v=lT3vGaOLWqE&lc=UgxDtrFDu5UhEQ8ipgZ4AaABAg,12/6/2021 5:28,0,...,http://www.youtube.com/@shelceygusek427
2007,@lordchicken9705,8:00,Ugxhl_pDHeJ_lKSpF8V4AaABAg,,0,https://www.youtube.com/watch?v=lT3vGaOLWqE&lc=Ugxhl_pDHeJ_lKSpF8V4AaABAg,12/5/2021 12:11,0,8:00,http://www.youtube.com/@lordchicken9705
2008,@BeenYT,When the sparklers fell on him I dropped my phone ???,UgwxqU-_sjJee6_x_8B4AaABAg,,0,https://www.youtube.com/watch?v=lT3vGaOLWqE&lc=UgwxqU-_sjJee6_x_8B4AaABAg,12/5/2021 6:06,0,When the sparklers fell on him I dropped my phone ???,http://www.youtube.com/@BeenYT
2009,@onyokanacleto7235,Just imagine the electricity bill,UgzN9BR0_uHfu8zv_HR4AaABAg,,0,https://www.youtube.com/watch?v=lT3vGaOLWqE&lc=UgzN9BR0_uHfu8zv_HR4AaABAg,12/4/2021 18:16,0,Just imagine the electricity bill,http://www.youtube.com/@onyokanacleto7235
2010,@Speakerpro7435,1:44 this part he hit the table and everything was jumping because of him hitting it 8:00,UgwtE4AXNPNjVo9Q0qF4AaABAg,,0,https://www.youtube.com/watch?v=lT3vGaOLWqE&lc=UgwtE4AXNPNjVo9Q0qF4AaABAg,12/3/2021 18:31,0,1:44 this part he hit the table and everything was jumping because of him hitting it 8:00,http://www.youtube.com/@Speakerpro7435
2011,@iSustainnn,"If you\'re curious about ""what would happen ifs"" in field of electrical, then you\'re in the right channel.",UgwqbYhaOm_NyXoETbJ4AaABAg,,0,https://www.youtube.com/watch?v=lT3vGaOLWqE&lc=UgwqbYhaOm_NyXoETbJ4AaABAg,12/3/2021 13:18,0,"If you\'re curious about ""what would happen ifs"" in field of electrical, then you\'re in the right channel.",http://www.youtube.com/@iSustainnn
2012,@IdK-wy2jy,almost 5 mill...,Ugy17_a_HGFVJvIp-p14AaABAg,,0,https://www.youtube.com/watch?v=lT3vGaOLWqE&lc=Ugy17_a_HGFVJvIp-p14AaABAg,12/3/2021 11:43,0,almost 5 mill...,http://www.youtube.com/@IdK-wy2jy
2013,@shubhamshreyashkr4238,This guy is a legend???,Ugz7v02mWaLNt4-5Qit4AaABAg,,0,https://www.youtube.com/watch?v=lT3vGaOLWqE&lc=Ugz7v02mWaLNt4-5Qit4AaABAg,12/3/2021 11:32,0,This guy is a legend???,http://www.youtube.com/@shubhamshreyashkr4238
2014,@shongus_,6:48 absolutely terrifying,Ugwl5bOzsghdzyD5tt54AaABAg,,1,https://www.youtube.com/watch?v=lT3vGaOLWqE&lc=Ugwl5bOzsghdzyD5tt54AaABAg,12/3/2021 7:48,0,6:48 absolutely terrifying,http://www.youtube.com/@shongus_
2015,@RookyLobster447,I still can‚??t tell if this guys satire or if he‚??s just a klutz,Ugyc5aryQRh1XY9lojF4AaABAg,,0,https://www.youtube.com/watch?v=lT3vGaOLWqE&lc=Ugyc5aryQRh1XY9lojF4AaABAg,12/3/2021 4:43,0,I still can‚??t tell if this guys satire or if he‚??s just a klutz,http://www.youtube.com/@RookyLobster447
2016,@wellingtonnorthjunction3911,Don‚??t let him near overhead wires on a railway,UgwLHFE24lRIe1_KvpZ4AaABAg,,0,https://www.youtube.com/watch?v=lT3vGaOLWqE&lc=UgwLHFE24lRIe1_KvpZ4AaABAg,12/2/2021 15:00,0,Don‚??t let him near overhead wires on a railway,http://www.youtube.com/@wellingtonnorthjunction3911
2017,@kingsvacation5203,As they say electro boom to my heart,Ugzj54WSSU-JDt2__M94AaABAg,,0,https://www.youtube.com/watch?v=lT3vGaOLWqE&lc=Ugzj54WSSU-JDt2__M94AaABAg,12/2/2021 12:09,0,As they say electro boom to my heart,http://www.youtube.com/@kingsvacation5203
2018,@Azide_zx,i love how when the jacobs ladder falls towards him he grabs it instead of getting out of the way,Ugy34OmdW3PkmrkI2fl4AaABAg,,0,https://www.youtube.com/watch?v=lT3vGaOLWqE&lc=Ugy34OmdW3PkmrkI2fl4AaABAg,12/1/2021 23:17,1,i love how when the jacobs ladder falls towards him he grabs it instead of getting out of the way,http://www.youtube.com/@Azide_zx
2019,@thegrahamreaper6851,"i mean he didn\'t exactly plan for a real, live jacob\'s ladder to fall on top of him, so I don\'t blame him for reacting like that. The ladder falling and shocking him? That wasn\'t planned, and it actually happened, and it ACTUALLY almost killed him.",Ugy34OmdW3PkmrkI2fl4AaABAg.9VRNhwGJO3I9YV5RTnHOxR,@Azide_zx,0,https://www.youtube.com/watch?v=lT3vGaOLWqE&lc=Ugy34OmdW3PkmrkI2fl4AaABAg.9VRNhwGJO3I9YV5RTnHOxR,2/15/2022 23:29,0,"i mean he didn\'t exactly plan for a real, live jacob\'s ladder to fall on top of him, so I don\'t blame him for reacting like that. The ladder falling and shocking him? That wasn\'t planned, and it actually happened, and it ACTUALLY almost killed him.",http://www.youtube.com/@thegrahamreaper6851
2020,@ntxhuavlis6757,"You either is very good in what you are doing or you do lots of unsafe stuffs, like safety glasses, gloves, and protect clothing, and inside where things can catch on fire. I guess always, ""Do as I say and not what I do."" is the saying.",UgzHqn-RWqvZ6T5tPKx4AaABAg,,0,https://www.youtube.com/watch?v=lT3vGaOLWqE&lc=UgzHqn-RWqvZ6T5tPKx4AaABAg,12/1/2021 22:25,0,"You either is very good in what you are doing or you do lots of unsafe stuffs, like safety glasses, gloves, and protect clothing, and inside where things can catch on fire. I guess always, ""Do as I say and not what I do."" is the saying.",http://www.youtube.com/@ntxhuavlis6757
2021,@thomasnilsson438,I fucking died when the shit tipped over ??????????????????,Ugw3nO-DtbKyJWOjW2x4AaABAg,,0,https://www.youtube.com/watch?v=lT3vGaOLWqE&lc=Ugw3nO-DtbKyJWOjW2x4AaABAg,12/1/2021 15:02,0,I fucking died when the shit tipped over ??????????????????,http://www.youtube.com/@thomasnilsson438
2022,@josh_edits192,Id,UgyQgTKb3oN0zJ2KtMR4AaABAg,,1,https://www.youtube.com/watch?v=lT3vGaOLWqE&lc=UgyQgTKb3oN0zJ2KtMR4AaABAg,12/1/2021 5:57,0,Id,http://www.youtube.com/@josh_edits192
2023,@smjisan.guitar,I like his music. He has talent to be a great musician,UgwxMUI12tA82-wkO_t4AaABAg,,1,https://www.youtube.com/watch?v=lT3vGaOLWqE&lc=UgwxMUI12tA82-wkO_t4AaABAg,12/1/2021 3:01,0,I like his music. He has talent to be a great musician,http://www.youtube.com/@smjisan.guitar
2024,@jaydendiaz1181,Love your videos man your great,UgwFoD_cRLQfMFjxqNp4AaABAg,,0,https://www.youtube.com/watch?v=lT3vGaOLWqE&lc=UgwFoD_cRLQfMFjxqNp4AaABAg,11/30/2021 21:51,0,Love your videos man your great,http://www.youtube.com/@jaydendiaz1181
2025,@piyasbose8483,Nearby hospital: he is back!,Ugz9W2WoOGqPAkTnxQl4AaABAg,,1,https://www.youtube.com/watch?v=lT3vGaOLWqE&lc=Ugz9W2WoOGqPAkTnxQl4AaABAg,11/30/2021 2:12,0,Nearby hospital: he is back!,http://www.youtube.com/@piyasbose8483
2026,@gloop9522,I got so fuking scared when the thing fell on him,UgzB0dRpmDKBM-quqO54AaABAg,,0,https://www.youtube.com/watch?v=lT3vGaOLWqE&lc=UgzB0dRpmDKBM-quqO54AaABAg,11/30/2021 1:13,0,I got so fuking scared when the thing fell on him,http://www.youtube.com/@gloop9522
2027,@ferdinandgz7190,I need a 3D printer for an electric experiment,UgynhLOelxkRB5G3F1F4AaABAg,,0,https://www.youtube.com/watch?v=lT3vGaOLWqE&lc=UgynhLOelxkRB5G3F1F4AaABAg,11/29/2021 17:40,0,I need a 3D printer for an electric experiment,http://www.youtube.com/@ferdinandgz7190
2028,@axis575,8:00 tf,UgxfzTMi7v1W0KiXH5F4AaABAg,,0,https://www.youtube.com/watch?v=lT3vGaOLWqE&lc=UgxfzTMi7v1W0KiXH5F4AaABAg,11/29/2021 1:42,0,8:00 tf,http://www.youtube.com/@axis575
2029,@firemazeheatray5194,hey what is the name of that song and who sings it?,Ugy3fxSXkPRn9VwE6zZ4AaABAg,,0,https://www.youtube.com/watch?v=lT3vGaOLWqE&lc=Ugy3fxSXkPRn9VwE6zZ4AaABAg,11/28/2021 21:56,0,hey what is the name of that song and who sings it?,http://www.youtube.com/@firemazeheatray5194
2030,@dodgeglowsticks,Bro you need to release an album,UgwTUVrRNEcJK2tEsz54AaABAg,,0,https://www.youtube.com/watch?v=lT3vGaOLWqE&lc=UgwTUVrRNEcJK2tEsz54AaABAg,11/28/2021 13:31,0,Bro you need to release an album,http://www.youtube.com/@dodgeglowsticks
2031,@FatalShotGG,I swear you electrocute yourself on purpose. Not smart,UgxQA8sXqO_X6qnTEoJ4AaABAg,,0,https://www.youtube.com/watch?v=lT3vGaOLWqE&lc=UgxQA8sXqO_X6qnTEoJ4AaABAg,11/28/2021 11:31,0,I swear you electrocute yourself on purpose. Not smart,http://www.youtube.com/@FatalShotGG
2032,@TyreeceABCProductions2002,6:23,Ugyv4ezNhVrSccIz1Jx4AaABAg,,0,https://www.youtube.com/watch?v=lT3vGaOLWqE&lc=Ugyv4ezNhVrSccIz1Jx4AaABAg,11/28/2021 8:58,0,6:23,http://www.youtube.com/@TyreeceABCProductions2002
2033,@AparichitNotastranger,How he do this ?????∞??®,UgxwQLKg45t7p2787qF4AaABAg,,0,https://www.youtube.com/watch?v=lT3vGaOLWqE&lc=UgxwQLKg45t7p2787qF4AaABAg,11/28/2021 5:04,0,How he do this ?????∞??®,http://www.youtube.com/@AparichitNotastranger
2034,@88keysperfeel1ng9,Poor guy. It wasnt funny at all when he got zapped at the end. The man was shaking so much je knew he could have died easly there.,Ugw8kt8kmQcs0x5Ne154AaABAg,,0,https://www.youtube.com/watch?v=lT3vGaOLWqE&lc=Ugw8kt8kmQcs0x5Ne154AaABAg,11/27/2021 18:15,0,Poor guy. It wasnt funny at all when he got zapped at the end. The man was shaking so much je knew he could have died easly there.,http://www.youtube.com/@88keysperfeel1ng9
2035,@zeg2651,"Dude, how do you survive ???",UgwDBq5iyjPWpGmEqEZ4AaABAg,,0,https://www.youtube.com/watch?v=lT3vGaOLWqE&lc=UgwDBq5iyjPWpGmEqEZ4AaABAg,11/27/2021 15:04,0,"Dude, how do you survive ???",http://www.youtube.com/@zeg2651
2036,@ChrisBunney,"I\'m amazed you still have those bushy eyebrows... If ever I saw someone who needed safety specs, it was you... Awesome videos though! However, I shan\'t be showing them to my kids...",UgwQ_B-cYX9rxVXguDZ4AaABAg,,0,https://www.youtube.com/watch?v=lT3vGaOLWqE&lc=UgwQ_B-cYX9rxVXguDZ4AaABAg,11/27/2021 12:54,0,"I\'m amazed you still have those bushy eyebrows... If ever I saw someone who needed safety specs, it was you... Awesome videos though! However, I shan\'t be showing them to my kids...",http://www.youtube.com/@ChrisBunney
2037,@ITACHIUCHIHA-wz2uu,Hi I‚??m irani like you,UgxFNf-2eoxRsYnHGIB4AaABAg,,0,https://www.youtube.com/watch?v=lT3vGaOLWqE&lc=UgxFNf-2eoxRsYnHGIB4AaABAg,11/27/2021 12:14,0,Hi I‚??m irani like you,http://www.youtube.com/@ITACHIUCHIHA-wz2uu
2038,@suvzey1902,He was fucking shaking,UgwnQmnBfW5D5wvG8Q54AaABAg,,0,https://www.youtube.com/watch?v=lT3vGaOLWqE&lc=UgwnQmnBfW5D5wvG8Q54AaABAg,11/27/2021 11:43,0,He was fucking shaking,http://www.youtube.com/@suvzey1902
2039,@obitouchiha991,I will try this at home.,Ugy-KuwELgEwUuCvsvx4AaABAg,,0,https://www.youtube.com/watch?v=lT3vGaOLWqE&lc=Ugy-KuwELgEwUuCvsvx4AaABAg,11/27/2021 8:35,0,I will try this at home.,http://www.youtube.com/@obitouchiha991
2040,@user-jx2id8em1g,"Don\'t be proud of it, and direct it so that anyone can follow it without saying a word.",Ugxng-wA4cqXrd0NgPx4AaABAg,,0,https://www.youtube.com/watch?v=lT3vGaOLWqE&lc=Ugxng-wA4cqXrd0NgPx4AaABAg,11/27/2021 4:56,0,"Don\'t be proud of it, and direct it so that anyone can follow it without saying a word.",http://www.youtube.com/@user-jx2id8em1g
2041,@idioticredsoldier3495,He both dumb and smart.,UgwkW9TjCXPpeG0RDlx4AaABAg,,0,https://www.youtube.com/watch?v=lT3vGaOLWqE&lc=UgwkW9TjCXPpeG0RDlx4AaABAg,11/27/2021 3:11,0,He both dumb and smart.,http://www.youtube.com/@idioticredsoldier3495
2042,@videogameclips947,Almost 5 million now....!,UgzOsD-9HMNV-jVAATh4AaABAg,,0,https://www.youtube.com/watch?v=lT3vGaOLWqE&lc=UgzOsD-9HMNV-jVAATh4AaABAg,11/27/2021 3:07,0,Almost 5 million now....!,http://www.youtube.com/@videogameclips947
2043,@qanonfighter8623,Dead man handshake,Ugy7Rq0XSuRoWAlbDgF4AaABAg,,1,https://www.youtube.com/watch?v=lT3vGaOLWqE&lc=Ugy7Rq0XSuRoWAlbDgF4AaABAg,11/26/2021 22:09,0,Dead man handshake,http://www.youtube.com/@qanonfighter8623
2044,@herr.shojai,How can you dislike this?,UgzOeuGAXZmH_DQKw4B4AaABAg,,1,https://www.youtube.com/watch?v=lT3vGaOLWqE&lc=UgzOeuGAXZmH_DQKw4B4AaABAg,11/26/2021 14:40,0,How can you dislike this?,http://www.youtube.com/@herr.shojai
2045,@jeremiahgarcia2832,Please please I really need one I need to make something really cool one day I wanna be like you,UgzfHj_wt7u-hqiZlfR4AaABAg,,1,https://www.youtube.com/watch?v=lT3vGaOLWqE&lc=UgzfHj_wt7u-hqiZlfR4AaABAg,11/26/2021 14:12,0,Please please I really need one I need to make something really cool one day I wanna be like you,http://www.youtube.com/@jeremiahgarcia2832
2046,@carlweverson1302,"You are everything, smart, dumb, lucky and unlucky.",UgzlLZKxte6IpvAmHQJ4AaABAg,,2,https://www.youtube.com/watch?v=lT3vGaOLWqE&lc=UgzlLZKxte6IpvAmHQJ4AaABAg,11/26/2021 6:31,0,"You are everything, smart, dumb, lucky and unlucky.",http://www.youtube.com/@carlweverson1302
2047,@vinayakmishra8408,i always have wanted to test a rocket model and make some ovaloids so i want it ...,Ugxu7kmn44tBj2SEGuR4AaABAg,,0,https://www.youtube.com/watch?v=lT3vGaOLWqE&lc=Ugxu7kmn44tBj2SEGuR4AaABAg,11/26/2021 2:57,0,i always have wanted to test a rocket model and make some ovaloids so i want it ...,http://www.youtube.com/@vinayakmishra8408
2048,@vinayakmishra8408,he will give me a heartattack 1 day,UgxbI9EjFSmoscR839B4AaABAg,,0,https://www.youtube.com/watch?v=lT3vGaOLWqE&lc=UgxbI9EjFSmoscR839B4AaABAg,11/26/2021 2:55,0,he will give me a heartattack 1 day,http://www.youtube.com/@vinayakmishra8408
2049,@dangervedantop,6:04 Woah Woah Woah Woah,UgzmbOWb-VgRuXTvXQl4AaABAg,,0,https://www.youtube.com/watch?v=lT3vGaOLWqE&lc=UgzmbOWb-VgRuXTvXQl4AaABAg,11/25/2021 22:53,0,6:04 Woah Woah Woah Woah,http://www.youtube.com/@dangervedantop
2050,@shoukohinata3435,HE TRIED TO CATCH IT NOOOO,Ugz1UpP6IlBCSJ3BdVd4AaABAg,,1,https://www.youtube.com/watch?v=lT3vGaOLWqE&lc=Ugz1UpP6IlBCSJ3BdVd4AaABAg,11/25/2021 7:37,0,HE TRIED TO CATCH IT NOOOO,http://www.youtube.com/@shoukohinata3435
2051,@joking_oregon1,I imagine its called a jacob‚??s ladder because it takes you straight to heaven if you touch it,UgxhzdlQxwWNslJKGIt4AaABAg,,0,https://www.youtube.com/watch?v=lT3vGaOLWqE&lc=UgxhzdlQxwWNslJKGIt4AaABAg,11/25/2021 3:54,0,I imagine its called a jacob‚??s ladder because it takes you straight to heaven if you touch it,http://www.youtube.com/@joking_oregon1
2052,@RainaPCB,Cause of death: necrosis,UgzeWGgVqcry_yEuKah4AaABAg,,0,https://www.youtube.com/watch?v=lT3vGaOLWqE&lc=UgzeWGgVqcry_yEuKah4AaABAg,11/25/2021 1:14,0,Cause of death: necrosis,http://www.youtube.com/@RainaPCB
2053,@alexander9f588,1:44 This jumpscare better than the nun,UgwZwD3c_T3N_WXw6kx4AaABAg,,0,https://www.youtube.com/watch?v=lT3vGaOLWqE&lc=UgwZwD3c_T3N_WXw6kx4AaABAg,11/25/2021 1:04,0,1:44 This jumpscare better than the nun,http://www.youtube.com/@alexander9f588
2054,@flaplaya,Never seen anyone\'s first reaction be grab MOT voltages. Crazy. The nicest Jacob\'s ladder design I\'ve seen uses a little brass triangle ??∫Ô∏è to fine tune break out point and get arc up main electrodes. Nice try with sparklers tho,UgxPkKtaPNWsaToaXyh4AaABAg,,0,https://www.youtube.com/watch?v=lT3vGaOLWqE&lc=UgxPkKtaPNWsaToaXyh4AaABAg,11/24/2021 21:01,0,Never seen anyone\'s first reaction be grab MOT voltages. Crazy. The nicest Jacob\'s ladder design I\'ve seen uses a little brass triangle ??∫Ô∏è to fine tune break out point and get arc up main electrodes. Nice try with sparklers tho,http://www.youtube.com/@flaplaya
2055,@deathstroke7316,"I honestly thought he was singing in his mother tongue, a very sad and meaningful song with deep lyrics until I read that it\'s gibberish",UgxO9S8O7C15MkoYsmB4AaABAg,,2,https://www.youtube.com/watch?v=lT3vGaOLWqE&lc=UgxO9S8O7C15MkoYsmB4AaABAg,11/24/2021 14:52,1,"I honestly thought he was singing in his mother tongue, a very sad and meaningful song with deep lyrics until I read that it\'s gibberish",http://www.youtube.com/@deathstroke7316
2056,@_BLANK_BLANK,Someone said it actually is Persian.,UgxO9S8O7C15MkoYsmB4AaABAg.9V8SHMhfXhy9WZlEFuJLnS,@deathstroke7316,0,https://www.youtube.com/watch?v=lT3vGaOLWqE&lc=UgxO9S8O7C15MkoYsmB4AaABAg.9V8SHMhfXhy9WZlEFuJLnS,12/30/2021 1:57,0,Someone said it actually is Persian.,http://www.youtube.com/@_BLANK_BLANK
2057,@Msigw,too bad he can\'t make a mic worth a damn,UgyZ-gBc2ZAhs-nzXOh4AaABAg,,0,https://www.youtube.com/watch?v=lT3vGaOLWqE&lc=UgyZ-gBc2ZAhs-nzXOh4AaABAg,11/24/2021 13:39,0,too bad he can\'t make a mic worth a damn,http://www.youtube.com/@Msigw
2058,@farishamzah9349,how are u still alive,UgyJ5Mlr7ukY0QAxi8h4AaABAg,,0,https://www.youtube.com/watch?v=lT3vGaOLWqE&lc=UgyJ5Mlr7ukY0QAxi8h4AaABAg,11/23/2021 22:58,0,how are u still alive,http://www.youtube.com/@farishamzah9349
2059,@bamanevishwajeet,LULZ MY BOT LOL LULZ,UgzViBg5EX9SMUBMYt54AaABAg,,0,https://www.youtube.com/watch?v=lT3vGaOLWqE&lc=UgzViBg5EX9SMUBMYt54AaABAg,11/23/2021 22:42,0,LULZ MY BOT LOL LULZ,http://www.youtube.com/@bamanevishwajeet
2060,@cameronbailey5199,The way his hands sparked when he caught the sparklers,UgymRlF5ewRakbg44_x4AaABAg,,0,https://www.youtube.com/watch?v=lT3vGaOLWqE&lc=UgymRlF5ewRakbg44_x4AaABAg,11/23/2021 22:32,0,The way his hands sparked when he caught the sparklers,http://www.youtube.com/@cameronbailey5199
2061,@drmigi,6:44 you can see his passion,UgyhpZluvlVF3L5YmlN4AaABAg,,0,https://www.youtube.com/watch?v=lT3vGaOLWqE&lc=UgyhpZluvlVF3L5YmlN4AaABAg,11/23/2021 21:04,0,6:44 you can see his passion,http://www.youtube.com/@drmigi
2062,@CaiPrice,So funny,UgwbSQUSyfqIaXv_A7B4AaABAg,,0,https://www.youtube.com/watch?v=lT3vGaOLWqE&lc=UgwbSQUSyfqIaXv_A7B4AaABAg,11/23/2021 16:57,0,So funny,http://www.youtube.com/@CaiPrice
2063,@lalitsragvivarre6223,wear gloves,Ugw7rY3PATeXdJn0ycJ4AaABAg,,0,https://www.youtube.com/watch?v=lT3vGaOLWqE&lc=Ugw7rY3PATeXdJn0ycJ4AaABAg,11/23/2021 2:49,0,wear gloves,http://www.youtube.com/@lalitsragvivarre6223
2064,@franciscoserna6895,?•≥?•≥?•≥?•≥?•≥?•∞??????,UgxZFoDy7PHZ8Wrj7ol4AaABAg,,0,https://www.youtube.com/watch?v=lT3vGaOLWqE&lc=UgxZFoDy7PHZ8Wrj7ol4AaABAg,11/22/2021 19:16,0,?•≥?•≥?•≥?•≥?•≥?•∞??????,http://www.youtube.com/@franciscoserna6895
2065,@franciscoserna6895,Man I just love your videos man ceep them up man and congratulations for 1 mill subs man,UgyzOlknLbwPzqoxWIJ4AaABAg,,0,https://www.youtube.com/watch?v=lT3vGaOLWqE&lc=UgyzOlknLbwPzqoxWIJ4AaABAg,11/22/2021 19:16,0,Man I just love your videos man ceep them up man and congratulations for 1 mill subs man,http://www.youtube.com/@franciscoserna6895
2066,@aln4075,He\'s vaccinated to electricity,UgyNzIbrzHmGYsitRf14AaABAg,,0,https://www.youtube.com/watch?v=lT3vGaOLWqE&lc=UgyNzIbrzHmGYsitRf14AaABAg,11/22/2021 13:18,0,He\'s vaccinated to electricity,http://www.youtube.com/@aln4075
2067,@upendrakamath5094,Hi Hello Super,Ugwr5u8qeehHOU129ax4AaABAg,,0,https://www.youtube.com/watch?v=lT3vGaOLWqE&lc=Ugwr5u8qeehHOU129ax4AaABAg,11/22/2021 6:58,0,Hi Hello Super,http://www.youtube.com/@upendrakamath5094
2068,@piele1982,One of the last remnants of the old intorwebz,Ugzo_S7Z8HEXJCnA54l4AaABAg,,0,https://www.youtube.com/watch?v=lT3vGaOLWqE&lc=Ugzo_S7Z8HEXJCnA54l4AaABAg,11/21/2021 15:46,0,One of the last remnants of the old intorwebz,http://www.youtube.com/@piele1982
2069,@rsuguis,"How is possible he is alive, yet ??",UgxSrAShuzy71ysGbF14AaABAg,,0,https://www.youtube.com/watch?v=lT3vGaOLWqE&lc=UgxSrAShuzy71ysGbF14AaABAg,11/21/2021 15:40,0,"How is possible he is alive, yet ??",http://www.youtube.com/@rsuguis
2070,@AbhishekKumar-kd7bp,8:32 ik it\'s too late but i didnt enjoyed it made me sad kinda please be safe.,Ugy4LTOmurebvjQvt114AaABAg,,0,https://www.youtube.com/watch?v=lT3vGaOLWqE&lc=Ugy4LTOmurebvjQvt114AaABAg,11/21/2021 12:28,0,8:32 ik it\'s too late but i didnt enjoyed it made me sad kinda please be safe.,http://www.youtube.com/@AbhishekKumar-kd7bp
2071,@chrisbonney7563,LMAO,UgwGzJQPHC9VogzoMUp4AaABAg,,0,https://www.youtube.com/watch?v=lT3vGaOLWqE&lc=UgwGzJQPHC9VogzoMUp4AaABAg,11/21/2021 9:46,0,LMAO,http://www.youtube.com/@chrisbonney7563
2072,@henxiukba2715,That was really funny,Ugy3YQazfnubL8Z7C9B4AaABAg,,0,https://www.youtube.com/watch?v=lT3vGaOLWqE&lc=Ugy3YQazfnubL8Z7C9B4AaABAg,11/21/2021 7:13,0,That was really funny,http://www.youtube.com/@henxiukba2715
2073,@ninjansh9905,he is a good educator love his videos,Ugw192IxWV9eN_6rIP14AaABAg,,3,https://www.youtube.com/watch?v=lT3vGaOLWqE&lc=Ugw192IxWV9eN_6rIP14AaABAg,11/21/2021 3:53,0,he is a good educator love his videos,http://www.youtube.com/@ninjansh9905
2074,@abolfazlghaderi9143,YOU ARE AN IRANIAN. KOUN PASHAM VA RAVANI !!!,UgyrVN4U_jbUtcqjVZl4AaABAg,,0,https://www.youtube.com/watch?v=lT3vGaOLWqE&lc=UgyrVN4U_jbUtcqjVZl4AaABAg,11/20/2021 19:42,0,YOU ARE AN IRANIAN. KOUN PASHAM VA RAVANI !!!,http://www.youtube.com/@abolfazlghaderi9143
2075,@lozockhd,How are you still alive????,Ugxhtk-E76C9sqIeOsl4AaABAg,,0,https://www.youtube.com/watch?v=lT3vGaOLWqE&lc=Ugxhtk-E76C9sqIeOsl4AaABAg,11/20/2021 12:45,1,How are you still alive????,http://www.youtube.com/@lozockhd
2076,@bat6353,"He makes sure the electricity only passes through non-vital areas. He came really close to messing that up this time, though.",Ugxhtk-E76C9sqIeOsl4AaABAg.9UyvdlIf2RY9V8BkZRPvS3,@lozockhd,0,https://www.youtube.com/watch?v=lT3vGaOLWqE&lc=Ugxhtk-E76C9sqIeOsl4AaABAg.9UyvdlIf2RY9V8BkZRPvS3,11/24/2021 12:27,0,"He makes sure the electricity only passes through non-vital areas. He came really close to messing that up this time, though.",http://www.youtube.com/@bat6353
2077,@KlabauterManiac,I haven\'t laughed this much in a while.,UgzkcdW66Q-uxDu7YUB4AaABAg,,0,https://www.youtube.com/watch?v=lT3vGaOLWqE&lc=UgzkcdW66Q-uxDu7YUB4AaABAg,11/19/2021 16:45,0,I haven\'t laughed this much in a while.,http://www.youtube.com/@KlabauterManiac
2078,@KlabauterManiac,I haven\'t laughed this much in a while.,Ugw1V8jkTxXKg3Enk3l4AaABAg,,0,https://www.youtube.com/watch?v=lT3vGaOLWqE&lc=Ugw1V8jkTxXKg3Enk3l4AaABAg,11/19/2021 16:45,0,I haven\'t laughed this much in a while.,http://www.youtube.com/@KlabauterManiac
2079,@kan4317,*–?–∞–¥–∞—?—? –∫–æ–Ω—?–∞–∫—?—? –ø–æ–¥ –Ω–∞–ø—?—è–∂–µ–Ω–∏–µ–º –?–±–∞–Ω—?—?—?–π —?–µ–ª: *–ª–æ–≤–∏—?*,UgwCFsa8lM4_dUvMUCF4AaABAg,,0,https://www.youtube.com/watch?v=lT3vGaOLWqE&lc=UgwCFsa8lM4_dUvMUCF4AaABAg,11/19/2021 13:24,0,*–?–∞–¥–∞—?—? –∫–æ–Ω—?–∞–∫—?—? –ø–æ–¥ –Ω–∞–ø—?—è–∂–µ–Ω–∏–µ–º –?–±–∞–Ω—?—?—?–π —?–µ–ª: *–ª–æ–≤–∏—?*,http://www.youtube.com/@kan4317
2080,@masonsilliman2493,8:36,UgzSVJqz0LC5s5pnmuZ4AaABAg,,0,https://www.youtube.com/watch?v=lT3vGaOLWqE&lc=UgzSVJqz0LC5s5pnmuZ4AaABAg,11/19/2021 11:59,0,8:36,http://www.youtube.com/@masonsilliman2493
2081,@masonsilliman2493,7:56,UgwWrQNbjju9WTE5L_p4AaABAg,,0,https://www.youtube.com/watch?v=lT3vGaOLWqE&lc=UgwWrQNbjju9WTE5L_p4AaABAg,11/19/2021 11:58,0,7:56,http://www.youtube.com/@masonsilliman2493
2082,@masonsilliman2493,7:48,UgwIEjglV9sU8y3A_GJ4AaABAg,,1,https://www.youtube.com/watch?v=lT3vGaOLWqE&lc=UgwIEjglV9sU8y3A_GJ4AaABAg,11/19/2021 11:57,0,7:48,http://www.youtube.com/@masonsilliman2493
2083,@Kurdboi.roblox,can i have it i subscribed and liked,UgyZyt292R7hdQOqItB4AaABAg,,0,https://www.youtube.com/watch?v=lT3vGaOLWqE&lc=UgyZyt292R7hdQOqItB4AaABAg,11/19/2021 8:43,0,can i have it i subscribed and liked,http://www.youtube.com/@Kurdboi.roblox
2084,@jamiewhite2971,this guy is a living fire hazard,UgyWL_KOiU_v0XYAPYF4AaABAg,,0,https://www.youtube.com/watch?v=lT3vGaOLWqE&lc=UgyWL_KOiU_v0XYAPYF4AaABAg,11/17/2021 20:51,0,this guy is a living fire hazard,http://www.youtube.com/@jamiewhite2971
2085,@clutchkikn.,I\'m watching this and it makes me want to do it.,UgyZspG3qCAxfx4W0Rh4AaABAg,,0,https://www.youtube.com/watch?v=lT3vGaOLWqE&lc=UgyZspG3qCAxfx4W0Rh4AaABAg,11/17/2021 18:38,0,I\'m watching this and it makes me want to do it.,http://www.youtube.com/@clutchkikn.
2086,@mittemot4949,You are insane ?§£,Ugy-MzLqfFqwrbbryBJ4AaABAg,,0,https://www.youtube.com/watch?v=lT3vGaOLWqE&lc=Ugy-MzLqfFqwrbbryBJ4AaABAg,11/17/2021 16:18,0,You are insane ?§£,http://www.youtube.com/@mittemot4949
2087,@guldalll,https://www.youtube.com/channel/UCY4DcP0x6BtCFYMz35g7jQQ/featured,UgzJp_cNbuqenEv1FLZ4AaABAg,,0,https://www.youtube.com/watch?v=lT3vGaOLWqE&lc=UgzJp_cNbuqenEv1FLZ4AaABAg,11/17/2021 3:26,0,https://www.youtube.com/channel/UCY4DcP0x6BtCFYMz35g7jQQ/featured,http://www.youtube.com/@guldalll
2088,@guldalll,https://www.youtube.com/channel/UCY4DcP0x6BtCFYMz35g7jQQ/featured,UgzRiQkDbEV16NZtE4l4AaABAg,,0,https://www.youtube.com/watch?v=lT3vGaOLWqE&lc=UgzRiQkDbEV16NZtE4l4AaABAg,11/17/2021 3:26,0,https://www.youtube.com/channel/UCY4DcP0x6BtCFYMz35g7jQQ/featured,http://www.youtube.com/@guldalll
2089,@guldalll,https://www.youtube.com/channel/UCY4DcP0x6BtCFYMz35g7jQQ/featured,UgyoZiT4RBYK7JP7_6B4AaABAg,,0,https://www.youtube.com/watch?v=lT3vGaOLWqE&lc=UgyoZiT4RBYK7JP7_6B4AaABAg,11/17/2021 3:26,0,https://www.youtube.com/channel/UCY4DcP0x6BtCFYMz35g7jQQ/featured,http://www.youtube.com/@guldalll
2090,@guldalll,https://www.youtube.com/channel/UCY4DcP0x6BtCFYMz35g7jQQ/featured,UgxeGB8dWPQEAzjQEft4AaABAg,,0,https://www.youtube.com/watch?v=lT3vGaOLWqE&lc=UgxeGB8dWPQEAzjQEft4AaABAg,11/17/2021 3:26,0,https://www.youtube.com/channel/UCY4DcP0x6BtCFYMz35g7jQQ/featured,http://www.youtube.com/@guldalll
2091,@guldalll,https://www.youtube.com/channel/UCY4DcP0x6BtCFYMz35g7jQQ/featured,UgxyMwNF1CF1gRw_OgF4AaABAg,,0,https://www.youtube.com/watch?v=lT3vGaOLWqE&lc=UgxyMwNF1CF1gRw_OgF4AaABAg,11/17/2021 3:26,0,https://www.youtube.com/channel/UCY4DcP0x6BtCFYMz35g7jQQ/featured,http://www.youtube.com/@guldalll
2092,@guldalll,https://www.youtube.com/channel/UCY4DcP0x6BtCFYMz35g7jQQ/featured,UgwPGMXmst63NL20AAh4AaABAg,,0,https://www.youtube.com/watch?v=lT3vGaOLWqE&lc=UgwPGMXmst63NL20AAh4AaABAg,11/17/2021 3:26,0,https://www.youtube.com/channel/UCY4DcP0x6BtCFYMz35g7jQQ/featured,http://www.youtube.com/@guldalll
2093,@mukhaluogalo7097,I don\'t know how he hasn\'t yet burnt his apartment.,Ugw0_Hw5bb2nd014qsB4AaABAg,,0,https://www.youtube.com/watch?v=lT3vGaOLWqE&lc=Ugw0_Hw5bb2nd014qsB4AaABAg,11/16/2021 22:24,0,I don\'t know how he hasn\'t yet burnt his apartment.,http://www.youtube.com/@mukhaluogalo7097
2094,@majuskinas2,Now will know its not safe withfire,UgxicDgxvn7dT4-ssIB4AaABAg,,0,https://www.youtube.com/watch?v=lT3vGaOLWqE&lc=UgxicDgxvn7dT4-ssIB4AaABAg,11/16/2021 14:03,0,Now will know its not safe withfire,http://www.youtube.com/@majuskinas2
2095,@majuskinas2,Ahahaha so fun,UgzXyPQz7Xu-uRlRJbx4AaABAg,,0,https://www.youtube.com/watch?v=lT3vGaOLWqE&lc=UgzXyPQz7Xu-uRlRJbx4AaABAg,11/16/2021 14:03,0,Ahahaha so fun,http://www.youtube.com/@majuskinas2
2096,@joshpalao6466,8:00 Lol,UgwD5RtOVFS-yHxlkkB4AaABAg,,0,https://www.youtube.com/watch?v=lT3vGaOLWqE&lc=UgwD5RtOVFS-yHxlkkB4AaABAg,11/16/2021 13:51,0,8:00 Lol,http://www.youtube.com/@joshpalao6466
2097,@WillowRodriguez145,bro stop this madness,UgxZ5yJ6B1mIjyvJ3414AaABAg,,0,https://www.youtube.com/watch?v=lT3vGaOLWqE&lc=UgxZ5yJ6B1mIjyvJ3414AaABAg,11/15/2021 23:34,0,bro stop this madness,http://www.youtube.com/@WillowRodriguez145
2098,@robertchapman2174,4:20 you also made a geiger counter XD,Ugz9A1CUh5konrvnaXR4AaABAg,,4,https://www.youtube.com/watch?v=lT3vGaOLWqE&lc=Ugz9A1CUh5konrvnaXR4AaABAg,11/15/2021 20:53,0,4:20 you also made a geiger counter XD,http://www.youtube.com/@robertchapman2174
2099,@anuclearpan4554,"this guy is def a master electrician and knows exactly what he\'s doing so where he can teach people how to be safe, get the views by zapping himself, and zapping himself in such a way that it hurts but doesnt kill him",UgwQuAHeTrZF70tNIOJ4AaABAg,,2,https://www.youtube.com/watch?v=lT3vGaOLWqE&lc=UgwQuAHeTrZF70tNIOJ4AaABAg,11/15/2021 18:02,0,"this guy is def a master electrician and knows exactly what he\'s doing so where he can teach people how to be safe, get the views by zapping himself, and zapping himself in such a way that it hurts but doesnt kill him",http://www.youtube.com/@anuclearpan4554
2100,@thearhharrison,i need a 3d!! printer so i can make my sister toys,Ugx8wswnF6Vj-_wLPpN4AaABAg,,0,https://www.youtube.com/watch?v=lT3vGaOLWqE&lc=Ugx8wswnF6Vj-_wLPpN4AaABAg,11/15/2021 18:00,0,i need a 3d!! printer so i can make my sister toys,http://www.youtube.com/@thearhharrison
2101,@dt-sporty5391,good soup,UgzYPm01UNze79nmY6B4AaABAg,,0,https://www.youtube.com/watch?v=lT3vGaOLWqE&lc=UgzYPm01UNze79nmY6B4AaABAg,11/15/2021 17:44,0,good soup,http://www.youtube.com/@dt-sporty5391
2102,@satyamsanwal4180,I like the way you give safety tips.. but make sure you don\'t die next time..,UgzbfDcUKK3eJ-FIkj94AaABAg,,0,https://www.youtube.com/watch?v=lT3vGaOLWqE&lc=UgzbfDcUKK3eJ-FIkj94AaABAg,11/15/2021 13:15,0,I like the way you give safety tips.. but make sure you don\'t die next time..,http://www.youtube.com/@satyamsanwal4180
2103,@johny8014,Sir electroboom when we will see your new vide????,UgzztST-4hmzIsTNmF54AaABAg,,0,https://www.youtube.com/watch?v=lT3vGaOLWqE&lc=UgzztST-4hmzIsTNmF54AaABAg,11/15/2021 6:02,0,Sir electroboom when we will see your new vide????,http://www.youtube.com/@johny8014
2104,@philippinepro,8:00 ahahhaaah kinda sad,UgyZEZpWvHiNbqTzP914AaABAg,,0,https://www.youtube.com/watch?v=lT3vGaOLWqE&lc=UgyZEZpWvHiNbqTzP914AaABAg,11/15/2021 0:19,0,8:00 ahahhaaah kinda sad,http://www.youtube.com/@philippinepro
2105,@mr.cheese5492,8:00,Ugzb6T6KJL8hKN2OE5B4AaABAg,,0,https://www.youtube.com/watch?v=lT3vGaOLWqE&lc=Ugzb6T6KJL8hKN2OE5B4AaABAg,11/14/2021 22:32,0,8:00,http://www.youtube.com/@mr.cheese5492
2106,@stevejustinedimayuga3382,"Coz here in the Philippines, I knew Joker Boy but I do not know if he is the original",Ugw5PxA-rcplr9mYUwR4AaABAg,,0,https://www.youtube.com/watch?v=lT3vGaOLWqE&lc=Ugw5PxA-rcplr9mYUwR4AaABAg,11/14/2021 21:53,0,"Coz here in the Philippines, I knew Joker Boy but I do not know if he is the original",http://www.youtube.com/@stevejustinedimayuga3382
2107,@stevejustinedimayuga3382,Are you the original Joker Boy??????????,UgwB6PYNG7WSZG4ipWF4AaABAg,,0,https://www.youtube.com/watch?v=lT3vGaOLWqE&lc=UgwB6PYNG7WSZG4ipWF4AaABAg,11/14/2021 21:50,0,Are you the original Joker Boy??????????,http://www.youtube.com/@stevejustinedimayuga3382
2108,@Giyga,That stunt at 8:00 wasn\'t planned. He actually nearly died,UgxpDWf-gtCA0P-UMXt4AaABAg,,0,https://www.youtube.com/watch?v=lT3vGaOLWqE&lc=UgxpDWf-gtCA0P-UMXt4AaABAg,11/14/2021 21:35,0,That stunt at 8:00 wasn\'t planned. He actually nearly died,http://www.youtube.com/@Giyga
2109,@ticcytoby3422,ÿØÿ±ÿ≥ÿ™Ÿ? ÿ™Ÿ?Ÿ?Ÿ? ÿ¥ÿØŸ? ÿÆ€?Ÿ?€? Ÿ?Ÿ?ÿ™€? Ÿ?Ÿ?€?ÿØŸ?Ÿ? ÿßŸ?Ÿ? 3D Ÿæÿ±€?Ÿ?ÿ™ÿ±Ÿ? Ÿ?€?ÿÆŸ?ÿßÿ≥ÿ™Ÿ? ÿ¥ÿß€?ÿØŸ? ÿßÿµŸ?ÿß Ÿ?Ÿ?€?ÿ™Ÿ?Ÿ?ÿ≥ÿ™€?ÿ¥ ÿ®Ÿ? ÿß€?ÿ±ÿßŸ? ÿ®ŸÅÿ±ÿ≥ÿ™€?ÿ¥,UgwCZB5gLai82t6MKaB4AaABAg,,0,https://www.youtube.com/watch?v=lT3vGaOLWqE&lc=UgwCZB5gLai82t6MKaB4AaABAg,11/14/2021 18:17,0,ÿØÿ±ÿ≥ÿ™Ÿ? ÿ™Ÿ?Ÿ?Ÿ? ÿ¥ÿØŸ? ÿÆ€?Ÿ?€? Ÿ?Ÿ?ÿ™€? Ÿ?Ÿ?€?ÿØŸ?Ÿ? ÿßŸ?Ÿ? 3D Ÿæÿ±€?Ÿ?ÿ™ÿ±Ÿ? Ÿ?€?ÿÆŸ?ÿßÿ≥ÿ™Ÿ? ÿ¥ÿß€?ÿØŸ? ÿßÿµŸ?ÿß Ÿ?Ÿ?€?ÿ™Ÿ?Ÿ?ÿ≥ÿ™€?ÿ¥ ÿ®Ÿ? ÿß€?ÿ±ÿßŸ? ÿ®ŸÅÿ±ÿ≥ÿ™€?ÿ¥,http://www.youtube.com/@ticcytoby3422
2110,@First.nameLastname,"""according to historians"" --- no according to religious texts",Ugym08wHgvBLMSHjyad4AaABAg,,0,https://www.youtube.com/watch?v=lT3vGaOLWqE&lc=Ugym08wHgvBLMSHjyad4AaABAg,11/14/2021 17:46,0,"""according to historians"" --- no according to religious texts",http://www.youtube.com/@First.nameLastname
2111,@jackmarston1426,This man literally almost kills himself for entertainment and a good laugh,Ugw4RG0iRv7Gl1Yi74R4AaABAg,,0,https://www.youtube.com/watch?v=lT3vGaOLWqE&lc=Ugw4RG0iRv7Gl1Yi74R4AaABAg,11/14/2021 14:19,0,This man literally almost kills himself for entertainment and a good laugh,http://www.youtube.com/@jackmarston1426
2112,@4OO_robloxplay,Got electrocuted ????????????,UgwL8OXTgLqVyfJ2UsV4AaABAg,,0,https://www.youtube.com/watch?v=lT3vGaOLWqE&lc=UgwL8OXTgLqVyfJ2UsV4AaABAg,11/13/2021 23:46,1,Got electrocuted ????????????,http://www.youtube.com/@4OO_robloxplay
2113,@4OO_robloxplay,Hahahaha,UgwL8OXTgLqVyfJ2UsV4AaABAg.9Ui4icoApW59Ui4slJqr36,@4OO_robloxplay,0,https://www.youtube.com/watch?v=lT3vGaOLWqE&lc=UgwL8OXTgLqVyfJ2UsV4AaABAg.9Ui4icoApW59Ui4slJqr36,11/13/2021 23:48,0,Hahahaha,http://www.youtube.com/@4OO_robloxplay
2114,@4OO_robloxplay,so funny ?????????,Ugz4AIwIQA33m3jdwb14AaABAg,,0,https://www.youtube.com/watch?v=lT3vGaOLWqE&lc=Ugz4AIwIQA33m3jdwb14AaABAg,11/13/2021 23:43,1,so funny ?????????,http://www.youtube.com/@4OO_robloxplay
2115,@4OO_robloxplay,????????????,Ugz4AIwIQA33m3jdwb14AaABAg.9Ui4OQro6YT9Ui4urzESgK,@4OO_robloxplay,0,https://www.youtube.com/watch?v=lT3vGaOLWqE&lc=Ugz4AIwIQA33m3jdwb14AaABAg.9Ui4OQro6YT9Ui4urzESgK,11/13/2021 23:48,0,????????????,http://www.youtube.com/@4OO_robloxplay
2116,@SpellsOfTruth,What shock was the most painful? This one didn\'t seem too bad.,UgzNbb_yjbKd3pKFA-J4AaABAg,,0,https://www.youtube.com/watch?v=lT3vGaOLWqE&lc=UgzNbb_yjbKd3pKFA-J4AaABAg,11/13/2021 23:24,1,What shock was the most painful? This one didn\'t seem too bad.,http://www.youtube.com/@SpellsOfTruth
2117,@luukherfst1209,"It wouldn\'t be that extremely painful, but holding 2000 volts and actually a decent amount of amps in your hand is most likely surely gonna kill you. The only reason he was actually able to survive was because of bad wiring. A jakobs ladder falling on him is a way, way more deadly accident than you might think",UgzNbb_yjbKd3pKFA-J4AaABAg.9Ui2DrnOGK49yzzTYP3OUl,@SpellsOfTruth,0,https://www.youtube.com/watch?v=lT3vGaOLWqE&lc=UgzNbb_yjbKd3pKFA-J4AaABAg.9Ui2DrnOGK49yzzTYP3OUl,12/31/2023 10:51,0,"It wouldn\'t be that extremely painful, but holding 2000 volts and actually a decent amount of amps in your hand is most likely surely gonna kill you. The only reason he was actually able to survive was because of bad wiring. A jakobs ladder falling on him is a way, way more deadly accident than you might think",http://www.youtube.com/@luukherfst1209
2118,@7weld7,"It\'s so rare that I laugh at videos anymore and this guy cracks me up just about every video, thank you!",Ugy5U46ZgneYkIZ7Z994AaABAg,,10,https://www.youtube.com/watch?v=lT3vGaOLWqE&lc=Ugy5U46ZgneYkIZ7Z994AaABAg,11/13/2021 11:49,0,"It\'s so rare that I laugh at videos anymore and this guy cracks me up just about every video, thank you!",http://www.youtube.com/@7weld7
2119,@vollpill8449,?§£?§£?§£,Ugy0GovF5zr8HZUpZY94AaABAg,,0,https://www.youtube.com/watch?v=lT3vGaOLWqE&lc=Ugy0GovF5zr8HZUpZY94AaABAg,11/13/2021 7:38,0,?§£?§£?§£,http://www.youtube.com/@vollpill8449
2120,@user-dq4ud3jw9j,It is so funny though,Ugy-ls84wTOiDZ7LORx4AaABAg,,0,https://www.youtube.com/watch?v=lT3vGaOLWqE&lc=Ugy-ls84wTOiDZ7LORx4AaABAg,11/12/2021 12:17,0,It is so funny though,http://www.youtube.com/@user-dq4ud3jw9j
2121,@Dytalks,He is a psycho physicist ?§£?§£,UgzAKpLK-diWeXU8X3h4AaABAg,,0,https://www.youtube.com/watch?v=lT3vGaOLWqE&lc=UgzAKpLK-diWeXU8X3h4AaABAg,11/10/2021 10:59,0,He is a psycho physicist ?§£?§£,http://www.youtube.com/@Dytalks
2122,@TheRealStructurer,Late to the game but can‚??t wait for you to get to the 5 mil mark! Long time since I had so much fun on UT! Great work!,UgwXyHbfzG3wvGK9eLh4AaABAg,,2,https://www.youtube.com/watch?v=lT3vGaOLWqE&lc=UgwXyHbfzG3wvGK9eLh4AaABAg,11/10/2021 8:25,0,Late to the game but can‚??t wait for you to get to the 5 mil mark! Long time since I had so much fun on UT! Great work!,http://www.youtube.com/@TheRealStructurer
2123,@jeffafa9712,Time 7:50 ( just had a bro moment),UgwLYrRbkY6WXyr4aZh4AaABAg,,0,https://www.youtube.com/watch?v=lT3vGaOLWqE&lc=UgwLYrRbkY6WXyr4aZh4AaABAg,11/9/2021 23:31,0,Time 7:50 ( just had a bro moment),http://www.youtube.com/@jeffafa9712
2124,@gottemcoach7730,I was thinking of the wrong Jacob\'s ladder ?????????,UgxCn6Gl8ukyHDUi-xB4AaABAg,,0,https://www.youtube.com/watch?v=lT3vGaOLWqE&lc=UgxCn6Gl8ukyHDUi-xB4AaABAg,11/9/2021 17:05,0,I was thinking of the wrong Jacob\'s ladder ?????????,http://www.youtube.com/@gottemcoach7730
2125,@alienenergy1763,nothing works for this bear,Ugwz090Q_RxkMRWhz9p4AaABAg,,0,https://www.youtube.com/watch?v=lT3vGaOLWqE&lc=Ugwz090Q_RxkMRWhz9p4AaABAg,11/9/2021 12:26,0,nothing works for this bear,http://www.youtube.com/@alienenergy1763
2126,@Devansh_Rathod,8:03 ???,UgxtE2xN5EqAoWzkIUZ4AaABAg,,0,https://www.youtube.com/watch?v=lT3vGaOLWqE&lc=UgxtE2xN5EqAoWzkIUZ4AaABAg,11/9/2021 4:46,0,8:03 ???,http://www.youtube.com/@Devansh_Rathod
2127,@bobmcfartsons4892,This video is really funny but I\'m also stressed throughout the entire thing scared he will severely hurt himself at some point,Ugz2iBFsrS6ZylAnqmt4AaABAg,,0,https://www.youtube.com/watch?v=lT3vGaOLWqE&lc=Ugz2iBFsrS6ZylAnqmt4AaABAg,11/9/2021 4:38,0,This video is really funny but I\'m also stressed throughout the entire thing scared he will severely hurt himself at some point,http://www.youtube.com/@bobmcfartsons4892
2128,@PixelTrainer.,No one: Some random caveman thousands of years ago: 6:15,UgwAFFVUVQPHbGA0I-d4AaABAg,,6,https://www.youtube.com/watch?v=lT3vGaOLWqE&lc=UgwAFFVUVQPHbGA0I-d4AaABAg,11/8/2021 22:55,1,No one: Some random caveman thousands of years ago: 6:15,http://www.youtube.com/@PixelTrainer.
2129,@stormswindy3013,‚??we don‚??t need high voltage after all‚?ù proof high voltage existed before fire,UgwAFFVUVQPHbGA0I-d4AaABAg.9UW6r2ffj1H9wi69ieBy0_,@PixelTrainer.,0,https://www.youtube.com/watch?v=lT3vGaOLWqE&lc=UgwAFFVUVQPHbGA0I-d4AaABAg.9UW6r2ffj1H9wi69ieBy0_,11/4/2023 20:09,0,‚??we don‚??t need high voltage after all‚?ù proof high voltage existed before fire,http://www.youtube.com/@stormswindy3013
2130,@yujiniker6447,8:28 start the song,UgzpaNtV39X-GVZ4tUF4AaABAg,,0,https://www.youtube.com/watch?v=lT3vGaOLWqE&lc=UgzpaNtV39X-GVZ4tUF4AaABAg,11/8/2021 11:32,0,8:28 start the song,http://www.youtube.com/@yujiniker6447
2131,@yujiniker6447,9:11 eeeeeeeeew,UgwaOtdF1Jl2NK38UV14AaABAg,,2,https://www.youtube.com/watch?v=lT3vGaOLWqE&lc=UgwaOtdF1Jl2NK38UV14AaABAg,11/8/2021 3:59,0,9:11 eeeeeeeeew,http://www.youtube.com/@yujiniker6447
2132,@mdzaid5925,He is now immune to electricity,Ugy5FtounuGe0uemkZ54AaABAg,,0,https://www.youtube.com/watch?v=lT3vGaOLWqE&lc=Ugy5FtounuGe0uemkZ54AaABAg,11/8/2021 1:18,0,He is now immune to electricity,http://www.youtube.com/@mdzaid5925
2133,@colinmaharaj,"1:49 wh why is the, yellow clip, appear to be burnt in multiple places... 8:03 yeah, I was saying ?",UgxBozrj9H0-dn2y8zV4AaABAg,,0,https://www.youtube.com/watch?v=lT3vGaOLWqE&lc=UgxBozrj9H0-dn2y8zV4AaABAg,11/7/2021 14:47,0,"1:49 wh why is the, yellow clip, appear to be burnt in multiple places... 8:03 yeah, I was saying ?",http://www.youtube.com/@colinmaharaj
2134,@thekittyshow487,"how\'s this guy alive? ""if you are unfortunate enough to touch the arc on a jacobs ladder, you will die."" this is electroboom. He is KNOWN for zapping himself in dumb and funny ways",UgyNOxB0LKpCtgelQJ54AaABAg,,1,https://www.youtube.com/watch?v=lT3vGaOLWqE&lc=UgyNOxB0LKpCtgelQJ54AaABAg,11/6/2021 16:11,0,"how\'s this guy alive? ""if you are unfortunate enough to touch the arc on a jacobs ladder, you will die."" this is electroboom. He is KNOWN for zapping himself in dumb and funny ways",http://www.youtube.com/@thekittyshow487
2135,@myself6745,For real tho after watching his entire channel you will automatically be a electrician,UgzrEA5LgiS9VAIfl3V4AaABAg,,11,https://www.youtube.com/watch?v=lT3vGaOLWqE&lc=UgzrEA5LgiS9VAIfl3V4AaABAg,11/6/2021 10:31,0,For real tho after watching his entire channel you will automatically be a electrician,http://www.youtube.com/@myself6745
2136,@myself6745,Ah yes the simple case,UgxGRQpdKfaownUMytd4AaABAg,,0,https://www.youtube.com/watch?v=lT3vGaOLWqE&lc=UgxGRQpdKfaownUMytd4AaABAg,11/6/2021 10:24,0,Ah yes the simple case,http://www.youtube.com/@myself6745
2137,@adamphillips445,I want to print my mum a rose for her birthday Also i liked and subscribed,UgytcLhOHYxY_OmaJ654AaABAg,,0,https://www.youtube.com/watch?v=lT3vGaOLWqE&lc=UgytcLhOHYxY_OmaJ654AaABAg,11/5/2021 13:00,0,I want to print my mum a rose for her birthday Also i liked and subscribed,http://www.youtube.com/@adamphillips445
2138,@adamphillips445,How many are left,UgwsBA23_CBlt10JjLd4AaABAg,,0,https://www.youtube.com/watch?v=lT3vGaOLWqE&lc=UgwsBA23_CBlt10JjLd4AaABAg,11/5/2021 12:46,0,How many are left,http://www.youtube.com/@adamphillips445
2139,@adamphillips445,Ok many are left as i would really like one,Ugz8RgP6gQ0v41Rs1Nx4AaABAg,,0,https://www.youtube.com/watch?v=lT3vGaOLWqE&lc=Ugz8RgP6gQ0v41Rs1Nx4AaABAg,11/5/2021 12:45,1,Ok many are left as i would really like one,http://www.youtube.com/@adamphillips445
2140,@adamphillips445,Sorry i mean how many are left,Ugz8RgP6gQ0v41Rs1Nx4AaABAg.9UNBnipHWsu9UNBtC6KfdR,@adamphillips445,0,https://www.youtube.com/watch?v=lT3vGaOLWqE&lc=Ugz8RgP6gQ0v41Rs1Nx4AaABAg.9UNBnipHWsu9UNBtC6KfdR,11/5/2021 12:46,0,Sorry i mean how many are left,http://www.youtube.com/@adamphillips445
2141,@riyuzakhi,make a flying horse that took your puppet(pubg) to heaven ?!,UgyK7UvhV6-AtpPLzoN4AaABAg,,0,https://www.youtube.com/watch?v=lT3vGaOLWqE&lc=UgyK7UvhV6-AtpPLzoN4AaABAg,11/5/2021 8:51,0,make a flying horse that took your puppet(pubg) to heaven ?!,http://www.youtube.com/@riyuzakhi
2142,@patty1991,Now lick it ???,Ugz2-Kjar8wACRyxQ-t4AaABAg,,0,https://www.youtube.com/watch?v=lT3vGaOLWqE&lc=Ugz2-Kjar8wACRyxQ-t4AaABAg,11/5/2021 8:05,0,Now lick it ???,http://www.youtube.com/@patty1991
2143,@zgnileuda,this guy is fuckin legend,UgzFLQ0nfTULxKr6TzV4AaABAg,,0,https://www.youtube.com/watch?v=lT3vGaOLWqE&lc=UgzFLQ0nfTULxKr6TzV4AaABAg,11/4/2021 17:38,0,this guy is fuckin legend,http://www.youtube.com/@zgnileuda
2144,@monkar7947,8:00 why did he grab it,UgzvnoYuQjFX3vt8oiN4AaABAg,,0,https://www.youtube.com/watch?v=lT3vGaOLWqE&lc=UgzvnoYuQjFX3vt8oiN4AaABAg,11/4/2021 17:19,0,8:00 why did he grab it,http://www.youtube.com/@monkar7947
2145,@ErnestCaballeroLloris,07:56 Best moment in this channel history.,UgweW_Grky8irDfamb54AaABAg,,2,https://www.youtube.com/watch?v=lT3vGaOLWqE&lc=UgweW_Grky8irDfamb54AaABAg,11/4/2021 11:21,0,07:56 Best moment in this channel history.,http://www.youtube.com/@ErnestCaballeroLloris
2146,@Ikkepop,Playing the slomo replay on 0.25 speed just made me loose my shit :DDDDD,Ugw7kW2iVIqHmnH90yF4AaABAg,,0,https://www.youtube.com/watch?v=lT3vGaOLWqE&lc=Ugw7kW2iVIqHmnH90yF4AaABAg,11/3/2021 9:26,0,Playing the slomo replay on 0.25 speed just made me loose my shit :DDDDD,http://www.youtube.com/@Ikkepop
2147,@silence439,WTF. I literally thought they were a goner for a moment. Microwave transformers are KILLERS. That was a goddamn close call if I\'ve ever seen one. MICROWAVE TRANSFORMERS ARE SCARY FOR A REASON.,UgybsXRLBhMGFfrdKrV4AaABAg,,0,https://www.youtube.com/watch?v=lT3vGaOLWqE&lc=UgybsXRLBhMGFfrdKrV4AaABAg,11/3/2021 8:49,0,WTF. I literally thought they were a goner for a moment. Microwave transformers are KILLERS. That was a goddamn close call if I\'ve ever seen one. MICROWAVE TRANSFORMERS ARE SCARY FOR A REASON.,http://www.youtube.com/@silence439
2148,@totheextreme2197,Oh hey! That‚??s my name :),UgymrbIXoTy6qvuAK2F4AaABAg,,0,https://www.youtube.com/watch?v=lT3vGaOLWqE&lc=UgymrbIXoTy6qvuAK2F4AaABAg,11/3/2021 5:07,0,Oh hey! That‚??s my name :),http://www.youtube.com/@totheextreme2197
2149,@cole_075,0:07 ??????,UgwqIuA5IgZhdKiF-HF4AaABAg,,0,https://www.youtube.com/watch?v=lT3vGaOLWqE&lc=UgwqIuA5IgZhdKiF-HF4AaABAg,11/2/2021 22:33,0,0:07 ??????,http://www.youtube.com/@cole_075
2150,@cav89-,"I t was really sad when the big sparkler ladder tips down and falls in his direction, he lifts his hands to grab it and just surrenders, as if he was in peace with his final moment.",UgwIf-cwSqKF5B-3AC94AaABAg,,0,https://www.youtube.com/watch?v=lT3vGaOLWqE&lc=UgwIf-cwSqKF5B-3AC94AaABAg,11/2/2021 19:54,0,"I t was really sad when the big sparkler ladder tips down and falls in his direction, he lifts his hands to grab it and just surrenders, as if he was in peace with his final moment.",http://www.youtube.com/@cav89-
2151,@CraftAero,Had to re-watch this after your interview with Dave. ... which was EXCELLENT btw.,UgxYUJ25qGRE22F-LPp4AaABAg,,2,https://www.youtube.com/watch?v=lT3vGaOLWqE&lc=UgxYUJ25qGRE22F-LPp4AaABAg,11/2/2021 18:53,0,Had to re-watch this after your interview with Dave. ... which was EXCELLENT btw.,http://www.youtube.com/@CraftAero
2152,@Nerketur,"Wow. You definitely survived out of sheer luck. High voltage isn\'t the danger here, though, it\'s high power. In this case you had both, and that\'s definitely dangerous. I\'m glad you survived, but please don\'t make that mistake again. High current and voltage is no joke, and I sincerely hope people heed all your warnings. That aside, the rest of the video was great. XD. Never change. And stay safe. :)",Ugyd5ZYpX_LUGY_7L0V4AaABAg,,0,https://www.youtube.com/watch?v=lT3vGaOLWqE&lc=Ugyd5ZYpX_LUGY_7L0V4AaABAg,11/2/2021 14:13,0,"Wow. You definitely survived out of sheer luck. High voltage isn\'t the danger here, though, it\'s high power. In this case you had both, and that\'s definitely dangerous. I\'m glad you survived, but please don\'t make that mistake again. High current and voltage is no joke, and I sincerely hope people heed all your warnings. That aside, the rest of the video was great. XD. Never change. And stay safe. :)",http://www.youtube.com/@Nerketur
2153,@YhBoiSammy,He was such a great ??ç person I wish he could never die.,UgzJjgxWeN4NS1RHx294AaABAg,,0,https://www.youtube.com/watch?v=lT3vGaOLWqE&lc=UgzJjgxWeN4NS1RHx294AaABAg,11/2/2021 12:40,0,He was such a great ??ç person I wish he could never die.,http://www.youtube.com/@YhBoiSammy
2154,@angusmatheson8906,Jesus christ you can see him shaking after that fall fuuuuuck,UgylZaHvJxlm4UkSyXZ4AaABAg,,0,https://www.youtube.com/watch?v=lT3vGaOLWqE&lc=UgylZaHvJxlm4UkSyXZ4AaABAg,11/1/2021 20:24,0,Jesus christ you can see him shaking after that fall fuuuuuck,http://www.youtube.com/@angusmatheson8906
2155,@dhyeyy,8:00,UgycYSOOVUUcRs4gtGt4AaABAg,,1,https://www.youtube.com/watch?v=lT3vGaOLWqE&lc=UgycYSOOVUUcRs4gtGt4AaABAg,11/1/2021 16:28,0,8:00,http://www.youtube.com/@dhyeyy
2156,@mmhhjj34,When that ladder fell I nearly had a hart attack,Ugy29O6QgTBFZv6ZH2V4AaABAg,,0,https://www.youtube.com/watch?v=lT3vGaOLWqE&lc=Ugy29O6QgTBFZv6ZH2V4AaABAg,11/1/2021 6:00,0,When that ladder fell I nearly had a hart attack,http://www.youtube.com/@mmhhjj34
2157,@Nyx42112,Omg thank you dude for making my ladder I forgot where I put it! I need to fix my gutter and it\'s been years since I\'ve had it.,UgxMBe7E475jQXJcD5Z4AaABAg,,0,https://www.youtube.com/watch?v=lT3vGaOLWqE&lc=UgxMBe7E475jQXJcD5Z4AaABAg,11/1/2021 4:13,0,Omg thank you dude for making my ladder I forgot where I put it! I need to fix my gutter and it\'s been years since I\'ve had it.,http://www.youtube.com/@Nyx42112
2158,@sambarumbleaitay-kabus1474,"NO l Know Eng|¬°sh,Yes l Know T≈±rk¬°sh.B¬°r deney\'¬° daha saƒ? saƒ?|¬°m tamam|adƒ±ƒ?ƒ±nƒ±z\'a sev¬°nd¬°m,Doƒ?um g≈±n\'≈± pasta\'sƒ± da o|sa\'ydƒ± √ßok ¬°y¬° o|ur du. V¬°deo\'|arƒ±nƒ±z √ßok eƒ?|ence\'|¬° ve √ßok g≈±ze|. T≈±rk¬°ye\'den Se|√¢m\'|ar,Saygƒ±\'|ar. ??π??∑",UgxiPUMqyAEo1ZJoc9R4AaABAg,,0,https://www.youtube.com/watch?v=lT3vGaOLWqE&lc=UgxiPUMqyAEo1ZJoc9R4AaABAg,10/31/2021 21:10,0,"NO l Know Eng|¬°sh,Yes l Know T≈±rk¬°sh.B¬°r deney\'¬° daha saƒ? saƒ?|¬°m tamam|adƒ±ƒ?ƒ±nƒ±z\'a sev¬°nd¬°m,Doƒ?um g≈±n\'≈± pasta\'sƒ± da o|sa\'ydƒ± √ßok ¬°y¬° o|ur du. V¬°deo\'|arƒ±nƒ±z √ßok eƒ?|ence\'|¬° ve √ßok g≈±ze|. T≈±rk¬°ye\'den Se|√¢m\'|ar,Saygƒ±\'|ar. ??π??∑",http://www.youtube.com/@sambarumbleaitay-kabus1474
2159,@alexy234,"Funny thing is that, he didn\'t survive only 1 million subscribers but barely 5 lmao",UgyhuqmDP7Ft0FBy8kx4AaABAg,,0,https://www.youtube.com/watch?v=lT3vGaOLWqE&lc=UgyhuqmDP7Ft0FBy8kx4AaABAg,10/31/2021 18:17,0,"Funny thing is that, he didn\'t survive only 1 million subscribers but barely 5 lmao",http://www.youtube.com/@alexy234
2160,@myko3022,The end ??????????????????,UgzWJwHhxXGgH5Ftz4F4AaABAg,,0,https://www.youtube.com/watch?v=lT3vGaOLWqE&lc=UgzWJwHhxXGgH5Ftz4F4AaABAg,10/31/2021 11:13,0,The end ??????????????????,http://www.youtube.com/@myko3022
2161,@akashiYami,by the time i saw that tilt i was like yea i\'m bout to see a guy get sent to the heaven gates then i forgot this is youtube,UgzLbFpQLeVAAWa9FmB4AaABAg,,0,https://www.youtube.com/watch?v=lT3vGaOLWqE&lc=UgzLbFpQLeVAAWa9FmB4AaABAg,10/31/2021 9:03,0,by the time i saw that tilt i was like yea i\'m bout to see a guy get sent to the heaven gates then i forgot this is youtube,http://www.youtube.com/@akashiYami
2162,@johnspencerdecena2859,instead of the jacobs ladder to go up it went down i guess electroboom will went to hell,UgwExBN28OnhtVUFb1N4AaABAg,,0,https://www.youtube.com/watch?v=lT3vGaOLWqE&lc=UgwExBN28OnhtVUFb1N4AaABAg,10/31/2021 5:43,0,instead of the jacobs ladder to go up it went down i guess electroboom will went to hell,http://www.youtube.com/@johnspencerdecena2859
2163,@tnekkc,My father made me a Jacob\'s ladder with a Ford Model A spark coil and my Marx electric train transformer in 1961.,Ugx6ScrgK_KbLmjm-jF4AaABAg,,0,https://www.youtube.com/watch?v=lT3vGaOLWqE&lc=Ugx6ScrgK_KbLmjm-jF4AaABAg,10/31/2021 0:40,0,My father made me a Jacob\'s ladder with a Ford Model A spark coil and my Marx electric train transformer in 1961.,http://www.youtube.com/@tnekkc
2164,@twovids7417,Joke at the beginning was very funny,UgxiITVxnx2ozqHkFGR4AaABAg,,0,https://www.youtube.com/watch?v=lT3vGaOLWqE&lc=UgxiITVxnx2ozqHkFGR4AaABAg,10/30/2021 21:20,0,Joke at the beginning was very funny,http://www.youtube.com/@twovids7417
2165,@sofiapauleenbuenaflor7570,Electroboom is strong he can survive at shocks and heat,UgzefsZT_YJlUmPoI994AaABAg,,0,https://www.youtube.com/watch?v=lT3vGaOLWqE&lc=UgzefsZT_YJlUmPoI994AaABAg,10/30/2021 20:13,0,Electroboom is strong he can survive at shocks and heat,http://www.youtube.com/@sofiapauleenbuenaflor7570
2166,@TheSkunkyMonk,"""why do bad things happen to good people"" if only he\'d known what was coming.",Ugx3x9OsGYp-5oh7VSR4AaABAg,,0,https://www.youtube.com/watch?v=lT3vGaOLWqE&lc=Ugx3x9OsGYp-5oh7VSR4AaABAg,10/30/2021 11:00,0,"""why do bad things happen to good people"" if only he\'d known what was coming.",http://www.youtube.com/@TheSkunkyMonk
2167,@nurhakim2764,Rewatch this video after the interview and thank you to flimsy wire to not kill mehdi,Ugyg0Cx4uOFbEn5JzxZ4AaABAg,,0,https://www.youtube.com/watch?v=lT3vGaOLWqE&lc=Ugyg0Cx4uOFbEn5JzxZ4AaABAg,10/30/2021 6:28,0,Rewatch this video after the interview and thank you to flimsy wire to not kill mehdi,http://www.youtube.com/@nurhakim2764
2168,@BMN_Prime,I was surprised to see an old comment of mine 2 years ago,UgwLrVXMi2gzIfFhURR4AaABAg,,0,https://www.youtube.com/watch?v=lT3vGaOLWqE&lc=UgwLrVXMi2gzIfFhURR4AaABAg,10/30/2021 2:54,0,I was surprised to see an old comment of mine 2 years ago,http://www.youtube.com/@BMN_Prime
2169,@kadenbane,It actually is named after a biblical ladder to heaven.,UgwNj_SfLor8GWZi3V94AaABAg,,0,https://www.youtube.com/watch?v=lT3vGaOLWqE&lc=UgwNj_SfLor8GWZi3V94AaABAg,10/29/2021 21:42,0,It actually is named after a biblical ladder to heaven.,http://www.youtube.com/@kadenbane
2170,@Phycoelectronics,1900 volt,UgwgX4URhPm-zfR4Pqx4AaABAg,,0,https://www.youtube.com/watch?v=lT3vGaOLWqE&lc=UgwgX4URhPm-zfR4Pqx4AaABAg,10/29/2021 12:41,0,1900 volt,http://www.youtube.com/@Phycoelectronics
2171,@Phycoelectronics,Yes i want,UgzqdP71qPODh4xc_yZ4AaABAg,,0,https://www.youtube.com/watch?v=lT3vGaOLWqE&lc=UgzqdP71qPODh4xc_yZ4AaABAg,10/29/2021 12:40,0,Yes i want,http://www.youtube.com/@Phycoelectronics
2172,@peanuttbutter1142,can we just appreciate that he risk his life to teach us,UgwDdxP2dDIp-ukKqPB4AaABAg,,0,https://www.youtube.com/watch?v=lT3vGaOLWqE&lc=UgwDdxP2dDIp-ukKqPB4AaABAg,10/29/2021 10:25,0,can we just appreciate that he risk his life to teach us,http://www.youtube.com/@peanuttbutter1142
2173,@harryfilms0119,*eletroboom*DONT TOUCH IT OR TRY IT AT HOME *eletroboom again* I NEVER DIE,UgzBmnUn1uBVvbsJqud4AaABAg,,0,https://www.youtube.com/watch?v=lT3vGaOLWqE&lc=UgzBmnUn1uBVvbsJqud4AaABAg,10/29/2021 8:48,0,*eletroboom*DONT TOUCH IT OR TRY IT AT HOME *eletroboom again* I NEVER DIE,http://www.youtube.com/@harryfilms0119
2174,@SevenDeMagnus,"He almost died here for real: https://www.youtube.com/watch?v=UStV3zyhgnQ God bless,",UgxVsOkWcpCHoSEi1RZ4AaABAg,,0,https://www.youtube.com/watch?v=lT3vGaOLWqE&lc=UgxVsOkWcpCHoSEi1RZ4AaABAg,10/29/2021 6:07,0,"He almost died here for real: https://www.youtube.com/watch?v=UStV3zyhgnQ God bless,",http://www.youtube.com/@SevenDeMagnus
2175,@brettchr777,"At the 8:00 point, hit the space bar to pause the video. Then go frame by frame with the greater than [  ] key to see the awful grimace on Medhi\'s face as he shocks himself.",UgzJwXIvB3aDKhd_DVp4AaABAg,,0,https://www.youtube.com/watch?v=lT3vGaOLWqE&lc=UgzJwXIvB3aDKhd_DVp4AaABAg,10/28/2021 22:27,0,"At the 8:00 point, hit the space bar to pause the video. Then go frame by frame with the greater than [  ] key to see the awful grimace on Medhi\'s face as he shocks himself.",http://www.youtube.com/@brettchr777
2176,@lmmusic5032,3 second celebration,UgwnqDxfG8WEQJWV3F14AaABAg,,0,https://www.youtube.com/watch?v=lT3vGaOLWqE&lc=UgwnqDxfG8WEQJWV3F14AaABAg,10/28/2021 21:09,0,3 second celebration,http://www.youtube.com/@lmmusic5032
2177,@fitulus,So did he survived this because of the switch braker? Or did he survived this because we need him?,UgzxVnTvCBs3hVCjwON4AaABAg,,0,https://www.youtube.com/watch?v=lT3vGaOLWqE&lc=UgzxVnTvCBs3hVCjwON4AaABAg,10/28/2021 8:53,0,So did he survived this because of the switch braker? Or did he survived this because we need him?,http://www.youtube.com/@fitulus
2178,@justdoit6435,7:59 bro wtf you are doing please be careful !,UgxT8_9wSiDy9e1NPvJ4AaABAg,,0,https://www.youtube.com/watch?v=lT3vGaOLWqE&lc=UgxT8_9wSiDy9e1NPvJ4AaABAg,10/28/2021 7:17,0,7:59 bro wtf you are doing please be careful !,http://www.youtube.com/@justdoit6435
2179,@worldpeace1822,At some point I think ElectroBoom was in his former life a cat and still has some spare life from that time,UgwxnUliR_uP38rV8b14AaABAg,,0,https://www.youtube.com/watch?v=lT3vGaOLWqE&lc=UgwxnUliR_uP38rV8b14AaABAg,10/27/2021 17:40,0,At some point I think ElectroBoom was in his former life a cat and still has some spare life from that time,http://www.youtube.com/@worldpeace1822
2180,@keepquietbro3802,7:59,Ugx9x6lv0htnoe7RH6d4AaABAg,,0,https://www.youtube.com/watch?v=lT3vGaOLWqE&lc=Ugx9x6lv0htnoe7RH6d4AaABAg,10/27/2021 0:26,0,7:59,http://www.youtube.com/@keepquietbro3802
2181,@Unknown-ep4er,?????????THIS IS HOW YOU ENJOY PHYSICS,UgwKtrIHVcCYkP6dXRZ4AaABAg,,0,https://www.youtube.com/watch?v=lT3vGaOLWqE&lc=UgwKtrIHVcCYkP6dXRZ4AaABAg,10/26/2021 14:17,0,?????????THIS IS HOW YOU ENJOY PHYSICS,http://www.youtube.com/@Unknown-ep4er
2182,@keberoskent2268,You deserve more sir!!! you are the best teacher i could ever wish for! please dont take too many risks! we want you alive and electrifying just as you are now so our kids and grandkids can learn your knowledge! - love from India,UgxD4a683EnU8On86Md4AaABAg,,4,https://www.youtube.com/watch?v=lT3vGaOLWqE&lc=UgxD4a683EnU8On86Md4AaABAg,10/26/2021 12:35,0,You deserve more sir!!! you are the best teacher i could ever wish for! please dont take too many risks! we want you alive and electrifying just as you are now so our kids and grandkids can learn your knowledge! - love from India,http://www.youtube.com/@keberoskent2268
2183,@Khizar_Ansari,8:01 *ascending to heaven*,UgypHaBsvwbgkpQ7nX94AaABAg,,1,https://www.youtube.com/watch?v=lT3vGaOLWqE&lc=UgypHaBsvwbgkpQ7nX94AaABAg,10/26/2021 5:29,0,8:01 *ascending to heaven*,http://www.youtube.com/@Khizar_Ansari
2184,@rubabmubarrat,"Oh boy, I need to put a comment on this video. This will be so viral in near future.",UgwbsEvoJIwJwdnlnER4AaABAg,,0,https://www.youtube.com/watch?v=lT3vGaOLWqE&lc=UgwbsEvoJIwJwdnlnER4AaABAg,10/25/2021 14:24,0,"Oh boy, I need to put a comment on this video. This will be so viral in near future.",http://www.youtube.com/@rubabmubarrat
2185,@Chizzels,its a shame i only discovered this guy today. he is the most alpha guy i have ever seen,UgzQTRDTmwcXd0hb6LZ4AaABAg,,0,https://www.youtube.com/watch?v=lT3vGaOLWqE&lc=UgzQTRDTmwcXd0hb6LZ4AaABAg,10/25/2021 13:33,0,its a shame i only discovered this guy today. he is the most alpha guy i have ever seen,http://www.youtube.com/@Chizzels
2186,@peaou,"really nice physic demonstration, but man, be more careful, subscribtions are not worth your health",UgzlFjFjLwS05PQhaa94AaABAg,,0,https://www.youtube.com/watch?v=lT3vGaOLWqE&lc=UgzlFjFjLwS05PQhaa94AaABAg,10/25/2021 9:37,0,"really nice physic demonstration, but man, be more careful, subscribtions are not worth your health",http://www.youtube.com/@peaou
2187,@qzet1055,Rip his electric bill,UgwZjKqT1pxa-nDxbXh4AaABAg,,0,https://www.youtube.com/watch?v=lT3vGaOLWqE&lc=UgwZjKqT1pxa-nDxbXh4AaABAg,10/25/2021 0:18,0,Rip his electric bill,http://www.youtube.com/@qzet1055
2188,@marc.lepage,"This terrifies me. And I am OK with home wiring, so it\'s not just fear of all electricity.",UgwJDJvt3v_LGEfJo4J4AaABAg,,0,https://www.youtube.com/watch?v=lT3vGaOLWqE&lc=UgwJDJvt3v_LGEfJo4J4AaABAg,10/24/2021 23:23,0,"This terrifies me. And I am OK with home wiring, so it\'s not just fear of all electricity.",http://www.youtube.com/@marc.lepage
2189,@ryze8064,This guy has balls of steal,UgxUaBEHj8upA3MR6OZ4AaABAg,,0,https://www.youtube.com/watch?v=lT3vGaOLWqE&lc=UgxUaBEHj8upA3MR6OZ4AaABAg,10/24/2021 22:27,0,This guy has balls of steal,http://www.youtube.com/@ryze8064
2190,@luisantonioperez4008,No se c√≥mo ese wey sigue vivo :V,Ugy0zSN_XLdyPpaWt3p4AaABAg,,0,https://www.youtube.com/watch?v=lT3vGaOLWqE&lc=Ugy0zSN_XLdyPpaWt3p4AaABAg,10/24/2021 21:28,0,No se c√≥mo ese wey sigue vivo :V,http://www.youtube.com/@luisantonioperez4008
2191,@altt98,0:07 LOL,UgxnapO9Bt7MFhOB3b14AaABAg,,0,https://www.youtube.com/watch?v=lT3vGaOLWqE&lc=UgxnapO9Bt7MFhOB3b14AaABAg,10/24/2021 18:57,0,0:07 LOL,http://www.youtube.com/@altt98
2192,@ThatOneWiiMattFan,RIP - Mehdi\'s Finger ???? - 2021,Ugw8GtABbETWq8V1oPx4AaABAg,,1,https://www.youtube.com/watch?v=lT3vGaOLWqE&lc=Ugw8GtABbETWq8V1oPx4AaABAg,10/24/2021 16:47,0,RIP - Mehdi\'s Finger ???? - 2021,http://www.youtube.com/@ThatOneWiiMattFan
2193,@Harsh-Pandit,(3:00) when he gets frustrated but then he smiles... That\'s peak Canada right there,UgxcGfQxb1U36gRJIup4AaABAg,,1,https://www.youtube.com/watch?v=lT3vGaOLWqE&lc=UgxcGfQxb1U36gRJIup4AaABAg,10/24/2021 14:29,0,(3:00) when he gets frustrated but then he smiles... That\'s peak Canada right there,http://www.youtube.com/@Harsh-Pandit
2194,@composters,I wonder how high this guy‚??s electricity bill is,UgxYdoMc2yST7nYb1cB4AaABAg,,1,https://www.youtube.com/watch?v=lT3vGaOLWqE&lc=UgxYdoMc2yST7nYb1cB4AaABAg,10/24/2021 3:09,0,I wonder how high this guy‚??s electricity bill is,http://www.youtube.com/@composters
2195,@iGotGame.,Man i wish my balls were as big as this guys,UgwrVAisEORc5Lz522p4AaABAg,,0,https://www.youtube.com/watch?v=lT3vGaOLWqE&lc=UgwrVAisEORc5Lz522p4AaABAg,10/24/2021 2:53,0,Man i wish my balls were as big as this guys,http://www.youtube.com/@iGotGame.
2196,@andyjohnson9714,Don‚??t breathe in ionized air.,UgxnmZRZ_hbDs701nzJ4AaABAg,,0,https://www.youtube.com/watch?v=lT3vGaOLWqE&lc=UgxnmZRZ_hbDs701nzJ4AaABAg,10/23/2021 20:00,0,Don‚??t breathe in ionized air.,http://www.youtube.com/@andyjohnson9714
2197,@camilo2549,7:58 Goo!,UgwvGDO3ffQZdJgu-HV4AaABAg,,1,https://www.youtube.com/watch?v=lT3vGaOLWqE&lc=UgwvGDO3ffQZdJgu-HV4AaABAg,10/23/2021 19:15,0,7:58 Goo!,http://www.youtube.com/@camilo2549
2198,@a_guy_in_blue.,7:48 cooking yolk noises,Ugyw-SDG4Ij4OEKtMPh4AaABAg,,0,https://www.youtube.com/watch?v=lT3vGaOLWqE&lc=Ugyw-SDG4Ij4OEKtMPh4AaABAg,10/23/2021 17:32,0,7:48 cooking yolk noises,http://www.youtube.com/@a_guy_in_blue.
2199,@goofyguy3739,me when in at the toilet at 3 am 7:48 XD,Ugz3EPJqj9OC32tYHax4AaABAg,,0,https://www.youtube.com/watch?v=lT3vGaOLWqE&lc=Ugz3EPJqj9OC32tYHax4AaABAg,10/23/2021 17:30,0,me when in at the toilet at 3 am 7:48 XD,http://www.youtube.com/@goofyguy3739
2200,@petqu_861,Bro u almost die,UgxUAl2gdfZnH_rs1g54AaABAg,,0,https://www.youtube.com/watch?v=lT3vGaOLWqE&lc=UgxUAl2gdfZnH_rs1g54AaABAg,10/23/2021 17:20,0,Bro u almost die,http://www.youtube.com/@petqu_861
2201,@jdcpe17,"this is your best video man, more like this... hahhaa, don\'t die though!!!",UgypxZVtQEve9LKUgfN4AaABAg,,0,https://www.youtube.com/watch?v=lT3vGaOLWqE&lc=UgypxZVtQEve9LKUgfN4AaABAg,10/23/2021 14:43,0,"this is your best video man, more like this... hahhaa, don\'t die though!!!",http://www.youtube.com/@jdcpe17
2202,@vandanaundley9945,Hi i am from future : it is 20 yrs but still it makes me laugh ??? ???. ?§£,UgyACZ3bE8oID4_VY_J4AaABAg,,0,https://www.youtube.com/watch?v=lT3vGaOLWqE&lc=UgyACZ3bE8oID4_VY_J4AaABAg,10/23/2021 1:56,0,Hi i am from future : it is 20 yrs but still it makes me laugh ??? ???. ?§£,http://www.youtube.com/@vandanaundley9945
2203,@lucasbrelivet5238,"Man, that\'s the second of your videos I watch and I\'m already amazed that you\'re still alive. I don\'t think I subscribe to your chanel, it\'s bad for my heart. Please be more careful and don\'t die electrocuted.",UgwEdt7lVpf0r2hzT4N4AaABAg,,0,https://www.youtube.com/watch?v=lT3vGaOLWqE&lc=UgwEdt7lVpf0r2hzT4N4AaABAg,10/22/2021 20:55,0,"Man, that\'s the second of your videos I watch and I\'m already amazed that you\'re still alive. I don\'t think I subscribe to your chanel, it\'s bad for my heart. Please be more careful and don\'t die electrocuted.",http://www.youtube.com/@lucasbrelivet5238
2204,@darryljackman,I so wish I could like this video 100 times lol!,UgxXhVhaMBdENY3FcaV4AaABAg,,0,https://www.youtube.com/watch?v=lT3vGaOLWqE&lc=UgxXhVhaMBdENY3FcaV4AaABAg,10/22/2021 13:27,0,I so wish I could like this video 100 times lol!,http://www.youtube.com/@darryljackman
2205,@yvonnefernandez2107,lol hes thingyy broke 00:06,Ugw4oLHfMTFapCEZ5554AaABAg,,0,https://www.youtube.com/watch?v=lT3vGaOLWqE&lc=Ugw4oLHfMTFapCEZ5554AaABAg,10/22/2021 6:13,0,lol hes thingyy broke 00:06,http://www.youtube.com/@yvonnefernandez2107
2206,@modernmemes5755,Imagine when he\'ll have 10 mil,UgzUe2gtq7wyC1At-Ct4AaABAg,,0,https://www.youtube.com/watch?v=lT3vGaOLWqE&lc=UgzUe2gtq7wyC1At-Ct4AaABAg,10/22/2021 2:08,0,Imagine when he\'ll have 10 mil,http://www.youtube.com/@modernmemes5755
2207,@harrisoncord3680,"""What if we added Sparklers"" Greatest Idea 6:26",UgxnTRB5i1HneUO2nzJ4AaABAg,,0,https://www.youtube.com/watch?v=lT3vGaOLWqE&lc=UgxnTRB5i1HneUO2nzJ4AaABAg,10/21/2021 22:53,0,"""What if we added Sparklers"" Greatest Idea 6:26",http://www.youtube.com/@harrisoncord3680
2208,@_okkkk_,ok,UgyGSWeRH4GQ04ag2Wd4AaABAg,,1,https://www.youtube.com/watch?v=lT3vGaOLWqE&lc=UgyGSWeRH4GQ04ag2Wd4AaABAg,10/21/2021 21:43,0,ok,http://www.youtube.com/@_okkkk_
2209,@thomaspointer48,I could use a 3D printer. I\'m a prototype machinist and I do alot design work and testing in Solidworks but I don\'t have the ability to make my ideas a reality. Please consider me. Thanks.,UgxSUFkAbVZcnQHLaPB4AaABAg,,1,https://www.youtube.com/watch?v=lT3vGaOLWqE&lc=UgxSUFkAbVZcnQHLaPB4AaABAg,10/21/2021 14:08,0,I could use a 3D printer. I\'m a prototype machinist and I do alot design work and testing in Solidworks but I don\'t have the ability to make my ideas a reality. Please consider me. Thanks.,http://www.youtube.com/@thomaspointer48
2210,@provuksmc6619,6:45 The Sound of pure bliss,UgzawbPqiPdAeKayYfN4AaABAg,,0,https://www.youtube.com/watch?v=lT3vGaOLWqE&lc=UgzawbPqiPdAeKayYfN4AaABAg,10/20/2021 19:48,0,6:45 The Sound of pure bliss,http://www.youtube.com/@provuksmc6619
2211,@snowman_brazil,"If I were their neighbours instead of upgrading my apartment I would move away from him and his electrical fire experiments. This guy is crazy. Very technical thow, but crazy as hell.",UgzUQW5nx9hpQPCdc7Z4AaABAg,,3,https://www.youtube.com/watch?v=lT3vGaOLWqE&lc=UgzUQW5nx9hpQPCdc7Z4AaABAg,10/20/2021 19:18,0,"If I were their neighbours instead of upgrading my apartment I would move away from him and his electrical fire experiments. This guy is crazy. Very technical thow, but crazy as hell.",http://www.youtube.com/@snowman_brazil
2212,@_BangDroid_,"His singing, despite being gibberish, is actually amazing!",UgyF9NVRBuu146-4Q8p4AaABAg,,9,https://www.youtube.com/watch?v=lT3vGaOLWqE&lc=UgyF9NVRBuu146-4Q8p4AaABAg,10/20/2021 17:08,0,"His singing, despite being gibberish, is actually amazing!",http://www.youtube.com/@_BangDroid_
2213,@Truck-kun_01,bruh this dude definitely has bite the dust activated to protect him.,Ugz21eLp7XchuWhOOd14AaABAg,,1,https://www.youtube.com/watch?v=lT3vGaOLWqE&lc=Ugz21eLp7XchuWhOOd14AaABAg,10/20/2021 13:09,0,bruh this dude definitely has bite the dust activated to protect him.,http://www.youtube.com/@Truck-kun_01
2214,@shaansiddiqui8288,Yeeaaahh,UgyLebFceWdNbumBbXF4AaABAg,,2,https://www.youtube.com/watch?v=lT3vGaOLWqE&lc=UgyLebFceWdNbumBbXF4AaABAg,10/20/2021 1:56,0,Yeeaaahh,http://www.youtube.com/@shaansiddiqui8288
2215,@ToasTjayv,bored so im watching his old vids lol,UgyoxT-E83wB8F72xvt4AaABAg,,1,https://www.youtube.com/watch?v=lT3vGaOLWqE&lc=UgyoxT-E83wB8F72xvt4AaABAg,10/20/2021 1:49,0,bored so im watching his old vids lol,http://www.youtube.com/@ToasTjayv
2216,@babyblueyesb,Yo dude u said you were borrowing my ladder give it back,UgyVZH7j2zCut8FMgaJ4AaABAg,,0,https://www.youtube.com/watch?v=lT3vGaOLWqE&lc=UgyVZH7j2zCut8FMgaJ4AaABAg,10/19/2021 22:58,0,Yo dude u said you were borrowing my ladder give it back,http://www.youtube.com/@babyblueyesb
2217,@papaisou11,Energy is dengarous and maybe it will take 100 more nobel prizes and 100 more people to direct how it works,UgwK4VOqTnJOC2La5Ol4AaABAg,,0,https://www.youtube.com/watch?v=lT3vGaOLWqE&lc=UgwK4VOqTnJOC2La5Ol4AaABAg,10/19/2021 17:27,0,Energy is dengarous and maybe it will take 100 more nobel prizes and 100 more people to direct how it works,http://www.youtube.com/@papaisou11
2218,@papaisou11,I know that you knows what you are doing... Few advices... Please double check your scripts before going into such shooting. There are lots of people watch your video... I think there are lot of things doesn\'t go as per the scripts... Please please recheck your working before doing such things... I need you for my own learnings and I am selfish in such case.,Ugy2vt9BlVm5Qlje0ax4AaABAg,,0,https://www.youtube.com/watch?v=lT3vGaOLWqE&lc=Ugy2vt9BlVm5Qlje0ax4AaABAg,10/19/2021 17:26,0,I know that you knows what you are doing... Few advices... Please double check your scripts before going into such shooting. There are lots of people watch your video... I think there are lot of things doesn\'t go as per the scripts... Please please recheck your working before doing such things... I need you for my own learnings and I am selfish in such case.,http://www.youtube.com/@papaisou11
2219,@RoronoaCherry,OUCH- I wish he was our teacher.,UgyQswl3f9W13Pi2Uh14AaABAg,,0,https://www.youtube.com/watch?v=lT3vGaOLWqE&lc=UgyQswl3f9W13Pi2Uh14AaABAg,10/19/2021 12:19,0,OUCH- I wish he was our teacher.,http://www.youtube.com/@RoronoaCherry
2220,@blackitty611,8:00 did he destroy a 3d Jacob\'s Ladder with sparklers (hands only),Ugwtg_w2SigQjvQ5fz94AaABAg,,0,https://www.youtube.com/watch?v=lT3vGaOLWqE&lc=Ugwtg_w2SigQjvQ5fz94AaABAg,10/19/2021 0:40,0,8:00 did he destroy a 3d Jacob\'s Ladder with sparklers (hands only),http://www.youtube.com/@blackitty611
2221,@awesomedoge2791,7:39 candles shit them self,UgwxdNIKsdOQVj47twp4AaABAg,,1,https://www.youtube.com/watch?v=lT3vGaOLWqE&lc=UgwxdNIKsdOQVj47twp4AaABAg,10/18/2021 23:11,0,7:39 candles shit them self,http://www.youtube.com/@awesomedoge2791
2222,@awesomedoge2791,3:13 wire melts,UgwVLkp4aVE8opejCS94AaABAg,,0,https://www.youtube.com/watch?v=lT3vGaOLWqE&lc=UgwVLkp4aVE8opejCS94AaABAg,10/18/2021 23:06,0,3:13 wire melts,http://www.youtube.com/@awesomedoge2791
2223,@noelandrew3600,"Perfect illustration of an electronic engineer not a structural engineer. you were bloody lucky mate, those Mots are lethal. i prefer the old Neon sign Transformer, much safer and higher voltage so you can easily establish an arc.",UgxznNHf022ckdziS2R4AaABAg,,0,https://www.youtube.com/watch?v=lT3vGaOLWqE&lc=UgxznNHf022ckdziS2R4AaABAg,10/18/2021 21:52,0,"Perfect illustration of an electronic engineer not a structural engineer. you were bloody lucky mate, those Mots are lethal. i prefer the old Neon sign Transformer, much safer and higher voltage so you can easily establish an arc.",http://www.youtube.com/@noelandrew3600
2224,@muriloporfirio7853,Fun with high voltage and fire. What could go wrong?,UgzelFxPM8_DUAxAbg54AaABAg,,0,https://www.youtube.com/watch?v=lT3vGaOLWqE&lc=UgzelFxPM8_DUAxAbg54AaABAg,10/18/2021 18:39,0,Fun with high voltage and fire. What could go wrong?,http://www.youtube.com/@muriloporfirio7853
2225,@jackpalmer4052,Excellent! Is is too late for a 3d printer? @Electroboom :-D,UgwtBaVC5HtTEI7Zykl4AaABAg,,0,https://www.youtube.com/watch?v=lT3vGaOLWqE&lc=UgwtBaVC5HtTEI7Zykl4AaABAg,10/18/2021 15:47,0,Excellent! Is is too late for a 3d printer? @Electroboom :-D,http://www.youtube.com/@jackpalmer4052
2226,@voltrwxsubs4953,Omg,UgybBHjtgsTmjKYH5CV4AaABAg,,0,https://www.youtube.com/watch?v=lT3vGaOLWqE&lc=UgybBHjtgsTmjKYH5CV4AaABAg,10/18/2021 12:27,0,Omg,http://www.youtube.com/@voltrwxsubs4953
2227,@voltrwxsubs4953,Oh yesss oh,UgzhDGRjfcqEnRhGirN4AaABAg,,0,https://www.youtube.com/watch?v=lT3vGaOLWqE&lc=UgzhDGRjfcqEnRhGirN4AaABAg,10/18/2021 12:27,0,Oh yesss oh,http://www.youtube.com/@voltrwxsubs4953
2228,@wujek_naruto_uzumaki8881,hehehehehehehe,UgzF9Em8deHgM0BJw_J4AaABAg,,0,https://www.youtube.com/watch?v=lT3vGaOLWqE&lc=UgzF9Em8deHgM0BJw_J4AaABAg,10/18/2021 11:31,0,hehehehehehehe,http://www.youtube.com/@wujek_naruto_uzumaki8881
2229,@ajayshankerz,It will be good for my school project lol,UgxM0RydI-1_n4zLWL14AaABAg,,0,https://www.youtube.com/watch?v=lT3vGaOLWqE&lc=UgxM0RydI-1_n4zLWL14AaABAg,10/18/2021 2:32,0,It will be good for my school project lol,http://www.youtube.com/@ajayshankerz
2230,@Junior-nm3mf,"Every time this man mentions ""high voltage"" and warns the viewers to not try this at home, I worry about him more than myself...",UgxQD3_xj7Z-MVUIozZ4AaABAg,,3,https://www.youtube.com/watch?v=lT3vGaOLWqE&lc=UgxQD3_xj7Z-MVUIozZ4AaABAg,10/17/2021 22:07,0,"Every time this man mentions ""high voltage"" and warns the viewers to not try this at home, I worry about him more than myself...",http://www.youtube.com/@Junior-nm3mf
2231,@manuelpalmes7146,Look like portal to time travel,Ugw8Zl32Ih6Vp0LgHcZ4AaABAg,,0,https://www.youtube.com/watch?v=lT3vGaOLWqE&lc=Ugw8Zl32Ih6Vp0LgHcZ4AaABAg,10/17/2021 17:12,0,Look like portal to time travel,http://www.youtube.com/@manuelpalmes7146
2232,@a.oooooo2397,Only gigachads watched in the parts of the description,UgxAvFeGRwzWIkKsMrh4AaABAg,,0,https://www.youtube.com/watch?v=lT3vGaOLWqE&lc=UgxAvFeGRwzWIkKsMrh4AaABAg,10/17/2021 15:34,0,Only gigachads watched in the parts of the description,http://www.youtube.com/@a.oooooo2397
2233,@JackTheGoose,that party candle in the beginning was the most useless thing I‚??ve ever seen,UgyZlbLz31mCUEacRTB4AaABAg,,0,https://www.youtube.com/watch?v=lT3vGaOLWqE&lc=UgyZlbLz31mCUEacRTB4AaABAg,10/17/2021 5:57,0,that party candle in the beginning was the most useless thing I‚??ve ever seen,http://www.youtube.com/@JackTheGoose
2234,@richardcamilleri5035,?????????,Ugy4WAgytYemW4WaKfh4AaABAg,,1,https://www.youtube.com/watch?v=lT3vGaOLWqE&lc=Ugy4WAgytYemW4WaKfh4AaABAg,10/17/2021 2:51,0,?????????,http://www.youtube.com/@richardcamilleri5035
2235,@mati7422,This guy might be god because he hasn‚??t died yet,UgyqDczCJAngyhrmtOB4AaABAg,,0,https://www.youtube.com/watch?v=lT3vGaOLWqE&lc=UgyqDczCJAngyhrmtOB4AaABAg,10/16/2021 22:23,0,This guy might be god because he hasn‚??t died yet,http://www.youtube.com/@mati7422
2236,@andreimaneclang79,1:47 : yo always almost kill yourself bud,Ugw2UyHnNjy0ut8T7jR4AaABAg,,0,https://www.youtube.com/watch?v=lT3vGaOLWqE&lc=Ugw2UyHnNjy0ut8T7jR4AaABAg,10/16/2021 11:43,0,1:47 : yo always almost kill yourself bud,http://www.youtube.com/@andreimaneclang79
2237,@abhishekbhat4609,Please I am seeing ur channel from first and I am liking but I did not win any giveaway,Ugx4LtdBUcNCnb5xtMJ4AaABAg,,0,https://www.youtube.com/watch?v=lT3vGaOLWqE&lc=Ugx4LtdBUcNCnb5xtMJ4AaABAg,10/16/2021 1:10,0,Please I am seeing ur channel from first and I am liking but I did not win any giveaway,http://www.youtube.com/@abhishekbhat4609
2238,@gianlucaloporto7905,"""Let\'s make it fancier"" famous last words",UgzqxXDP7H5PhHDX9_94AaABAg,,2449,https://www.youtube.com/watch?v=lT3vGaOLWqE&lc=UgzqxXDP7H5PhHDX9_94AaABAg,10/16/2021 1:02,3,"""Let\'s make it fancier"" famous last words",http://www.youtube.com/@gianlucaloporto7905
2239,@lukezoeller7517,Thankfully his house didn\'t burn down,UgzqxXDP7H5PhHDX9_94AaABAg.9TYRTBbq4f79Zr-QoQvrzz,@gianlucaloporto7905,22,https://www.youtube.com/watch?v=lT3vGaOLWqE&lc=UgzqxXDP7H5PhHDX9_94AaABAg.9TYRTBbq4f79Zr-QoQvrzz,3/21/2022 18:30,0,Thankfully his house didn\'t burn down,http://www.youtube.com/@lukezoeller7517
2240,@XillyWonka,"@@lukezoeller7517 or, you know, him.",UgzqxXDP7H5PhHDX9_94AaABAg.9TYRTBbq4f79aiVnLfa83j,@gianlucaloporto7905,26,https://www.youtube.com/watch?v=lT3vGaOLWqE&lc=UgzqxXDP7H5PhHDX9_94AaABAg.9TYRTBbq4f79aiVnLfa83j,5/7/2022 4:23,0,"@@lukezoeller7517 or, you know, him.",http://www.youtube.com/@XillyWonka
2241,@Nightguard6139,Lol???,UgzqxXDP7H5PhHDX9_94AaABAg.9TYRTBbq4f79rqTtfQq78o,@gianlucaloporto7905,1,https://www.youtube.com/watch?v=lT3vGaOLWqE&lc=UgzqxXDP7H5PhHDX9_94AaABAg.9TYRTBbq4f79rqTtfQq78o,7/6/2023 19:34,0,Lol???,http://www.youtube.com/@Nightguard6139
2242,@deadsaw13100,hes cool,UgyqzkUTnQ5EDE8nY794AaABAg,,0,https://www.youtube.com/watch?v=lT3vGaOLWqE&lc=UgyqzkUTnQ5EDE8nY794AaABAg,10/15/2021 16:32,0,hes cool,http://www.youtube.com/@deadsaw13100
2243,@jamesjenkins9480,Question... when your wires are melting is that emitting light that is dangerous similar to welding?,UgyLE7IA-l6eKEXsydJ4AaABAg,,2,https://www.youtube.com/watch?v=lT3vGaOLWqE&lc=UgyLE7IA-l6eKEXsydJ4AaABAg,10/14/2021 14:11,0,Question... when your wires are melting is that emitting light that is dangerous similar to welding?,http://www.youtube.com/@jamesjenkins9480
2244,@Spyro-qk6ez,There is no way he‚??s that dumb. If ur gonna make something like that then u should respect what it is. It‚??s fine to have some fun. But plain and simple u aren‚??t carful enough to be showing hundreds or more people this stuff. If some1 copies u and is as careless as u they could end up seriously hurt or worse.,UgzPKNQ042pdQHOv8jd4AaABAg,,0,https://www.youtube.com/watch?v=lT3vGaOLWqE&lc=UgzPKNQ042pdQHOv8jd4AaABAg,10/14/2021 1:52,0,There is no way he‚??s that dumb. If ur gonna make something like that then u should respect what it is. It‚??s fine to have some fun. But plain and simple u aren‚??t carful enough to be showing hundreds or more people this stuff. If some1 copies u and is as careless as u they could end up seriously hurt or worse.,http://www.youtube.com/@Spyro-qk6ez
2245,@cheryltejano9129,"If both my hands touched the wires at the same time, now you would be watching a few hours of my corpse cooking to perfection. -ElectroBOOM",Ugyd_j-Pnz32tXnvrdF4AaABAg,,0,https://www.youtube.com/watch?v=lT3vGaOLWqE&lc=Ugyd_j-Pnz32tXnvrdF4AaABAg,10/12/2021 22:43,0,"If both my hands touched the wires at the same time, now you would be watching a few hours of my corpse cooking to perfection. -ElectroBOOM",http://www.youtube.com/@cheryltejano9129
2246,@oldmadbear007,I truly love watching your podcast but when that Jacob ladder fell over and you grabbed it put my heart on stop please find yourself a good advice that you can work with electricity and start wearing gloves‚?†??±?§Ø??µ?•∫ O yes I make a lot of my own things on my sailboat and could really use a 3 D printer ??? Love and kisses Papa patches and Bella,UgwnfoiqPotmwmdgA8h4AaABAg,,1,https://www.youtube.com/watch?v=lT3vGaOLWqE&lc=UgwnfoiqPotmwmdgA8h4AaABAg,10/12/2021 17:08,0,I truly love watching your podcast but when that Jacob ladder fell over and you grabbed it put my heart on stop please find yourself a good advice that you can work with electricity and start wearing gloves‚?†??±?§Ø??µ?•∫ O yes I make a lot of my own things on my sailboat and could really use a 3 D printer ??? Love and kisses Papa patches and Bella,http://www.youtube.com/@oldmadbear007
2247,@vincefalchetti8475,Your eyebrow wave is the greatest,UgwX3ZXyJDY9l-8b3Ml4AaABAg,,0,https://www.youtube.com/watch?v=lT3vGaOLWqE&lc=UgwX3ZXyJDY9l-8b3Ml4AaABAg,10/12/2021 3:13,0,Your eyebrow wave is the greatest,http://www.youtube.com/@vincefalchetti8475
2248,@ondrejskaba8895,"‚??Smite Me, O Mighty Smiter!‚?ù I know its late. :-(",UgxWOQSyLB8CGchjITN4AaABAg,,0,https://www.youtube.com/watch?v=lT3vGaOLWqE&lc=UgxWOQSyLB8CGchjITN4AaABAg,10/12/2021 2:07,0,"‚??Smite Me, O Mighty Smiter!‚?ù I know its late. :-(",http://www.youtube.com/@ondrejskaba8895
2249,@yandymarquezyt7354,And get shocked way more???,UgzIoby4RlPW_f6f-LF4AaABAg,,0,https://www.youtube.com/watch?v=lT3vGaOLWqE&lc=UgzIoby4RlPW_f6f-LF4AaABAg,10/11/2021 13:24,0,And get shocked way more???,http://www.youtube.com/@yandymarquezyt7354
2250,@yandymarquezyt7354,Niceeee?§©?§©?§©?§©?§©?§©?§©?§©??Å???,UgxQVJ-HatCFQ1LPCqd4AaABAg,,0,https://www.youtube.com/watch?v=lT3vGaOLWqE&lc=UgxQVJ-HatCFQ1LPCqd4AaABAg,10/11/2021 13:23,0,Niceeee?§©?§©?§©?§©?§©?§©?§©?§©??Å???,http://www.youtube.com/@yandymarquezyt7354
2251,@blackitty611,3:16 I can\'t stop laughing,UgyWj2WNDzH-5SsUxmV4AaABAg,,0,https://www.youtube.com/watch?v=lT3vGaOLWqE&lc=UgyWj2WNDzH-5SsUxmV4AaABAg,10/11/2021 6:48,0,3:16 I can\'t stop laughing,http://www.youtube.com/@blackitty611
2252,@mustery5775,0:07 The front of the blower *flies*,UgyyQjnbCQK1hdrcEw94AaABAg,,0,https://www.youtube.com/watch?v=lT3vGaOLWqE&lc=UgyyQjnbCQK1hdrcEw94AaABAg,10/10/2021 10:37,0,0:07 The front of the blower *flies*,http://www.youtube.com/@mustery5775
2253,@kr1zt1z60,0:07 Bruh.,UgxnIh6x2-Kma2sM7wN4AaABAg,,1,https://www.youtube.com/watch?v=lT3vGaOLWqE&lc=UgxnIh6x2-Kma2sM7wN4AaABAg,10/10/2021 5:20,0,0:07 Bruh.,http://www.youtube.com/@kr1zt1z60
2254,@IhamMotovlogMy,"If a child uses an electric tool, use rubber gloves",Ugwd2fYEwaukEMsRTq94AaABAg,,0,https://www.youtube.com/watch?v=lT3vGaOLWqE&lc=Ugwd2fYEwaukEMsRTq94AaABAg,10/9/2021 23:13,0,"If a child uses an electric tool, use rubber gloves",http://www.youtube.com/@IhamMotovlogMy
2255,@user-tg2dm9zd5p,Ì??Íµ≠Ïù∏ Ï?ê!,Ugyfo_aWQHXBmGUCy094AaABAg,,1,https://www.youtube.com/watch?v=lT3vGaOLWqE&lc=Ugyfo_aWQHXBmGUCy094AaABAg,10/9/2021 13:34,0,Ì??Íµ≠Ïù∏ Ï?ê!,http://www.youtube.com/@user-tg2dm9zd5p
2256,@regulardude296,hahahahahahahhahahahahahahahahahahahhahahahahahahahaahhaahahhahahahahahahahahahahahahahahahahahahahaha,Ugy0_RVIhztKA3KhaWt4AaABAg,,1,https://www.youtube.com/watch?v=lT3vGaOLWqE&lc=Ugy0_RVIhztKA3KhaWt4AaABAg,10/9/2021 11:36,0,hahahahahahahhahahahahahahahahahahahhahahahahahahahaahhaahahhahahahahahahahahahahahahahahahahahahahaha,http://www.youtube.com/@regulardude296
2257,@TheOnlySoarin,1:56 ya i think so too,Ugz2PIIoR1xmJABp0IF4AaABAg,,0,https://www.youtube.com/watch?v=lT3vGaOLWqE&lc=Ugz2PIIoR1xmJABp0IF4AaABAg,10/8/2021 20:39,0,1:56 ya i think so too,http://www.youtube.com/@TheOnlySoarin
2258,@josephhalbohn8100,"I\'m a sign installer and I\'m just here to tell you that a 15,000v neon transformer is perfect for this",UgypvPzuZ99lNStVq-J4AaABAg,,1,https://www.youtube.com/watch?v=lT3vGaOLWqE&lc=UgypvPzuZ99lNStVq-J4AaABAg,10/8/2021 19:17,0,"I\'m a sign installer and I\'m just here to tell you that a 15,000v neon transformer is perfect for this",http://www.youtube.com/@josephhalbohn8100
2259,@besufikadtadesse9820,Electric boo is boom,UgzZIoZj26QWcieIY114AaABAg,,0,https://www.youtube.com/watch?v=lT3vGaOLWqE&lc=UgzZIoZj26QWcieIY114AaABAg,10/8/2021 15:58,0,Electric boo is boom,http://www.youtube.com/@besufikadtadesse9820
2260,@fabiangorahandaru8688,?§£??ç,UgxViH0hEym5iWsJMWZ4AaABAg,,0,https://www.youtube.com/watch?v=lT3vGaOLWqE&lc=UgxViH0hEym5iWsJMWZ4AaABAg,10/8/2021 11:43,0,?§£??ç,http://www.youtube.com/@fabiangorahandaru8688
2261,@DJFoxyOfficial,Fails 1:41 3:00 3:15 3:30 5:18 6:00 6:21 7:57,UgzzBGvZI0dU8NqebRx4AaABAg,,1,https://www.youtube.com/watch?v=lT3vGaOLWqE&lc=UgzzBGvZI0dU8NqebRx4AaABAg,10/7/2021 18:32,0,Fails 1:41 3:00 3:15 3:30 5:18 6:00 6:21 7:57,http://www.youtube.com/@DJFoxyOfficial
2262,@accountplay1236,Happy 4 million subscribers,Ugwjyy9bla2uXw3QomB4AaABAg,,0,https://www.youtube.com/watch?v=lT3vGaOLWqE&lc=Ugwjyy9bla2uXw3QomB4AaABAg,10/7/2021 11:57,0,Happy 4 million subscribers,http://www.youtube.com/@accountplay1236
2263,@ashalai8187,He wasn‚??t lucky in making the ladder but was lucky in being alive,Ugy-0hVDR1lo_JIkD8h4AaABAg,,1,https://www.youtube.com/watch?v=lT3vGaOLWqE&lc=Ugy-0hVDR1lo_JIkD8h4AaABAg,10/7/2021 9:10,0,He wasn‚??t lucky in making the ladder but was lucky in being alive,http://www.youtube.com/@ashalai8187
2264,@kayz9266,?§£?§£?§£?§£?§£?§£?§£,UgwngxK--RMalh2qi8J4AaABAg,,1,https://www.youtube.com/watch?v=lT3vGaOLWqE&lc=UgwngxK--RMalh2qi8J4AaABAg,10/7/2021 0:26,0,?§£?§£?§£?§£?§£?§£?§£,http://www.youtube.com/@kayz9266
2265,@BeardieGroovz,Full bridge rectifer!,UgwArbIoadP9AsCgicB4AaABAg,,0,https://www.youtube.com/watch?v=lT3vGaOLWqE&lc=UgwArbIoadP9AsCgicB4AaABAg,10/6/2021 19:25,0,Full bridge rectifer!,http://www.youtube.com/@BeardieGroovz
2266,@BandiWM,https://youtu.be/EBeJ5QA2qCE,Ugwc-JHeQLXOZgRNN4B4AaABAg,,0,https://www.youtube.com/watch?v=lT3vGaOLWqE&lc=Ugwc-JHeQLXOZgRNN4B4AaABAg,10/6/2021 4:53,0,https://youtu.be/EBeJ5QA2qCE,http://www.youtube.com/@BandiWM
2267,@danieled1710,Noooo!!! Come fai a essere ancora vivo!!?? Ti ho visto prendere alte tensioni tantissime volte!! Hai fatto anche un piccolo riassunto,UgztvEiQxZ2H4KTfiNV4AaABAg,,0,https://www.youtube.com/watch?v=lT3vGaOLWqE&lc=UgztvEiQxZ2H4KTfiNV4AaABAg,10/5/2021 16:44,0,Noooo!!! Come fai a essere ancora vivo!!?? Ti ho visto prendere alte tensioni tantissime volte!! Hai fatto anche un piccolo riassunto,http://www.youtube.com/@danieled1710
2268,@jared4670,You\'re a legend. Subbed!,UgwApN4ege8UpJEWvNN4AaABAg,,1,https://www.youtube.com/watch?v=lT3vGaOLWqE&lc=UgwApN4ege8UpJEWvNN4AaABAg,10/4/2021 14:29,0,You\'re a legend. Subbed!,http://www.youtube.com/@jared4670
2269,@ratnarajvankore7192,You need to agree that the sparks froms his hands are the best candelas.,Ugwy3ykY00s-svShb8x4AaABAg,,0,https://www.youtube.com/watch?v=lT3vGaOLWqE&lc=Ugwy3ykY00s-svShb8x4AaABAg,10/4/2021 14:12,0,You need to agree that the sparks froms his hands are the best candelas.,http://www.youtube.com/@ratnarajvankore7192
2270,@vapegamers5765,Is it bad that I enjoy seing him say this will kill you and immediately gets zapped,UgzODHOV4NqQi9UoyrV4AaABAg,,0,https://www.youtube.com/watch?v=lT3vGaOLWqE&lc=UgzODHOV4NqQi9UoyrV4AaABAg,10/4/2021 6:17,0,Is it bad that I enjoy seing him say this will kill you and immediately gets zapped,http://www.youtube.com/@vapegamers5765
2271,@thomasofficial3202,That party horn tho,UgzlRv2313NoloTEupx4AaABAg,,0,https://www.youtube.com/watch?v=lT3vGaOLWqE&lc=UgzlRv2313NoloTEupx4AaABAg,10/3/2021 19:39,0,That party horn tho,http://www.youtube.com/@thomasofficial3202
2272,@DustSansYT,1:43 1:44 1:45,UgwNPzh7KFYJtGuUSoN4AaABAg,,0,https://www.youtube.com/watch?v=lT3vGaOLWqE&lc=UgwNPzh7KFYJtGuUSoN4AaABAg,10/3/2021 14:51,0,1:43 1:44 1:45,http://www.youtube.com/@DustSansYT
2273,@cheezyboy5752,"why would you dislike this, this is awesome",Ugxsd5SsEMsQkz_NKUp4AaABAg,,0,https://www.youtube.com/watch?v=lT3vGaOLWqE&lc=Ugxsd5SsEMsQkz_NKUp4AaABAg,10/3/2021 11:00,0,"why would you dislike this, this is awesome",http://www.youtube.com/@cheezyboy5752
2274,@magset,"""Unless you have been good to your neighbours"" *NEIGHJOUR RENOVATING*",UgyLTH9P3KWxF_zgrMV4AaABAg,,0,https://www.youtube.com/watch?v=lT3vGaOLWqE&lc=UgyLTH9P3KWxF_zgrMV4AaABAg,10/3/2021 8:00,0,"""Unless you have been good to your neighbours"" *NEIGHJOUR RENOVATING*",http://www.youtube.com/@magset
2275,@slipknotfan4everR,I\'m a electrician  this scared the shit out of me hahaha nice! 1 like,Ugxog8oiajkKM6b9RaJ4AaABAg,,0,https://www.youtube.com/watch?v=lT3vGaOLWqE&lc=Ugxog8oiajkKM6b9RaJ4AaABAg,10/2/2021 3:26,0,I\'m a electrician  this scared the shit out of me hahaha nice! 1 like,http://www.youtube.com/@slipknotfan4everR
2276,@alanseward1156,Hey where is the painful screen,UgwTDOHf2bjtxmw645F4AaABAg,,0,https://www.youtube.com/watch?v=lT3vGaOLWqE&lc=UgwTDOHf2bjtxmw645F4AaABAg,10/1/2021 21:46,0,Hey where is the painful screen,http://www.youtube.com/@alanseward1156
2277,@prehistoricgames3432,Only smart people can survive dumb stuff,UgxkWLn6U10Z3s_iobl4AaABAg,,0,https://www.youtube.com/watch?v=lT3vGaOLWqE&lc=UgxkWLn6U10Z3s_iobl4AaABAg,10/1/2021 20:25,0,Only smart people can survive dumb stuff,http://www.youtube.com/@prehistoricgames3432
2278,@thatfella3980,LULZ my BUT‚?¶ LULZBOT,UgwUPNdcg5kd6FnbqM94AaABAg,,0,https://www.youtube.com/watch?v=lT3vGaOLWqE&lc=UgwUPNdcg5kd6FnbqM94AaABAg,10/1/2021 14:26,0,LULZ my BUT‚?¶ LULZBOT,http://www.youtube.com/@thatfella3980
2279,@ZBJDMLife,"This guy may look like an idiot touching live wires and shocking himself, but he is just proving electrical safety and making videos more entertaining. Subbed",Ugw_t8A2ATQWia97yPl4AaABAg,,0,https://www.youtube.com/watch?v=lT3vGaOLWqE&lc=Ugw_t8A2ATQWia97yPl4AaABAg,10/1/2021 6:38,2,"This guy may look like an idiot touching live wires and shocking himself, but he is just proving electrical safety and making videos more entertaining. Subbed",http://www.youtube.com/@ZBJDMLife
2280,@thesupreme8062,He does it on purpose,Ugw_t8A2ATQWia97yPl4AaABAg.9SxPzDxgHCl9TAYozDIaNF,@ZBJDMLife,0,https://www.youtube.com/watch?v=lT3vGaOLWqE&lc=Ugw_t8A2ATQWia97yPl4AaABAg.9SxPzDxgHCl9TAYozDIaNF,10/6/2021 18:24,0,He does it on purpose,http://www.youtube.com/@thesupreme8062
2281,@ZBJDMLife,@@thesupreme8062 No shit?,Ugw_t8A2ATQWia97yPl4AaABAg.9SxPzDxgHCl9TA_NEiMS5R,@ZBJDMLife,0,https://www.youtube.com/watch?v=lT3vGaOLWqE&lc=Ugw_t8A2ATQWia97yPl4AaABAg.9SxPzDxgHCl9TA_NEiMS5R,10/6/2021 18:38,0,@@thesupreme8062 No shit?,http://www.youtube.com/@ZBJDMLife
2282,@SuperCosmicChaos,I feel like subscribing is encouraging bad behavior. Am I a bad person if I Subscribe?,Ugym3ZAygx8e0LjpKad4AaABAg,,0,https://www.youtube.com/watch?v=lT3vGaOLWqE&lc=Ugym3ZAygx8e0LjpKad4AaABAg,9/30/2021 13:54,1,I feel like subscribing is encouraging bad behavior. Am I a bad person if I Subscribe?,http://www.youtube.com/@SuperCosmicChaos
2283,@thesupreme8062,No he does it on purpose,Ugym3ZAygx8e0LjpKad4AaABAg.9Svc2CwzNii9TAYqgGHfr5,@SuperCosmicChaos,0,https://www.youtube.com/watch?v=lT3vGaOLWqE&lc=Ugym3ZAygx8e0LjpKad4AaABAg.9Svc2CwzNii9TAYqgGHfr5,10/6/2021 18:25,0,No he does it on purpose,http://www.youtube.com/@thesupreme8062
2284,@afiari_2453,3:33 jnck wkwkwk,Ugy5ZIrI4sSovRUeilx4AaABAg,,0,https://www.youtube.com/watch?v=lT3vGaOLWqE&lc=Ugy5ZIrI4sSovRUeilx4AaABAg,9/30/2021 13:40,0,3:33 jnck wkwkwk,http://www.youtube.com/@afiari_2453
2285,@keonihauser2888,Reflexesssss,Ugzd9lp2GYRFjc4K12J4AaABAg,,0,https://www.youtube.com/watch?v=lT3vGaOLWqE&lc=Ugzd9lp2GYRFjc4K12J4AaABAg,9/30/2021 9:06,0,Reflexesssss,http://www.youtube.com/@keonihauser2888
2286,@user-jd3gf5xw1x,8:00 satan: HOW THE F*** ARE YOU STILL NOT DEAD,UgwB60SQugQ9658RB7x4AaABAg,,0,https://www.youtube.com/watch?v=lT3vGaOLWqE&lc=UgwB60SQugQ9658RB7x4AaABAg,9/30/2021 4:25,0,8:00 satan: HOW THE F*** ARE YOU STILL NOT DEAD,http://www.youtube.com/@user-jd3gf5xw1x
2287,@WilburJaywright,"Lol! Yeah, I‚??m reading that book. ???",UgzFGkDCSaFdDGORDaZ4AaABAg,,0,https://www.youtube.com/watch?v=lT3vGaOLWqE&lc=UgzFGkDCSaFdDGORDaZ4AaABAg,9/29/2021 15:27,0,"Lol! Yeah, I‚??m reading that book. ???",http://www.youtube.com/@WilburJaywright
2288,@That.dirt.eater1,Why am I watching this in 2021,UgyhgJ1D4SoPN47Ojxh4AaABAg,,0,https://www.youtube.com/watch?v=lT3vGaOLWqE&lc=UgyhgJ1D4SoPN47Ojxh4AaABAg,9/28/2021 23:33,0,Why am I watching this in 2021,http://www.youtube.com/@That.dirt.eater1
2289,@averagecodplayer6469,8:15 where do you expect it to fall? *A guy on the opposite side of the World?*,UgxjnJlLg4_s1GG8eKd4AaABAg,,4,https://www.youtube.com/watch?v=lT3vGaOLWqE&lc=UgxjnJlLg4_s1GG8eKd4AaABAg,9/28/2021 23:21,0,8:15 where do you expect it to fall? *A guy on the opposite side of the World?*,http://www.youtube.com/@averagecodplayer6469
2290,@pritampaul2330,Why dont you use safety ?¶∫?¶∫ gears?§£?§£?§£?§£?§£?§£,UgxCaXCy0LAFvum4qTB4AaABAg,,0,https://www.youtube.com/watch?v=lT3vGaOLWqE&lc=UgxCaXCy0LAFvum4qTB4AaABAg,9/28/2021 22:29,0,Why dont you use safety ?¶∫?¶∫ gears?§£?§£?§£?§£?§£?§£,http://www.youtube.com/@pritampaul2330
2291,@BalaMurugan-hk2gd,So close to die,UgxTv-GQaxDiRtvpru54AaABAg,,0,https://www.youtube.com/watch?v=lT3vGaOLWqE&lc=UgxTv-GQaxDiRtvpru54AaABAg,9/28/2021 4:53,0,So close to die,http://www.youtube.com/@BalaMurugan-hk2gd
2292,@Enigmatic632,8:00,Ugy5kLbSO3yomTS4yLV4AaABAg,,0,https://www.youtube.com/watch?v=lT3vGaOLWqE&lc=Ugy5kLbSO3yomTS4yLV4AaABAg,9/28/2021 1:45,0,8:00,http://www.youtube.com/@Enigmatic632
2293,@romansamak6927,8:00 OH MY GOD IM DYING,UgwSqDP-vhvvfQQhAyx4AaABAg,,0,https://www.youtube.com/watch?v=lT3vGaOLWqE&lc=UgwSqDP-vhvvfQQhAyx4AaABAg,9/27/2021 21:00,0,8:00 OH MY GOD IM DYING,http://www.youtube.com/@romansamak6927
2294,@mandovibrazrocha2295,"Long life to you, Engineers Peace, Baba-o-Riley, 1971!!!",UgxzAnMPVMv0B3Lg8ix4AaABAg,,0,https://www.youtube.com/watch?v=lT3vGaOLWqE&lc=UgxzAnMPVMv0B3Lg8ix4AaABAg,9/27/2021 18:58,0,"Long life to you, Engineers Peace, Baba-o-Riley, 1971!!!",http://www.youtube.com/@mandovibrazrocha2295
2295,@19822andy,Yeah he nearly died. His hands were shaking.,UgwTIcRBQXB00XDqeQZ4AaABAg,,0,https://www.youtube.com/watch?v=lT3vGaOLWqE&lc=UgwTIcRBQXB00XDqeQZ4AaABAg,9/27/2021 11:44,0,Yeah he nearly died. His hands were shaking.,http://www.youtube.com/@19822andy
2296,@henrygaming2083,Your Videos Are Awesome ??ç .,UgwKzmbnF_omcZYGnw54AaABAg,,1,https://www.youtube.com/watch?v=lT3vGaOLWqE&lc=UgwKzmbnF_omcZYGnw54AaABAg,9/27/2021 8:12,0,Your Videos Are Awesome ??ç .,http://www.youtube.com/@henrygaming2083
2297,@noahflores7421,XD,UgwdbqtB_f9S2PsVWWx4AaABAg,,0,https://www.youtube.com/watch?v=lT3vGaOLWqE&lc=UgwdbqtB_f9S2PsVWWx4AaABAg,9/27/2021 3:38,0,XD,http://www.youtube.com/@noahflores7421
2298,@markaerjdw3091,Aluha alcbar,UgyMh1x0osLfBoyKQ3Z4AaABAg,,0,https://www.youtube.com/watch?v=lT3vGaOLWqE&lc=UgyMh1x0osLfBoyKQ3Z4AaABAg,9/27/2021 2:27,0,Aluha alcbar,http://www.youtube.com/@markaerjdw3091
2299,@davinr8754,OSHA does not approve of this video,UgxdwPXZR-khI5_ppTt4AaABAg,,0,https://www.youtube.com/watch?v=lT3vGaOLWqE&lc=UgxdwPXZR-khI5_ppTt4AaABAg,9/27/2021 0:04,0,OSHA does not approve of this video,http://www.youtube.com/@davinr8754
2300,@bobnishimura9649,What I saw at the end is that this dude doesn‚??t learn don‚??t touch electrical stuff while it on,Ugy9u6n6YqJl4MUbqxV4AaABAg,,0,https://www.youtube.com/watch?v=lT3vGaOLWqE&lc=Ugy9u6n6YqJl4MUbqxV4AaABAg,9/26/2021 6:12,0,What I saw at the end is that this dude doesn‚??t learn don‚??t touch electrical stuff while it on,http://www.youtube.com/@bobnishimura9649
2301,@JoeGoldberg_0,8:00 OMG LOL,UgxD4H8e4gCMmkJp5lh4AaABAg,,0,https://www.youtube.com/watch?v=lT3vGaOLWqE&lc=UgxD4H8e4gCMmkJp5lh4AaABAg,9/26/2021 3:52,0,8:00 OMG LOL,http://www.youtube.com/@JoeGoldberg_0
2302,@shhwanz9250,I need a lozdot,UgxPKwh_msiB2Wtbta54AaABAg,,0,https://www.youtube.com/watch?v=lT3vGaOLWqE&lc=UgxPKwh_msiB2Wtbta54AaABAg,9/25/2021 22:54,0,I need a lozdot,http://www.youtube.com/@shhwanz9250
2303,@Maninawig,"I just noticed that, at the end, you sang ""I dream a dream"", a song from the English musical based on the French book Les Mis√©rables. As you sang it in Persian (according to Google), that was a good celebration of the three stages you achieved: French being the starting, English being the silver milestone, and Persian being the gold you are celebrating.",Ugwb0O2V18e197ueuUl4AaABAg,,82,https://www.youtube.com/watch?v=lT3vGaOLWqE&lc=Ugwb0O2V18e197ueuUl4AaABAg,9/25/2021 19:16,9,"I just noticed that, at the end, you sang ""I dream a dream"", a song from the English musical based on the French book Les Mis√©rables. As you sang it in Persian (according to Google), that was a good celebration of the three stages you achieved: French being the starting, English being the silver milestone, and Persian being the gold you are celebrating.",http://www.youtube.com/@Maninawig
2304,@redion8575,It‚??s gibberish,Ugwb0O2V18e197ueuUl4AaABAg.9SjJz4tq0zH9WWdju62uzU,@Maninawig,6,https://www.youtube.com/watch?v=lT3vGaOLWqE&lc=Ugwb0O2V18e197ueuUl4AaABAg.9SjJz4tq0zH9WWdju62uzU,12/28/2021 20:54,0,It‚??s gibberish,http://www.youtube.com/@redion8575
2305,@thesepy7541,He is singing in gibberish not Persian,Ugwb0O2V18e197ueuUl4AaABAg.9SjJz4tq0zH9_deRIVIAET,@Maninawig,2,https://www.youtube.com/watch?v=lT3vGaOLWqE&lc=Ugwb0O2V18e197ueuUl4AaABAg.9SjJz4tq0zH9_deRIVIAET,4/10/2022 10:39,0,He is singing in gibberish not Persian,http://www.youtube.com/@thesepy7541
2306,@Maninawig,"I get he says it\'s gibberish, but Google disagrees.",Ugwb0O2V18e197ueuUl4AaABAg.9SjJz4tq0zH9_dfPEUdl64,@Maninawig,2,https://www.youtube.com/watch?v=lT3vGaOLWqE&lc=Ugwb0O2V18e197ueuUl4AaABAg.9SjJz4tq0zH9_dfPEUdl64,4/10/2022 10:48,0,"I get he says it\'s gibberish, but Google disagrees.",http://www.youtube.com/@Maninawig
2307,@farboddavoodi8464,"As a native Persian, I should say that he is not singing in Persian.",Ugwb0O2V18e197ueuUl4AaABAg.9SjJz4tq0zH9aUymI9gjiU,@Maninawig,5,https://www.youtube.com/watch?v=lT3vGaOLWqE&lc=Ugwb0O2V18e197ueuUl4AaABAg.9SjJz4tq0zH9aUymI9gjiU,5/1/2022 12:56,0,"As a native Persian, I should say that he is not singing in Persian.",http://www.youtube.com/@farboddavoodi8464
2308,@Maninawig,@@farboddavoodi8464 Google lies then,Ugwb0O2V18e197ueuUl4AaABAg.9SjJz4tq0zH9aVE94A68Oe,@Maninawig,1,https://www.youtube.com/watch?v=lT3vGaOLWqE&lc=Ugwb0O2V18e197ueuUl4AaABAg.9SjJz4tq0zH9aVE94A68Oe,5/1/2022 15:19,0,@@farboddavoodi8464 Google lies then,http://www.youtube.com/@Maninawig
2309,@DrippyCreep,sadge,UgwnVOAG_7_klkkQHLt4AaABAg,,0,https://www.youtube.com/watch?v=lT3vGaOLWqE&lc=UgwnVOAG_7_klkkQHLt4AaABAg,9/25/2021 16:53,0,sadge,http://www.youtube.com/@DrippyCreep
2310,@Histepford,1:40 i laughed at this part,UgyKTq4XZlPuqIldWl14AaABAg,,1,https://www.youtube.com/watch?v=lT3vGaOLWqE&lc=UgyKTq4XZlPuqIldWl14AaABAg,9/25/2021 12:41,0,1:40 i laughed at this part,http://www.youtube.com/@Histepford
2311,@sokchang8042,??????,Ugy4RHtFoj4HPnkDM8x4AaABAg,,0,https://www.youtube.com/watch?v=lT3vGaOLWqE&lc=Ugy4RHtFoj4HPnkDM8x4AaABAg,9/25/2021 11:30,0,??????,http://www.youtube.com/@sokchang8042
2312,@snehajanp3853,"When he say puny , so hilarious",Ugwomt_Pyr2xjECF_ll4AaABAg,,0,https://www.youtube.com/watch?v=lT3vGaOLWqE&lc=Ugwomt_Pyr2xjECF_ll4AaABAg,9/25/2021 4:37,0,"When he say puny , so hilarious",http://www.youtube.com/@snehajanp3853
2313,@gamer-cl8fp,Well done!,UgyRKY_U5y4aIReVDH94AaABAg,,0,https://www.youtube.com/watch?v=lT3vGaOLWqE&lc=UgyRKY_U5y4aIReVDH94AaABAg,9/25/2021 0:46,0,Well done!,http://www.youtube.com/@gamer-cl8fp
2314,@chabmangaming9007,how the hell did this guy not set his house on fire,UgxAcAsEUBeIOj86Ug94AaABAg,,0,https://www.youtube.com/watch?v=lT3vGaOLWqE&lc=UgxAcAsEUBeIOj86Ug94AaABAg,9/24/2021 22:54,0,how the hell did this guy not set his house on fire,http://www.youtube.com/@chabmangaming9007
2315,@mastermoo5047,I find this very entertaining :),UgzHD64Nsuc0eASc9r94AaABAg,,1,https://www.youtube.com/watch?v=lT3vGaOLWqE&lc=UgzHD64Nsuc0eASc9r94AaABAg,9/24/2021 21:53,0,I find this very entertaining :),http://www.youtube.com/@mastermoo5047
2316,@lokd7480,"This man is the best at choking himself up. Dont understand any sh.., but Im gratefuk we get such great content creators as u. You are the best",Ugw5XpUGvrO4BlnOJ-h4AaABAg,,0,https://www.youtube.com/watch?v=lT3vGaOLWqE&lc=Ugw5XpUGvrO4BlnOJ-h4AaABAg,9/24/2021 19:29,0,"This man is the best at choking himself up. Dont understand any sh.., but Im gratefuk we get such great content creators as u. You are the best",http://www.youtube.com/@lokd7480
2317,@plaguedoc7363,he is the irl mumbo jumbo,UgwjhmiYLV3gRMhrrwB4AaABAg,,0,https://www.youtube.com/watch?v=lT3vGaOLWqE&lc=UgwjhmiYLV3gRMhrrwB4AaABAg,9/24/2021 15:03,0,he is the irl mumbo jumbo,http://www.youtube.com/@plaguedoc7363
2318,@chill_bill5598,we almose saw you die,UgwSG70r-rjT6aI7r6x4AaABAg,,0,https://www.youtube.com/watch?v=lT3vGaOLWqE&lc=UgwSG70r-rjT6aI7r6x4AaABAg,9/24/2021 13:52,0,we almose saw you die,http://www.youtube.com/@chill_bill5598
2319,@bigfungas8113,are you ok? like you got burned?,UgyE5wgO1Jn4h_rVo1t4AaABAg,,1,https://www.youtube.com/watch?v=lT3vGaOLWqE&lc=UgyE5wgO1Jn4h_rVo1t4AaABAg,9/24/2021 7:17,0,are you ok? like you got burned?,http://www.youtube.com/@bigfungas8113
2320,@adamgorec7119,8:07 that reminds me a scene from Der Untergang when hitler was taking his glasses of with his hands shaking,UgzAc3i-vXdXyrCIlmV4AaABAg,,0,https://www.youtube.com/watch?v=lT3vGaOLWqE&lc=UgzAc3i-vXdXyrCIlmV4AaABAg,9/24/2021 5:13,0,8:07 that reminds me a scene from Der Untergang when hitler was taking his glasses of with his hands shaking,http://www.youtube.com/@adamgorec7119
2321,@kongkeamengkorngkorng9960,You explore your finger,UgzhkpuV5AD4mIEC0rZ4AaABAg,,0,https://www.youtube.com/watch?v=lT3vGaOLWqE&lc=UgzhkpuV5AD4mIEC0rZ4AaABAg,9/23/2021 19:49,0,You explore your finger,http://www.youtube.com/@kongkeamengkorngkorng9960
2322,@kongkeamengkorngkorng9960,Just play a motor don\'t blow up,UgxxxlQQqnwdW64yb5J4AaABAg,,0,https://www.youtube.com/watch?v=lT3vGaOLWqE&lc=UgxxxlQQqnwdW64yb5J4AaABAg,9/23/2021 19:43,0,Just play a motor don\'t blow up,http://www.youtube.com/@kongkeamengkorngkorng9960
2323,@derichensel401,6:50 rip my right ear,Ugy4c8b-yh9YOOL2gZl4AaABAg,,0,https://www.youtube.com/watch?v=lT3vGaOLWqE&lc=Ugy4c8b-yh9YOOL2gZl4AaABAg,9/23/2021 17:09,0,6:50 rip my right ear,http://www.youtube.com/@derichensel401
2324,@grimlockmod,Wow amazing,Ugx99R2zlra6nGBByCh4AaABAg,,0,https://www.youtube.com/watch?v=lT3vGaOLWqE&lc=Ugx99R2zlra6nGBByCh4AaABAg,9/23/2021 14:32,0,Wow amazing,http://www.youtube.com/@grimlockmod
2325,@nafimalabedinneon5886,So good viry viry good,UgyC07GmJNf8nTz-WqB4AaABAg,,0,https://www.youtube.com/watch?v=lT3vGaOLWqE&lc=UgyC07GmJNf8nTz-WqB4AaABAg,9/23/2021 10:23,0,So good viry viry good,http://www.youtube.com/@nafimalabedinneon5886
2326,@driedcheese2581,i feel like the jokes in this video counts as 3 hours straight of watching memes,UgzhYrv8iSWWpOjeehd4AaABAg,,0,https://www.youtube.com/watch?v=lT3vGaOLWqE&lc=UgzhYrv8iSWWpOjeehd4AaABAg,9/23/2021 7:39,0,i feel like the jokes in this video counts as 3 hours straight of watching memes,http://www.youtube.com/@driedcheese2581
2327,@nikkofrancisjayramirez6073,I kinda feel bad for him,UgxtLtCUxQbcCT4O7JB4AaABAg,,0,https://www.youtube.com/watch?v=lT3vGaOLWqE&lc=UgxtLtCUxQbcCT4O7JB4AaABAg,9/23/2021 4:04,0,I kinda feel bad for him,http://www.youtube.com/@nikkofrancisjayramirez6073
2328,@udinluddin5177,Im electroman ?????????,UgyqLz-6aNgh9VgggeR4AaABAg,,0,https://www.youtube.com/watch?v=lT3vGaOLWqE&lc=UgyqLz-6aNgh9VgggeR4AaABAg,9/23/2021 2:47,0,Im electroman ?????????,http://www.youtube.com/@udinluddin5177
2329,@rarelycomments,Allah needs Mehdi alive,UgzVSE3EcKvxQYXhIvh4AaABAg,,0,https://www.youtube.com/watch?v=lT3vGaOLWqE&lc=UgzVSE3EcKvxQYXhIvh4AaABAg,9/22/2021 17:21,0,Allah needs Mehdi alive,http://www.youtube.com/@rarelycomments
2330,@films7169,7:55?§£,UgzTEmpwGjRqzyD994V4AaABAg,,0,https://www.youtube.com/watch?v=lT3vGaOLWqE&lc=UgzTEmpwGjRqzyD994V4AaABAg,9/22/2021 13:46,0,7:55?§£,http://www.youtube.com/@films7169
2331,@torresisaque,Esse cara √© o Letrajota gringo s√≥ pode.,UgyiSIoC5sOJfIpHqhR4AaABAg,,0,https://www.youtube.com/watch?v=lT3vGaOLWqE&lc=UgyiSIoC5sOJfIpHqhR4AaABAg,9/22/2021 12:37,0,Esse cara √© o Letrajota gringo s√≥ pode.,http://www.youtube.com/@torresisaque
2332,@Godsneko-ev8de,I use to watch your videos in highschool and I still watch them congrats and keep up the great work and be safe,UgywMchflSV42UTkE0l4AaABAg,,1,https://www.youtube.com/watch?v=lT3vGaOLWqE&lc=UgywMchflSV42UTkE0l4AaABAg,9/22/2021 12:22,0,I use to watch your videos in highschool and I still watch them congrats and keep up the great work and be safe,http://www.youtube.com/@Godsneko-ev8de
2333,@gregwhale7782,My name is Jacob I feel honored,Ugyj5O7c1CRwR-pHUCJ4AaABAg,,0,https://www.youtube.com/watch?v=lT3vGaOLWqE&lc=Ugyj5O7c1CRwR-pHUCJ4AaABAg,9/22/2021 1:34,0,My name is Jacob I feel honored,http://www.youtube.com/@gregwhale7782
2334,@ianharris9260,‚??You are banned to do this at home‚?ù you can‚??t stop me ???,UgzeZIpxmIoiozZwSLx4AaABAg,,0,https://www.youtube.com/watch?v=lT3vGaOLWqE&lc=UgzeZIpxmIoiozZwSLx4AaABAg,9/21/2021 20:49,0,‚??You are banned to do this at home‚?ù you can‚??t stop me ???,http://www.youtube.com/@ianharris9260
2335,@temeshah7739,I feel sad for you??¢?•∫??≠??£,UgxYihcr6P5S097nlyR4AaABAg,,0,https://www.youtube.com/watch?v=lT3vGaOLWqE&lc=UgxYihcr6P5S097nlyR4AaABAg,9/21/2021 16:53,0,I feel sad for you??¢?•∫??≠??£,http://www.youtube.com/@temeshah7739
2336,@xman6670,ÿ®ÿßÿ®ÿß ÿ®ÿ±Ÿ?€? ?§£?§£?§£?§£,UgySMPVJ8womwgqpanp4AaABAg,,0,https://www.youtube.com/watch?v=lT3vGaOLWqE&lc=UgySMPVJ8womwgqpanp4AaABAg,9/21/2021 14:46,0,ÿ®ÿßÿ®ÿß ÿ®ÿ±Ÿ?€? ?§£?§£?§£?§£,http://www.youtube.com/@xman6670
2337,@snehashisbera8316,And you survived till to 4M and still going up,UgxMiNl-CY-9hGR6zs14AaABAg,,0,https://www.youtube.com/watch?v=lT3vGaOLWqE&lc=UgxMiNl-CY-9hGR6zs14AaABAg,9/21/2021 7:57,0,And you survived till to 4M and still going up,http://www.youtube.com/@snehashisbera8316
2338,@wuvs2spooge,RIP LiveLeak,UgzloINTd1xfPvsZx-F4AaABAg,,1,https://www.youtube.com/watch?v=lT3vGaOLWqE&lc=UgzloINTd1xfPvsZx-F4AaABAg,9/21/2021 4:52,0,RIP LiveLeak,http://www.youtube.com/@wuvs2spooge
2339,@AzureHomeEssentials,this guy is hilarious,Ugy9cW3CyWRrxS9ZxD94AaABAg,,0,https://www.youtube.com/watch?v=lT3vGaOLWqE&lc=Ugy9cW3CyWRrxS9ZxD94AaABAg,9/21/2021 4:24,0,this guy is hilarious,http://www.youtube.com/@AzureHomeEssentials
2340,@darthwrath4236,This is my new favorite channel. That gibberish song bit is genius. The rest is just stupid. Quality entertainment.,UgxDdMNQ6cJkA5qAZv14AaABAg,,0,https://www.youtube.com/watch?v=lT3vGaOLWqE&lc=UgxDdMNQ6cJkA5qAZv14AaABAg,9/21/2021 0:59,0,This is my new favorite channel. That gibberish song bit is genius. The rest is just stupid. Quality entertainment.,http://www.youtube.com/@darthwrath4236
2341,@billdberger7407,And a good tenor,UgwowWm55iPZhjku1UF4AaABAg,,0,https://www.youtube.com/watch?v=lT3vGaOLWqE&lc=UgwowWm55iPZhjku1UF4AaABAg,9/20/2021 21:14,0,And a good tenor,http://www.youtube.com/@billdberger7407
2342,@Charlotte_r7,Ÿ?ÿßŸ?ÿπÿß ÿØŸ?ÿ™ ⁄Øÿ±Ÿ? ŸÅ⁄© Ÿ?Ÿ?€?⁄©ÿ±ÿØŸ? €?Ÿ? ÿß€?ÿ±ÿßŸ?€? ÿ®Ÿ? ÿß€?Ÿ? ÿØÿ±ÿ¨Ÿ? ÿ®ÿ±ÿ≥Ÿ?,Ugwbq9WxUujLrOTrwS94AaABAg,,0,https://www.youtube.com/watch?v=lT3vGaOLWqE&lc=Ugwbq9WxUujLrOTrwS94AaABAg,9/20/2021 17:26,0,Ÿ?ÿßŸ?ÿπÿß ÿØŸ?ÿ™ ⁄Øÿ±Ÿ? ŸÅ⁄© Ÿ?Ÿ?€?⁄©ÿ±ÿØŸ? €?Ÿ? ÿß€?ÿ±ÿßŸ?€? ÿ®Ÿ? ÿß€?Ÿ? ÿØÿ±ÿ¨Ÿ? ÿ®ÿ±ÿ≥Ÿ?,http://www.youtube.com/@Charlotte_r7
2343,@ultimatumparagon,i use a neon sign transformer and have no issues,UgwKwCwkY8-21TCR4Ap4AaABAg,,0,https://www.youtube.com/watch?v=lT3vGaOLWqE&lc=UgwKwCwkY8-21TCR4Ap4AaABAg,9/20/2021 17:18,0,i use a neon sign transformer and have no issues,http://www.youtube.com/@ultimatumparagon
2344,@masonmccormack6518,"""F*CKING BREAKER"" ??†",UgyTC12sGWWt7HfSVsR4AaABAg,,0,https://www.youtube.com/watch?v=lT3vGaOLWqE&lc=UgyTC12sGWWt7HfSVsR4AaABAg,9/20/2021 3:21,0,"""F*CKING BREAKER"" ??†",http://www.youtube.com/@masonmccormack6518
2345,@Tilleire,This man is basically all the stuff I want to do without a conscience to hold him back,Ugyo3X8M1xQ0Rh8hGDF4AaABAg,,90,https://www.youtube.com/watch?v=lT3vGaOLWqE&lc=Ugyo3X8M1xQ0Rh8hGDF4AaABAg,9/19/2021 23:57,0,This man is basically all the stuff I want to do without a conscience to hold him back,http://www.youtube.com/@Tilleire
2346,@christianmogjj_botboomcool207,:),Ugwd1NmwUn2DuUKBcAF4AaABAg,,0,https://www.youtube.com/watch?v=lT3vGaOLWqE&lc=Ugwd1NmwUn2DuUKBcAF4AaABAg,9/19/2021 16:19,0,:),http://www.youtube.com/@christianmogjj_botboomcool207
2347,@techtriggr,How did u know giberish,UgwItDE8eLg6fe58gYd4AaABAg,,1,https://www.youtube.com/watch?v=lT3vGaOLWqE&lc=UgwItDE8eLg6fe58gYd4AaABAg,9/19/2021 4:39,0,How did u know giberish,http://www.youtube.com/@techtriggr
2348,@jevs8188,how are your hands so not bruised :o,UgxezrN4FpjhrSLAvLh4AaABAg,,0,https://www.youtube.com/watch?v=lT3vGaOLWqE&lc=UgxezrN4FpjhrSLAvLh4AaABAg,9/18/2021 15:37,1,how are your hands so not bruised :o,http://www.youtube.com/@jevs8188
2349,@haroonsiddiquestudio2812,He told that he got some three degree burns!,UgxezrN4FpjhrSLAvLh4AaABAg.9SRuN8290jx9SUFQIB0Rpp,@jevs8188,0,https://www.youtube.com/watch?v=lT3vGaOLWqE&lc=UgxezrN4FpjhrSLAvLh4AaABAg.9SRuN8290jx9SUFQIB0Rpp,9/19/2021 13:28,0,He told that he got some three degree burns!,http://www.youtube.com/@haroonsiddiquestudio2812
2350,@ryantino5017,Suami ragil,UgyAvpSAqt-yWl3pqFJ4AaABAg,,0,https://www.youtube.com/watch?v=lT3vGaOLWqE&lc=UgyAvpSAqt-yWl3pqFJ4AaABAg,9/18/2021 12:50,0,Suami ragil,http://www.youtube.com/@ryantino5017
2351,@boazenconnor6580,I need it,UgwgiYibi538DjbAyiN4AaABAg,,0,https://www.youtube.com/watch?v=lT3vGaOLWqE&lc=UgwgiYibi538DjbAyiN4AaABAg,9/18/2021 11:20,0,I need it,http://www.youtube.com/@boazenconnor6580
2352,@ezgaming8286,This is electric humor,Ugz06g32WExp0i30vvp4AaABAg,,0,https://www.youtube.com/watch?v=lT3vGaOLWqE&lc=Ugz06g32WExp0i30vvp4AaABAg,9/18/2021 10:38,0,This is electric humor,http://www.youtube.com/@ezgaming8286
2353,@ayushmehta_,You are great‚ù§Ô∏è,UgwS0Lsqg1sEcns4D8l4AaABAg,,0,https://www.youtube.com/watch?v=lT3vGaOLWqE&lc=UgwS0Lsqg1sEcns4D8l4AaABAg,9/18/2021 5:34,0,You are great‚ù§Ô∏è,http://www.youtube.com/@ayushmehta_
2354,@ezrieiman2001,anyone else heard the knock at 7:07 ?,UgzWFqAbtJW4lsq9Mip4AaABAg,,7,https://www.youtube.com/watch?v=lT3vGaOLWqE&lc=UgzWFqAbtJW4lsq9Mip4AaABAg,9/18/2021 4:58,0,anyone else heard the knock at 7:07 ?,http://www.youtube.com/@ezrieiman2001
2355,@DK-sg3oe,Hi could someone explain the difference between this and spark gap,UgzeA6u4IRB7k4ndUiV4AaABAg,,0,https://www.youtube.com/watch?v=lT3vGaOLWqE&lc=UgzeA6u4IRB7k4ndUiV4AaABAg,9/18/2021 1:07,0,Hi could someone explain the difference between this and spark gap,http://www.youtube.com/@DK-sg3oe
2356,@stevecytfme,"Dude, you are completely irresponsible! You\'re gonna get somebody killed! Will it bother you? Will you regret not being more safe and making sure others always keep safety in mind? Do your thing man, have fun, teach...but teach safety foremost!",UgwnqVPeS_i4mULe9c54AaABAg,,0,https://www.youtube.com/watch?v=lT3vGaOLWqE&lc=UgwnqVPeS_i4mULe9c54AaABAg,9/17/2021 21:05,0,"Dude, you are completely irresponsible! You\'re gonna get somebody killed! Will it bother you? Will you regret not being more safe and making sure others always keep safety in mind? Do your thing man, have fun, teach...but teach safety foremost!",http://www.youtube.com/@stevecytfme
2357,@user-ky4ne3wo9t,Capasitors burn ful volt damage,Ugxtoo9Q9g3-g_nCUl94AaABAg,,0,https://www.youtube.com/watch?v=lT3vGaOLWqE&lc=Ugxtoo9Q9g3-g_nCUl94AaABAg,9/17/2021 13:28,0,Capasitors burn ful volt damage,http://www.youtube.com/@user-ky4ne3wo9t
2358,@user-ky4ne3wo9t,I am from greece first videos you are best,UgwNYVMRd7F2voCtJkx4AaABAg,,0,https://www.youtube.com/watch?v=lT3vGaOLWqE&lc=UgwNYVMRd7F2voCtJkx4AaABAg,9/17/2021 13:26,0,I am from greece first videos you are best,http://www.youtube.com/@user-ky4ne3wo9t
2359,@rondo9910,"This man doesn\'t fear electricity, he fear\'s electricity bills",UgzAui6WFUhKCO6lZlx4AaABAg,,0,https://www.youtube.com/watch?v=lT3vGaOLWqE&lc=UgzAui6WFUhKCO6lZlx4AaABAg,9/17/2021 9:25,0,"This man doesn\'t fear electricity, he fear\'s electricity bills",http://www.youtube.com/@rondo9910
2360,@captainchaos4265,peep les miserables in the back,UgwQYEWpskAE-GUnTax4AaABAg,,0,https://www.youtube.com/watch?v=lT3vGaOLWqE&lc=UgwQYEWpskAE-GUnTax4AaABAg,9/16/2021 13:13,0,peep les miserables in the back,http://www.youtube.com/@captainchaos4265
2361,@miketyson3446,2:08 nice one,UgzFzND76TUN3TP8YrZ4AaABAg,,40,https://www.youtube.com/watch?v=lT3vGaOLWqE&lc=UgzFzND76TUN3TP8YrZ4AaABAg,9/16/2021 6:45,1,2:08 nice one,http://www.youtube.com/@miketyson3446
2362,@bepisdrinker,O ma gad its the tike myson,UgzFzND76TUN3TP8YrZ4AaABAg.9SLnvVPHQzUA2SiwK_OZq6,@miketyson3446,0,https://www.youtube.com/watch?v=lT3vGaOLWqE&lc=UgzFzND76TUN3TP8YrZ4AaABAg.9SLnvVPHQzUA2SiwK_OZq6,4/20/2024 11:10,0,O ma gad its the tike myson,http://www.youtube.com/@bepisdrinker
2363,@Sehrriii,Hey I really need a 3D printer I am sooo happy for you as you hit 4M subs and stay smiling,UgwKNux3_sZ3c9dWM6B4AaABAg,,0,https://www.youtube.com/watch?v=lT3vGaOLWqE&lc=UgwKNux3_sZ3c9dWM6B4AaABAg,9/16/2021 2:22,0,Hey I really need a 3D printer I am sooo happy for you as you hit 4M subs and stay smiling,http://www.youtube.com/@Sehrriii
2364,@egogogogoegarobloxchannel5700,‚??Worst candle ever‚?ù I think it‚??s the best,UgyiqlNT7Nq5J29MjaR4AaABAg,,0,https://www.youtube.com/watch?v=lT3vGaOLWqE&lc=UgyiqlNT7Nq5J29MjaR4AaABAg,9/15/2021 18:34,0,‚??Worst candle ever‚?ù I think it‚??s the best,http://www.youtube.com/@egogogogoegarobloxchannel5700
2365,@GALACTICSAVANT1o1,This man really must have totem of undying no way he survived so kany times P.s. love ya be safe with them lol,UgxkR9wFQ54gFUbpo-F4AaABAg,,0,https://www.youtube.com/watch?v=lT3vGaOLWqE&lc=UgxkR9wFQ54gFUbpo-F4AaABAg,9/15/2021 13:02,0,This man really must have totem of undying no way he survived so kany times P.s. love ya be safe with them lol,http://www.youtube.com/@GALACTICSAVANT1o1
2366,@GaameingTV,This guy is doomed-,Ugzv7NmETk0ASqaaDsB4AaABAg,,0,https://www.youtube.com/watch?v=lT3vGaOLWqE&lc=Ugzv7NmETk0ASqaaDsB4AaABAg,9/15/2021 10:56,0,This guy is doomed-,http://www.youtube.com/@GaameingTV
2367,@AdamIthink,Remove boom from his name and you will know his secret.......,Ugy905FQww3nAND4LaJ4AaABAg,,1,https://www.youtube.com/watch?v=lT3vGaOLWqE&lc=Ugy905FQww3nAND4LaJ4AaABAg,9/15/2021 6:39,0,Remove boom from his name and you will know his secret.......,http://www.youtube.com/@AdamIthink
2368,@cjhacker8367,Where can I download this track,UgzbROUlK4QQ3cwuO4N4AaABAg,,0,https://www.youtube.com/watch?v=lT3vGaOLWqE&lc=UgzbROUlK4QQ3cwuO4N4AaABAg,9/15/2021 1:15,0,Where can I download this track,http://www.youtube.com/@cjhacker8367
2369,@h2otoaster486,4 years later he‚??s at 4 million,UgyOTkAHEFv3uYrYZPt4AaABAg,,0,https://www.youtube.com/watch?v=lT3vGaOLWqE&lc=UgyOTkAHEFv3uYrYZPt4AaABAg,9/14/2021 18:53,0,4 years later he‚??s at 4 million,http://www.youtube.com/@h2otoaster486
2370,@tanmoysaha6035,Rip,UgzdASC8rIreepBX8TF4AaABAg,,0,https://www.youtube.com/watch?v=lT3vGaOLWqE&lc=UgzdASC8rIreepBX8TF4AaABAg,9/14/2021 8:07,0,Rip,http://www.youtube.com/@tanmoysaha6035
2371,@destructor8706,Immortality served ??????,UgwgAAI_q58ZGxmXsgJ4AaABAg,,0,https://www.youtube.com/watch?v=lT3vGaOLWqE&lc=UgwgAAI_q58ZGxmXsgJ4AaABAg,9/14/2021 6:34,0,Immortality served ??????,http://www.youtube.com/@destructor8706
2372,@ckv1027,As soon as i saw those big sparklers i already predicted they will fall on him ??????,UgyBYWpBcAe8Aap8h7t4AaABAg,,0,https://www.youtube.com/watch?v=lT3vGaOLWqE&lc=UgyBYWpBcAe8Aap8h7t4AaABAg,9/14/2021 4:52,0,As soon as i saw those big sparklers i already predicted they will fall on him ??????,http://www.youtube.com/@ckv1027
2373,@Rick_Cavallaro,I want to be ElectroBoom if I grow up!,UgzdMrA41GUR_WWJ2iZ4AaABAg,,0,https://www.youtube.com/watch?v=lT3vGaOLWqE&lc=UgzdMrA41GUR_WWJ2iZ4AaABAg,9/14/2021 3:55,0,I want to be ElectroBoom if I grow up!,http://www.youtube.com/@Rick_Cavallaro
2374,@elijahhaga32,I have no clue at this point if he\'s just messing with us or he actually thinks lighting it on fire is a good idea,Ugzj3Gem3iXmPlVFRq54AaABAg,,0,https://www.youtube.com/watch?v=lT3vGaOLWqE&lc=Ugzj3Gem3iXmPlVFRq54AaABAg,9/13/2021 21:10,0,I have no clue at this point if he\'s just messing with us or he actually thinks lighting it on fire is a good idea,http://www.youtube.com/@elijahhaga32
2375,@khairulanwarmahmud3108,menambah pengetahuan... salam dari indonesia like you vidio??ç??ç??ç,Ugxu-UT90XxhgO-xRDJ4AaABAg,,0,https://www.youtube.com/watch?v=lT3vGaOLWqE&lc=Ugxu-UT90XxhgO-xRDJ4AaABAg,9/13/2021 10:15,0,menambah pengetahuan... salam dari indonesia like you vidio??ç??ç??ç,http://www.youtube.com/@khairulanwarmahmud3108
2376,@infiltrationirom4073,Lalalabuzcoz ibrow printers,Ugz0OyqtpcbUOd7J7Cp4AaABAg,,0,https://www.youtube.com/watch?v=lT3vGaOLWqE&lc=Ugz0OyqtpcbUOd7J7Cp4AaABAg,9/13/2021 10:13,0,Lalalabuzcoz ibrow printers,http://www.youtube.com/@infiltrationirom4073
2377,@infiltrationirom4073,Please i want a 3d printer. ..,UgwPiyXxVxTvC_LsO7N4AaABAg,,0,https://www.youtube.com/watch?v=lT3vGaOLWqE&lc=UgwPiyXxVxTvC_LsO7N4AaABAg,9/13/2021 10:03,0,Please i want a 3d printer. ..,http://www.youtube.com/@infiltrationirom4073
2378,@adithyanvalloor8047,I wonder how much would be his electric bill?? ???,UgxCSnO5BGd9XshdMdZ4AaABAg,,2,https://www.youtube.com/watch?v=lT3vGaOLWqE&lc=UgxCSnO5BGd9XshdMdZ4AaABAg,9/12/2021 6:27,1,I wonder how much would be his electric bill?? ???,http://www.youtube.com/@adithyanvalloor8047
2379,@nitr8,True dat ?????ç,UgxCSnO5BGd9XshdMdZ4AaABAg.9SBT_c5shnS9SC5kmcAvjY,@adithyanvalloor8047,1,https://www.youtube.com/watch?v=lT3vGaOLWqE&lc=UgxCSnO5BGd9XshdMdZ4AaABAg.9SBT_c5shnS9SC5kmcAvjY,9/12/2021 12:18,0,True dat ?????ç,http://www.youtube.com/@nitr8
2380,@manishtaak1059,Ohhh my god ??≤??≤??±??±,Ugyq4zgKuUiE9q9ZLVt4AaABAg,,0,https://www.youtube.com/watch?v=lT3vGaOLWqE&lc=Ugyq4zgKuUiE9q9ZLVt4AaABAg,9/11/2021 20:16,0,Ohhh my god ??≤??≤??±??±,http://www.youtube.com/@manishtaak1059
2381,@mysteriumxarxes3990,Safety glasses and anti eletricity gloves pls,Ugw8jB1313amDl0JOPd4AaABAg,,0,https://www.youtube.com/watch?v=lT3vGaOLWqE&lc=Ugw8jB1313amDl0JOPd4AaABAg,9/11/2021 19:51,0,Safety glasses and anti eletricity gloves pls,http://www.youtube.com/@mysteriumxarxes3990
2382,@ugwls,8:01 OP,UgzNC-fAxokuXfNLCI94AaABAg,,0,https://www.youtube.com/watch?v=lT3vGaOLWqE&lc=UgzNC-fAxokuXfNLCI94AaABAg,9/11/2021 16:29,0,8:01 OP,http://www.youtube.com/@ugwls
2383,@rainstorn,This man is a legend I laugh a lot with his videos this man he is a genius. Some people think he get electrocuted himself because is stupid but he just do it for you to laugh. He knows exactly what he\'s doing.,UgwDo1kdWzWNcf1ZuZR4AaABAg,,2,https://www.youtube.com/watch?v=lT3vGaOLWqE&lc=UgwDo1kdWzWNcf1ZuZR4AaABAg,9/11/2021 16:27,0,This man is a legend I laugh a lot with his videos this man he is a genius. Some people think he get electrocuted himself because is stupid but he just do it for you to laugh. He knows exactly what he\'s doing.,http://www.youtube.com/@rainstorn
2384,@AhDa2005,Oh my god boom ?????????,UgzjOWm5AcmYZSt5uIp4AaABAg,,0,https://www.youtube.com/watch?v=lT3vGaOLWqE&lc=UgzjOWm5AcmYZSt5uIp4AaABAg,9/11/2021 10:05,0,Oh my god boom ?????????,http://www.youtube.com/@AhDa2005
2385,@USS568,123,UgyDv2FpPRFrx3L7BP14AaABAg,,0,https://www.youtube.com/watch?v=lT3vGaOLWqE&lc=UgyDv2FpPRFrx3L7BP14AaABAg,9/11/2021 3:36,0,123,http://www.youtube.com/@USS568
2386,@retronarts7775,basically he is shoking himself repeatedly hahahaha,UgyNCQ0762BvoQDeA514AaABAg,,0,https://www.youtube.com/watch?v=lT3vGaOLWqE&lc=UgyNCQ0762BvoQDeA514AaABAg,9/11/2021 2:01,0,basically he is shoking himself repeatedly hahahaha,http://www.youtube.com/@retronarts7775
2387,@henkyoong8293,saying neighbor lol neighbor is a painful one cuz he keep doing the electric and it get blow up,UgzTkVm1cnZx8XzwRkR4AaABAg,,0,https://www.youtube.com/watch?v=lT3vGaOLWqE&lc=UgzTkVm1cnZx8XzwRkR4AaABAg,9/10/2021 21:52,1,saying neighbor lol neighbor is a painful one cuz he keep doing the electric and it get blow up,http://www.youtube.com/@henkyoong8293
2388,@henkyoong8293,and he keep scream and keep saying bad word,UgzTkVm1cnZx8XzwRkR4AaABAg.9S7ytMxDkE_9S7zUIaHY6c,@henkyoong8293,0,https://www.youtube.com/watch?v=lT3vGaOLWqE&lc=UgzTkVm1cnZx8XzwRkR4AaABAg.9S7ytMxDkE_9S7zUIaHY6c,9/10/2021 21:57,0,and he keep scream and keep saying bad word,http://www.youtube.com/@henkyoong8293
2389,@stopsign6268,Nice party horn,UgxjU69JG0UdwIcAwnt4AaABAg,,0,https://www.youtube.com/watch?v=lT3vGaOLWqE&lc=UgxjU69JG0UdwIcAwnt4AaABAg,9/10/2021 20:02,0,Nice party horn,http://www.youtube.com/@stopsign6268
2390,@bobandmrmecaleb5873,This man is immortal.,Ugxp43xbBc51Ku7fPoZ4AaABAg,,0,https://www.youtube.com/watch?v=lT3vGaOLWqE&lc=Ugxp43xbBc51Ku7fPoZ4AaABAg,9/10/2021 16:20,0,This man is immortal.,http://www.youtube.com/@bobandmrmecaleb5873
2391,@azuke5499,*"fking breaker"*,UgzeFHKStaYlflQEWtJ4AaABAg,,0,https://www.youtube.com/watch?v=lT3vGaOLWqE&lc=UgzeFHKStaYlflQEWtJ4AaABAg,9/10/2021 2:36,0,*"fking breaker"*,http://www.youtube.com/@azuke5499
2392,@Infinite_0,3:22 look at the captions,Ugy42_cfXwxqVUmuiWR4AaABAg,,0,https://www.youtube.com/watch?v=lT3vGaOLWqE&lc=Ugy42_cfXwxqVUmuiWR4AaABAg,9/10/2021 0:52,0,3:22 look at the captions,http://www.youtube.com/@Infinite_0
2393,@aurorabordon7058,are you the"this man"?,UgxtwkulABQ8BmNdhrx4AaABAg,,0,https://www.youtube.com/watch?v=lT3vGaOLWqE&lc=UgxtwkulABQ8BmNdhrx4AaABAg,9/8/2021 9:00,0,are you the"this man"?,http://www.youtube.com/@aurorabordon7058
2394,@yugielerios4596,ahahahahahhahahahahahahahahahhahahahahahahahahahahahahahahahahahahhahahahahahahahahahahahahahahahaha,UgyeAvdT4mLmw53Gcy94AaABAg,,0,https://www.youtube.com/watch?v=lT3vGaOLWqE&lc=UgyeAvdT4mLmw53Gcy94AaABAg,9/8/2021 0:07,0,ahahahahahhahahahahahahahahahhahahahahahahahahahahahahahahahahahahhahahahahahahahahahahahahahahahaha,http://www.youtube.com/@yugielerios4596
2395,@YuhBoiJes,I like the intro?????????????????ç,UgyPpakyv5WxAE-O7Cx4AaABAg,,0,https://www.youtube.com/watch?v=lT3vGaOLWqE&lc=UgyPpakyv5WxAE-O7Cx4AaABAg,9/7/2021 11:44,0,I like the intro?????????????????ç,http://www.youtube.com/@YuhBoiJes
2396,@arildnicholaspanganiban6271,Soon he will be electro man\',UgwtcFG657L5mnplHxR4AaABAg,,0,https://www.youtube.com/watch?v=lT3vGaOLWqE&lc=UgwtcFG657L5mnplHxR4AaABAg,9/7/2021 1:34,0,Soon he will be electro man\',http://www.youtube.com/@arildnicholaspanganiban6271
2397,@bobydeck7366,"By seeing many of your video, what I learn is I have to becarefull near electricity things.",UgwUfL6gC1c7z1Ew_2B4AaABAg,,0,https://www.youtube.com/watch?v=lT3vGaOLWqE&lc=UgwUfL6gC1c7z1Ew_2B4AaABAg,9/7/2021 1:00,0,"By seeing many of your video, what I learn is I have to becarefull near electricity things.",http://www.youtube.com/@bobydeck7366
2398,@cquakes3967,im dying,UgwJbsHl6Fpu2c3foah4AaABAg,,0,https://www.youtube.com/watch?v=lT3vGaOLWqE&lc=UgwJbsHl6Fpu2c3foah4AaABAg,9/6/2021 7:19,0,im dying,http://www.youtube.com/@cquakes3967
2399,@l.o.gfauzan1877,"It scares me everytime I rewatch this video, seeing him legitimately trembling after getting shocked is a scary sight. He knew he could have been dead right there",UgzXQuEpt3yf861EKyN4AaABAg,,3395,https://www.youtube.com/watch?v=lT3vGaOLWqE&lc=UgzXQuEpt3yf861EKyN4AaABAg,9/6/2021 6:07,31,"It scares me everytime I rewatch this video, seeing him legitimately trembling after getting shocked is a scary sight. He knew he could have been dead right there",http://www.youtube.com/@l.o.gfauzan1877
2400,@marioghioneto1275,"Yep, this was the only (or one of the very few) unscripted accident that put him in danger. They are usually scripted and when they aren‚??t it‚??s just simple things like capacitor with inverted polarity etc It‚??s probably the only time where the channel could‚??ve ended‚?¶",UgzXQuEpt3yf861EKyN4AaABAg.9Rwz_n15VBk9SbrzJ3tuE1,@l.o.gfauzan1877,746,https://www.youtube.com/watch?v=lT3vGaOLWqE&lc=UgzXQuEpt3yf861EKyN4AaABAg.9Rwz_n15VBk9SbrzJ3tuE1,9/22/2021 21:48,0,"Yep, this was the only (or one of the very few) unscripted accident that put him in danger. They are usually scripted and when they aren‚??t it‚??s just simple things like capacitor with inverted polarity etc It‚??s probably the only time where the channel could‚??ve ended‚?¶",http://www.youtube.com/@marioghioneto1275
2401,@DK-sg3oe,@@marioghioneto1275 what happens if u connect a cap with inverted or change pos to neg i am not fm electrical field but u shd it blow up doesnt both plates the made of same material with dielectric inside or as insulator,UgzXQuEpt3yf861EKyN4AaABAg.9Rwz_n15VBk9TCRha7v1s8,@l.o.gfauzan1877,15,https://www.youtube.com/watch?v=lT3vGaOLWqE&lc=UgzXQuEpt3yf861EKyN4AaABAg.9Rwz_n15VBk9TCRha7v1s8,10/7/2021 12:01,0,@@marioghioneto1275 what happens if u connect a cap with inverted or change pos to neg i am not fm electrical field but u shd it blow up doesnt both plates the made of same material with dielectric inside or as insulator,http://www.youtube.com/@DK-sg3oe
2402,@bskull3232,"@@DK-sg3oe With a parallel plate capacitor, you can apply any polarity to it. With an electrolytic capacitor, no. Those capacitors are called electrolytic for a reason. Not because they electrolysis during normal operation (that would be a battery), but because electrolysis was used to manufacture them. You see, for a parallel plate capacitor, the thinner the dielectric, the more capacitance you get, so you want a thin dielectric. However, thin dielectrics have troubles adhering to conductor surfaces, so engineers came up with an idea, to grow the dielectric right on the conductor. In a typical aluminum electrolytic capacitor, the dielectric is a thin layer of aluminum oxide grown on top of a piece of aluminum foil. When the capacitor was first manufactured, the foil was rolled up and soaked in the electrolyte and at this moment there are no dielectric yet. Then, they gradually apply voltage on the terminals, which oxides the anode, forming a thin film on it. This process is called forming since forms the dielectric. The higher the forming voltage is, the thicker the dielectric is, thus the less the capacitance but the higher the rated voltage are. When you apply a reverse voltage too fast, the supposed anode becomes the cathode, and electrons flows towards it, thus reducing it back to aluminum. While in the same process the supposed cathode picks up an oxide layer, because the process is too fast, the oxide layer has too much defects making it not insulating. Now you have a capacitor with no dielectric, so you are essentially boiling water in it with resistive heating. A bang is thus inevitable.",UgzXQuEpt3yf861EKyN4AaABAg.9Rwz_n15VBk9UHpLa9Pf67,@l.o.gfauzan1877,107,https://www.youtube.com/watch?v=lT3vGaOLWqE&lc=UgzXQuEpt3yf861EKyN4AaABAg.9Rwz_n15VBk9UHpLa9Pf67,11/3/2021 10:44,0,"@@DK-sg3oe With a parallel plate capacitor, you can apply any polarity to it. With an electrolytic capacitor, no. Those capacitors are called electrolytic for a reason. Not because they electrolysis during normal operation (that would be a battery), but because electrolysis was used to manufacture them. You see, for a parallel plate capacitor, the thinner the dielectric, the more capacitance you get, so you want a thin dielectric. However, thin dielectrics have troubles adhering to conductor surfaces, so engineers came up with an idea, to grow the dielectric right on the conductor. In a typical aluminum electrolytic capacitor, the dielectric is a thin layer of aluminum oxide grown on top of a piece of aluminum foil. When the capacitor was first manufactured, the foil was rolled up and soaked in the electrolyte and at this moment there are no dielectric yet. Then, they gradually apply voltage on the terminals, which oxides the anode, forming a thin film on it. This process is called forming since forms the dielectric. The higher the forming voltage is, the thicker the dielectric is, thus the less the capacitance but the higher the rated voltage are. When you apply a reverse voltage too fast, the supposed anode becomes the cathode, and electrons flows towards it, thus reducing it back to aluminum. While in the same process the supposed cathode picks up an oxide layer, because the process is too fast, the oxide layer has too much defects making it not insulating. Now you have a capacitor with no dielectric, so you are essentially boiling water in it with resistive heating. A bang is thus inevitable.",http://www.youtube.com/@bskull3232
2403,@butWhyDad,@@marioghioneto1275 I don\'t believe it. Probably it was low voltage / current DC for views.,UgzXQuEpt3yf861EKyN4AaABAg.9Rwz_n15VBk9Ud-0mQr4GP,@l.o.gfauzan1877,3,https://www.youtube.com/watch?v=lT3vGaOLWqE&lc=UgzXQuEpt3yf861EKyN4AaABAg.9Rwz_n15VBk9Ud-0mQr4GP,11/12/2021 0:20,0,@@marioghioneto1275 I don\'t believe it. Probably it was low voltage / current DC for views.,http://www.youtube.com/@butWhyDad
2404,@DenilsonSa,"@@butWhyDad If you don\'t believe, watch his interview: https://youtu.be/utuvmyuavbY",UgzXQuEpt3yf861EKyN4AaABAg.9Rwz_n15VBk9V183ysGsLE,@l.o.gfauzan1877,24,https://www.youtube.com/watch?v=lT3vGaOLWqE&lc=UgzXQuEpt3yf861EKyN4AaABAg.9Rwz_n15VBk9V183ysGsLE,11/21/2021 18:40,0,"@@butWhyDad If you don\'t believe, watch his interview: https://youtu.be/utuvmyuavbY",http://www.youtube.com/@DenilsonSa
2405,@prakashdave7468,He is brother of thomas alwa adtion,UgwXu1eeW4pbfvrjl9x4AaABAg,,0,https://www.youtube.com/watch?v=lT3vGaOLWqE&lc=UgwXu1eeW4pbfvrjl9x4AaABAg,9/6/2021 0:40,0,He is brother of thomas alwa adtion,http://www.youtube.com/@prakashdave7468
2406,@The20030,I‚??ve learnt many thing from you and managed to become more big brain then my class thank you for sharing your knowledge,UgxVLagy-hCKXaHpok14AaABAg,,1,https://www.youtube.com/watch?v=lT3vGaOLWqE&lc=UgxVLagy-hCKXaHpok14AaABAg,9/6/2021 0:31,0,I‚??ve learnt many thing from you and managed to become more big brain then my class thank you for sharing your knowledge,http://www.youtube.com/@The20030
2407,@The20030,5:30 his talking blew the fire out,UgzFRrG4XkEqZBn4DGx4AaABAg,,1,https://www.youtube.com/watch?v=lT3vGaOLWqE&lc=UgzFRrG4XkEqZBn4DGx4AaABAg,9/6/2021 0:29,0,5:30 his talking blew the fire out,http://www.youtube.com/@The20030
2408,@domain3973,https://youtu.be/pqeNk3zLlHs I made a Robot,UgyL1YcDcPDgET8y9xp4AaABAg,,0,https://www.youtube.com/watch?v=lT3vGaOLWqE&lc=UgyL1YcDcPDgET8y9xp4AaABAg,9/5/2021 23:13,0,https://youtu.be/pqeNk3zLlHs I made a Robot,http://www.youtube.com/@domain3973
2409,@sonicecho4777,Electroboom: exists Electroboom: Imma bout to end this man\'s life,UgwAKhKn7I6_pRFv5hR4AaABAg,,0,https://www.youtube.com/watch?v=lT3vGaOLWqE&lc=UgwAKhKn7I6_pRFv5hR4AaABAg,9/5/2021 20:48,0,Electroboom: exists Electroboom: Imma bout to end this man\'s life,http://www.youtube.com/@sonicecho4777
2410,@passakornmarid4002,Comandy 8:00 - 8:03,UgzwzUFDFGMUVClLo1h4AaABAg,,1,https://www.youtube.com/watch?v=lT3vGaOLWqE&lc=UgzwzUFDFGMUVClLo1h4AaABAg,9/5/2021 20:39,0,Comandy 8:00 - 8:03,http://www.youtube.com/@passakornmarid4002
2411,@generalingwer4341,Watching this makes me think i hope this nut has a foot switch on that transformer main lol.,Ugw_IxT1AZofVcTAJa94AaABAg,,0,https://www.youtube.com/watch?v=lT3vGaOLWqE&lc=Ugw_IxT1AZofVcTAJa94AaABAg,9/5/2021 20:23,0,Watching this makes me think i hope this nut has a foot switch on that transformer main lol.,http://www.youtube.com/@generalingwer4341
2412,@wetlettuce69420,I googled Jacobs ladder‚?¶ I regret scrolling tooo far,UgzrGyIhOd04Uayroml4AaABAg,,0,https://www.youtube.com/watch?v=lT3vGaOLWqE&lc=UgzrGyIhOd04Uayroml4AaABAg,9/5/2021 19:44,0,I googled Jacobs ladder‚?¶ I regret scrolling tooo far,http://www.youtube.com/@wetlettuce69420
2413,@jrmc530,I feel like he gets pleasure off getting shocked ???,UgxEauJD-rq4UWSEVI14AaABAg,,1,https://www.youtube.com/watch?v=lT3vGaOLWqE&lc=UgxEauJD-rq4UWSEVI14AaABAg,9/5/2021 4:16,0,I feel like he gets pleasure off getting shocked ???,http://www.youtube.com/@jrmc530
2414,@joshloessb,Doesn\'t saying that a container which confines the direction of escape is required imply that the container indeed must be applying a some directional net force on the chain to keep it going in that specific direction?,UgzmIe4f8ireQ4wRQDh4AaABAg,,0,https://www.youtube.com/watch?v=lT3vGaOLWqE&lc=UgzmIe4f8ireQ4wRQDh4AaABAg,9/5/2021 4:04,0,Doesn\'t saying that a container which confines the direction of escape is required imply that the container indeed must be applying a some directional net force on the chain to keep it going in that specific direction?,http://www.youtube.com/@joshloessb
2415,@dumaneduard,Who needs cgi :)),Ugzv3ztly-73RJhntjd4AaABAg,,0,https://www.youtube.com/watch?v=lT3vGaOLWqE&lc=Ugzv3ztly-73RJhntjd4AaABAg,9/4/2021 17:18,0,Who needs cgi :)),http://www.youtube.com/@dumaneduard
2416,@johnnywalker6808,"Jacob saw the ladder, he didn\'t use the ladder lol",UgwTPORtPfnWEQxDM3R4AaABAg,,0,https://www.youtube.com/watch?v=lT3vGaOLWqE&lc=UgwTPORtPfnWEQxDM3R4AaABAg,9/3/2021 15:38,0,"Jacob saw the ladder, he didn\'t use the ladder lol",http://www.youtube.com/@johnnywalker6808
2417,@universalvideos7076,be careful man.,UgxRLTy7GapGumYcCg94AaABAg,,0,https://www.youtube.com/watch?v=lT3vGaOLWqE&lc=UgxRLTy7GapGumYcCg94AaABAg,9/3/2021 11:16,0,be careful man.,http://www.youtube.com/@universalvideos7076
2418,@airchreece6799,"Exactly, DON\'T you EVER try this at Home... Mehdy knows EXACTLY what he does... ...although it seems not like that...",Ugz0Iv3r4_310L4bpYp4AaABAg,,0,https://www.youtube.com/watch?v=lT3vGaOLWqE&lc=Ugz0Iv3r4_310L4bpYp4AaABAg,9/3/2021 10:26,0,"Exactly, DON\'T you EVER try this at Home... Mehdy knows EXACTLY what he does... ...although it seems not like that...",http://www.youtube.com/@airchreece6799
2419,@GlideorDieSwimbaits,this guy is styropyros more careless arab cousin,UgyW8k5icRm_frMGJBp4AaABAg,,0,https://www.youtube.com/watch?v=lT3vGaOLWqE&lc=UgyW8k5icRm_frMGJBp4AaABAg,9/1/2021 17:17,0,this guy is styropyros more careless arab cousin,http://www.youtube.com/@GlideorDieSwimbaits
2420,@haydenrios6137,I am dying while I\'m laughing,Ugw3hX44opUZpBV8vHN4AaABAg,,0,https://www.youtube.com/watch?v=lT3vGaOLWqE&lc=Ugw3hX44opUZpBV8vHN4AaABAg,9/1/2021 16:05,0,I am dying while I\'m laughing,http://www.youtube.com/@haydenrios6137
2421,@hatemhatem6571,ÿ¥Ÿ?Ÿ?Ÿ? Ÿ?ÿµÿ±Ÿ?,UgxlCI8ICqUWWVRXgbh4AaABAg,,0,https://www.youtube.com/watch?v=lT3vGaOLWqE&lc=UgxlCI8ICqUWWVRXgbh4AaABAg,9/1/2021 14:42,0,ÿ¥Ÿ?Ÿ?Ÿ? Ÿ?ÿµÿ±Ÿ?,http://www.youtube.com/@hatemhatem6571
2422,@Aquillyne,RIP ElectroBoom. (In advance.),UgyFkurWJ3k0IEEivhh4AaABAg,,0,https://www.youtube.com/watch?v=lT3vGaOLWqE&lc=UgyFkurWJ3k0IEEivhh4AaABAg,9/1/2021 12:23,0,RIP ElectroBoom. (In advance.),http://www.youtube.com/@Aquillyne
2423,@MadIsTaken,00:06 that was a failure ~~~---~~~---~~~---~~~--- 01:06 Disclaimer 01:06 ~~~---~~~---~~~---~~~--- 01:14 FACTS ~~~---~~~---~~~---~~~--- 01:44 he did not follow his own rules ~~~---~~~---~~~---~~~--- 03:16 Lame it literally melted ?§¶‚?ç‚??Ô∏è ~~~---~~~---~~~---~~~--- 05:23 Bruh ?§¶‚?ç‚??Ô∏è ~~~---~~~---~~~---~~~--- 07:51 True ~~~---~~~---~~~---~~~---,UgzobgZOc2qNtRTeIn14AaABAg,,1,https://www.youtube.com/watch?v=lT3vGaOLWqE&lc=UgzobgZOc2qNtRTeIn14AaABAg,9/1/2021 6:51,0,00:06 that was a failure ~~~---~~~---~~~---~~~--- 01:06 Disclaimer 01:06 ~~~---~~~---~~~---~~~--- 01:14 FACTS ~~~---~~~---~~~---~~~--- 01:44 he did not follow his own rules ~~~---~~~---~~~---~~~--- 03:16 Lame it literally melted ?§¶‚?ç‚??Ô∏è ~~~---~~~---~~~---~~~--- 05:23 Bruh ?§¶‚?ç‚??Ô∏è ~~~---~~~---~~~---~~~--- 07:51 True ~~~---~~~---~~~---~~~---,http://www.youtube.com/@MadIsTaken
2424,@HONDA_HONDA_HONDA_09,Man I hope you‚??re hands are ok,Ugywi7FYYPDD8dvOHvR4AaABAg,,0,https://www.youtube.com/watch?v=lT3vGaOLWqE&lc=Ugywi7FYYPDD8dvOHvR4AaABAg,8/30/2021 21:26,0,Man I hope you‚??re hands are ok,http://www.youtube.com/@HONDA_HONDA_HONDA_09
2425,@HONDA_HONDA_HONDA_09,Simple‚?¶,UgxRJrq8sKdzqYv7vv94AaABAg,,0,https://www.youtube.com/watch?v=lT3vGaOLWqE&lc=UgxRJrq8sKdzqYv7vv94AaABAg,8/30/2021 21:22,0,Simple‚?¶,http://www.youtube.com/@HONDA_HONDA_HONDA_09
2426,@karimbahiraii2413,Ÿ?Ÿ?ÿ¨Ÿ? Ÿ?Ÿ?ÿ¨Ÿ?,UgwvrX7HX7h7gS-UdkZ4AaABAg,,0,https://www.youtube.com/watch?v=lT3vGaOLWqE&lc=UgwvrX7HX7h7gS-UdkZ4AaABAg,8/30/2021 20:16,0,Ÿ?Ÿ?ÿ¨Ÿ? Ÿ?Ÿ?ÿ¨Ÿ?,http://www.youtube.com/@karimbahiraii2413
2427,@sphr4967,ÿ¢Ÿ?ÿß ÿ™Ÿ? ÿß€?ÿ±ÿßŸ?€? Ÿ?ÿ≥ÿ™€? ÿØÿ±ÿ≥ÿ™Ÿ?ÿ?,UgycmMVbVHiu3O63KgJ4AaABAg,,0,https://www.youtube.com/watch?v=lT3vGaOLWqE&lc=UgycmMVbVHiu3O63KgJ4AaABAg,8/30/2021 18:12,0,ÿ¢Ÿ?ÿß ÿ™Ÿ? ÿß€?ÿ±ÿßŸ?€? Ÿ?ÿ≥ÿ™€? ÿØÿ±ÿ≥ÿ™Ÿ?ÿ?,http://www.youtube.com/@sphr4967
2428,@iamsuper0,‚??why do bad thing happen to good people!?‚?ù **continues to survive high voltage shocks**,Ugz2XNbTN8_XR68Ca3x4AaABAg,,8632,https://www.youtube.com/watch?v=lT3vGaOLWqE&lc=Ugz2XNbTN8_XR68Ca3x4AaABAg,8/30/2021 12:30,29,‚??why do bad thing happen to good people!?‚?ù **continues to survive high voltage shocks**,http://www.youtube.com/@iamsuper0
2429,@mayocult2025,"To be fair, a better thing was to not have it fall on him anyways",Ugz2XNbTN8_XR68Ca3x4AaABAg.9Rfdp0PSYoP9UrY6F2M8CM,@iamsuper0,132,https://www.youtube.com/watch?v=lT3vGaOLWqE&lc=Ugz2XNbTN8_XR68Ca3x4AaABAg.9Rfdp0PSYoP9UrY6F2M8CM,11/17/2021 15:56,0,"To be fair, a better thing was to not have it fall on him anyways",http://www.youtube.com/@mayocult2025
2430,@georgeplagianos6487,That God our friend here survived all these electrical accidents.. it was said that Nikolai Tesla as a teenager survived when being struck by lightning . Many think that might have rewired his brain cerebrally making him a genius. I wonder what struck Einstein to make him a genius? That Einstein got some wild hair might have stuck it in a lamp socket. So think that all this AC power and contraptions invented with this power we could thank Nikolai. Is our very smart and lovable friend on this channel is trying to achieve the same thing as Nikolai doing his near death experiences for all to watch on YouTube please be careful out there,Ugz2XNbTN8_XR68Ca3x4AaABAg.9Rfdp0PSYoP9X2cl2B6LuT,@iamsuper0,53,https://www.youtube.com/watch?v=lT3vGaOLWqE&lc=Ugz2XNbTN8_XR68Ca3x4AaABAg.9Rfdp0PSYoP9X2cl2B6LuT,1/11/2022 1:39,0,That God our friend here survived all these electrical accidents.. it was said that Nikolai Tesla as a teenager survived when being struck by lightning . Many think that might have rewired his brain cerebrally making him a genius. I wonder what struck Einstein to make him a genius? That Einstein got some wild hair might have stuck it in a lamp socket. So think that all this AC power and contraptions invented with this power we could thank Nikolai. Is our very smart and lovable friend on this channel is trying to achieve the same thing as Nikolai doing his near death experiences for all to watch on YouTube please be careful out there,http://www.youtube.com/@georgeplagianos6487
2431,@Hamstray,"obviously, he is not a good person",Ugz2XNbTN8_XR68Ca3x4AaABAg.9Rfdp0PSYoP9YN6jR1Qxk8,@iamsuper0,8,https://www.youtube.com/watch?v=lT3vGaOLWqE&lc=Ugz2XNbTN8_XR68Ca3x4AaABAg.9Rfdp0PSYoP9YN6jR1Qxk8,2/12/2022 21:06,0,"obviously, he is not a good person",http://www.youtube.com/@Hamstray
2432,@ChannelRefEry,@hamstray shut up. You just are a 5 year old. *Noob*,Ugz2XNbTN8_XR68Ca3x4AaABAg.9Rfdp0PSYoP9YW-r06GKjv,@iamsuper0,2,https://www.youtube.com/watch?v=lT3vGaOLWqE&lc=Ugz2XNbTN8_XR68Ca3x4AaABAg.9Rfdp0PSYoP9YW-r06GKjv,2/16/2022 7:59,0,@hamstray shut up. You just are a 5 year old. *Noob*,http://www.youtube.com/@ChannelRefEry
2433,@Core533,@@Hamstray Stop being toxic,Ugz2XNbTN8_XR68Ca3x4AaABAg.9Rfdp0PSYoP9YbBCov-Rz0,@iamsuper0,42,https://www.youtube.com/watch?v=lT3vGaOLWqE&lc=Ugz2XNbTN8_XR68Ca3x4AaABAg.9Rfdp0PSYoP9YbBCov-Rz0,2/18/2022 17:34,0,@@Hamstray Stop being toxic,http://www.youtube.com/@Core533
2434,@rinx853,8:00 i probably gonna hold it too if that\'s happen to me XD,UgyY1I_rDL1RteCqjvV4AaABAg,,0,https://www.youtube.com/watch?v=lT3vGaOLWqE&lc=UgyY1I_rDL1RteCqjvV4AaABAg,8/30/2021 10:56,0,8:00 i probably gonna hold it too if that\'s happen to me XD,http://www.youtube.com/@rinx853
2435,@----ct2jh,-your channel sucks- *no* ¬ß Your contents make me laugh btw you have been damaged ¬ß,UgweaF56XhKMcrZvwNN4AaABAg,,0,https://www.youtube.com/watch?v=lT3vGaOLWqE&lc=UgweaF56XhKMcrZvwNN4AaABAg,8/29/2021 23:23,0,-your channel sucks- *no* ¬ß Your contents make me laugh btw you have been damaged ¬ß,http://www.youtube.com/@----ct2jh
2436,@----ct2jh,*dont remember what you said*- -neighbour renovating- ¬ß LOL ¬ß,Ugx238qirZoH1C1iuXN4AaABAg,,0,https://www.youtube.com/watch?v=lT3vGaOLWqE&lc=Ugx238qirZoH1C1iuXN4AaABAg,8/29/2021 23:20,0,*dont remember what you said*- -neighbour renovating- ¬ß LOL ¬ß,http://www.youtube.com/@----ct2jh
2437,@thecoldlemonade3532,you need to start gambling with that much luck,UgyxnRK05e4xzJ4NSUd4AaABAg,,0,https://www.youtube.com/watch?v=lT3vGaOLWqE&lc=UgyxnRK05e4xzJ4NSUd4AaABAg,8/29/2021 20:38,0,you need to start gambling with that much luck,http://www.youtube.com/@thecoldlemonade3532
2438,@sabaevans2ndchannel225,Sheer luck he says 200 videos later...,UgwzmXz1mW0uDyPUAUZ4AaABAg,,0,https://www.youtube.com/watch?v=lT3vGaOLWqE&lc=UgwzmXz1mW0uDyPUAUZ4AaABAg,8/29/2021 14:34,0,Sheer luck he says 200 videos later...,http://www.youtube.com/@sabaevans2ndchannel225
2439,@leglockcontrol,Thank YOU to bring a smile into my face :\'),UgzfQjKRrZLjg4qEVzx4AaABAg,,1,https://www.youtube.com/watch?v=lT3vGaOLWqE&lc=UgzfQjKRrZLjg4qEVzx4AaABAg,8/28/2021 12:27,0,Thank YOU to bring a smile into my face :\'),http://www.youtube.com/@leglockcontrol
2440,@Dogs2071,I need one,UgzNPSRUMmIUPt32Pdh4AaABAg,,0,https://www.youtube.com/watch?v=lT3vGaOLWqE&lc=UgzNPSRUMmIUPt32Pdh4AaABAg,8/28/2021 7:33,0,I need one,http://www.youtube.com/@Dogs2071
2441,@aronjaderosario8320,8:00 oh my spark ???????????????????????????????????????,UgxoxH0cCqdzx0Re0jR4AaABAg,,0,https://www.youtube.com/watch?v=lT3vGaOLWqE&lc=UgxoxH0cCqdzx0Re0jR4AaABAg,8/28/2021 4:23,0,8:00 oh my spark ???????????????????????????????????????,http://www.youtube.com/@aronjaderosario8320
2442,@sanket5595,6:40 Indians diwali,Ugxq3Xf9Bd06cEYKLEt4AaABAg,,23,https://www.youtube.com/watch?v=lT3vGaOLWqE&lc=Ugxq3Xf9Bd06cEYKLEt4AaABAg,8/28/2021 3:09,1,6:40 Indians diwali,http://www.youtube.com/@sanket5595
2443,@american.psycho,Ha bhai pata h,Ugxq3Xf9Bd06cEYKLEt4AaABAg.9R_V-y39fOr9bVHwx70snR,@sanket5595,0,https://www.youtube.com/watch?v=lT3vGaOLWqE&lc=Ugxq3Xf9Bd06cEYKLEt4AaABAg.9R_V-y39fOr9bVHwx70snR,5/26/2022 12:24,0,Ha bhai pata h,http://www.youtube.com/@american.psycho
2444,@tryhardr2658,It‚??s not an ElectroBOOM video without any near-death experiences,UgwzI8Ww3gUJbpvHE8F4AaABAg,,0,https://www.youtube.com/watch?v=lT3vGaOLWqE&lc=UgwzI8Ww3gUJbpvHE8F4AaABAg,8/27/2021 23:37,0,It‚??s not an ElectroBOOM video without any near-death experiences,http://www.youtube.com/@tryhardr2658
2445,@stormbringer5540,4:55 so cool,Ugz2bs2Anw7BKFLZ81F4AaABAg,,0,https://www.youtube.com/watch?v=lT3vGaOLWqE&lc=Ugz2bs2Anw7BKFLZ81F4AaABAg,8/26/2021 23:54,0,4:55 so cool,http://www.youtube.com/@stormbringer5540
2446,@notTerabyte,this incident nearly killed him,UgzdzsAJwwax26PinH94AaABAg,,1,https://www.youtube.com/watch?v=lT3vGaOLWqE&lc=UgzdzsAJwwax26PinH94AaABAg,8/26/2021 14:06,0,this incident nearly killed him,http://www.youtube.com/@notTerabyte
2447,@rbc41822,7:44 don\'t do that that sparkler is to heavy so the voltage is heavy to heavy to get bigger heavy so thats why the voltage go higher ok. and i know that is not impossible to made big jocobs ladder but that did you in 3d pinter is not heavier so i think thats the reason that he fall down. but just know it the voltage in sparkler is heavy and heavier ok.,UgzhrZhZlAafLhzW3114AaABAg,,0,https://www.youtube.com/watch?v=lT3vGaOLWqE&lc=UgzhrZhZlAafLhzW3114AaABAg,8/26/2021 11:51,1,7:44 don\'t do that that sparkler is to heavy so the voltage is heavy to heavy to get bigger heavy so thats why the voltage go higher ok. and i know that is not impossible to made big jocobs ladder but that did you in 3d pinter is not heavier so i think thats the reason that he fall down. but just know it the voltage in sparkler is heavy and heavier ok.,http://www.youtube.com/@rbc41822
2448,@Asksksksk,what in the fuck did i just read,UgzhrZhZlAafLhzW3114AaABAg.9RWHEaeVZ099RlAZRH53Ph,@rbc41822,0,https://www.youtube.com/watch?v=lT3vGaOLWqE&lc=UgzhrZhZlAafLhzW3114AaABAg.9RWHEaeVZ099RlAZRH53Ph,9/1/2021 16:01,0,what in the fuck did i just read,http://www.youtube.com/@Asksksksk
2449,@fearless900,The crazy electric guy ever ‚ù§‚ù§,UgxBnaygaS9blPuvvAl4AaABAg,,0,https://www.youtube.com/watch?v=lT3vGaOLWqE&lc=UgxBnaygaS9blPuvvAl4AaABAg,8/26/2021 11:49,0,The crazy electric guy ever ‚ù§‚ù§,http://www.youtube.com/@fearless900
2450,@rbc41822,this is not clickbait i do that to but the transformer is heating up its fcking super hot. but i didn\'t do like did you do the bigger one.,Ugz4-vbGYh_oWB9jwDB4AaABAg,,0,https://www.youtube.com/watch?v=lT3vGaOLWqE&lc=Ugz4-vbGYh_oWB9jwDB4AaABAg,8/26/2021 11:43,0,this is not clickbait i do that to but the transformer is heating up its fcking super hot. but i didn\'t do like did you do the bigger one.,http://www.youtube.com/@rbc41822
2451,@schuran,I once punched the top of a crt monitor. The shock was so good I thought I broke my neck and shit my pants. Went stiff as a broom. Give me a printer since I understand your pain,UgyrXcXqJv9domPsndV4AaABAg,,0,https://www.youtube.com/watch?v=lT3vGaOLWqE&lc=UgyrXcXqJv9domPsndV4AaABAg,8/26/2021 11:29,0,I once punched the top of a crt monitor. The shock was so good I thought I broke my neck and shit my pants. Went stiff as a broom. Give me a printer since I understand your pain,http://www.youtube.com/@schuran
2452,@Babyboy-sb7tx,Puchi shood have just made a jacobs lader Get the giogioreference,Ugze9kJIjRDrRR5CM9V4AaABAg,,0,https://www.youtube.com/watch?v=lT3vGaOLWqE&lc=Ugze9kJIjRDrRR5CM9V4AaABAg,8/25/2021 23:21,0,Puchi shood have just made a jacobs lader Get the giogioreference,http://www.youtube.com/@Babyboy-sb7tx
2453,@hemar1268,Please Come to my house,UgxqFTNa4LZ-ZTmq1N54AaABAg,,0,https://www.youtube.com/watch?v=lT3vGaOLWqE&lc=UgxqFTNa4LZ-ZTmq1N54AaABAg,8/25/2021 6:02,0,Please Come to my house,http://www.youtube.com/@hemar1268
2454,@hemar1268,I want it,Ugw5WT9FcXP-JAOcnyN4AaABAg,,0,https://www.youtube.com/watch?v=lT3vGaOLWqE&lc=Ugw5WT9FcXP-JAOcnyN4AaABAg,8/25/2021 6:02,0,I want it,http://www.youtube.com/@hemar1268
2455,@kirtimishra2787,?????ç,Ugy-D9yc9zWT18nuIXJ4AaABAg,,0,https://www.youtube.com/watch?v=lT3vGaOLWqE&lc=Ugy-D9yc9zWT18nuIXJ4AaABAg,8/25/2021 0:09,0,?????ç,http://www.youtube.com/@kirtimishra2787
2456,@unofficialbloxynews5652,"His eletric bill after 20 vids POV: $1000,9008",UgwXPxKgqiWjK1WFYM94AaABAg,,0,https://www.youtube.com/watch?v=lT3vGaOLWqE&lc=UgwXPxKgqiWjK1WFYM94AaABAg,8/24/2021 19:35,0,"His eletric bill after 20 vids POV: $1000,9008",http://www.youtube.com/@unofficialbloxynews5652
2457,@MTahar-ig3gy,He have a very good voice ??ç,UgzVd4yCeckV9adfuhx4AaABAg,,1,https://www.youtube.com/watch?v=lT3vGaOLWqE&lc=UgzVd4yCeckV9adfuhx4AaABAg,8/24/2021 16:46,0,He have a very good voice ??ç,http://www.youtube.com/@MTahar-ig3gy
2458,@resequents1206,8:00,UgwBtvlRDkVG7Ji5nGp4AaABAg,,0,https://www.youtube.com/watch?v=lT3vGaOLWqE&lc=UgwBtvlRDkVG7Ji5nGp4AaABAg,8/24/2021 12:28,0,8:00,http://www.youtube.com/@resequents1206
2459,@urgeh2936,8:00 he touched it but he\'s still alive,UgzMpnM1x0zjp0b37jR4AaABAg,,2,https://www.youtube.com/watch?v=lT3vGaOLWqE&lc=UgzMpnM1x0zjp0b37jR4AaABAg,8/24/2021 5:32,0,8:00 he touched it but he\'s still alive,http://www.youtube.com/@urgeh2936
2460,@danielkiragu101,Hello I wanted to make a generator using two motors a driver and drive to produce voltage and convert the DC to ac and then step it up is it possible,UgzSmxfQqBcOThoJxU54AaABAg,,0,https://www.youtube.com/watch?v=lT3vGaOLWqE&lc=UgzSmxfQqBcOThoJxU54AaABAg,8/23/2021 12:06,0,Hello I wanted to make a generator using two motors a driver and drive to produce voltage and convert the DC to ac and then step it up is it possible,http://www.youtube.com/@danielkiragu101
2461,@squidward_tenpoles112,"Use safety measure dude think more for your family , they don\'t want to lose their dad/husband",Ugy4BskBy-jQ8rCZK3F4AaABAg,,0,https://www.youtube.com/watch?v=lT3vGaOLWqE&lc=Ugy4BskBy-jQ8rCZK3F4AaABAg,8/23/2021 8:22,0,"Use safety measure dude think more for your family , they don\'t want to lose their dad/husband",http://www.youtube.com/@squidward_tenpoles112
2462,@aleqsandremdivani1787,How many times did u get shocked,Ugy3QYii3hSeZp8aJVd4AaABAg,,1,https://www.youtube.com/watch?v=lT3vGaOLWqE&lc=Ugy3QYii3hSeZp8aJVd4AaABAg,8/23/2021 8:10,0,How many times did u get shocked,http://www.youtube.com/@aleqsandremdivani1787
2463,@rocco3254,When you sit in a hot toilet 8:47,Ugxb5ofxLBuMdQc7SLN4AaABAg,,0,https://www.youtube.com/watch?v=lT3vGaOLWqE&lc=Ugxb5ofxLBuMdQc7SLN4AaABAg,8/23/2021 3:25,0,When you sit in a hot toilet 8:47,http://www.youtube.com/@rocco3254
2464,@adamripplinger6035,3:56 never heard of pickle fart capacitors before sounds fancy,Ugyft0_Ga6Z63UjH_694AaABAg,,11,https://www.youtube.com/watch?v=lT3vGaOLWqE&lc=Ugyft0_Ga6Z63UjH_694AaABAg,8/23/2021 2:35,3,3:56 never heard of pickle fart capacitors before sounds fancy,http://www.youtube.com/@adamripplinger6035
2465,@Owen_loves_Butters,Picofarad,Ugyft0_Ga6Z63UjH_694AaABAg.9RNZCp7V6NS9aGE1Bu7pfE,@adamripplinger6035,0,https://www.youtube.com/watch?v=lT3vGaOLWqE&lc=Ugyft0_Ga6Z63UjH_694AaABAg.9RNZCp7V6NS9aGE1Bu7pfE,4/25/2022 19:29,0,Picofarad,http://www.youtube.com/@Owen_loves_Butters
2466,@adamripplinger6035,@@Owen_loves_Butters I disagree,Ugyft0_Ga6Z63UjH_694AaABAg.9RNZCp7V6NS9aGEqanoLgp,@adamripplinger6035,0,https://www.youtube.com/watch?v=lT3vGaOLWqE&lc=Ugyft0_Ga6Z63UjH_694AaABAg.9RNZCp7V6NS9aGEqanoLgp,4/25/2022 19:37,0,@@Owen_loves_Butters I disagree,http://www.youtube.com/@adamripplinger6035
2467,@norbertasc9126,"He said pico-farad, which is a unit of electric charge",Ugyft0_Ga6Z63UjH_694AaABAg.9RNZCp7V6NS9fHau6QoA4T,@adamripplinger6035,0,https://www.youtube.com/watch?v=lT3vGaOLWqE&lc=Ugyft0_Ga6Z63UjH_694AaABAg.9RNZCp7V6NS9fHau6QoA4T,8/28/2022 14:54,0,"He said pico-farad, which is a unit of electric charge",http://www.youtube.com/@norbertasc9126
2468,@FrazerKirkman,LULZ my BOT...LULZBOT,UgwFZSKAB1i1HvuFxaR4AaABAg,,0,https://www.youtube.com/watch?v=lT3vGaOLWqE&lc=UgwFZSKAB1i1HvuFxaR4AaABAg,8/22/2021 19:33,0,LULZ my BOT...LULZBOT,http://www.youtube.com/@FrazerKirkman
2469,@adamhale6360,this guy cracks me up,UgyKKS03m3TjAwmbZ254AaABAg,,0,https://www.youtube.com/watch?v=lT3vGaOLWqE&lc=UgyKKS03m3TjAwmbZ254AaABAg,8/22/2021 18:06,0,this guy cracks me up,http://www.youtube.com/@adamhale6360
2470,@a_s_mikael,"#ElectroBoom guys, guys, why are you making a fuss about the issue, if you do not know that Mahdi will never die from electricity, but he will become even stronger, because he was created from electricity ... Yes, you guessed it right. he is Frankenstein himself.",UgxbNpXo106zRHoYW7J4AaABAg,,0,https://www.youtube.com/watch?v=lT3vGaOLWqE&lc=UgxbNpXo106zRHoYW7J4AaABAg,8/22/2021 15:35,0,"#ElectroBoom guys, guys, why are you making a fuss about the issue, if you do not know that Mahdi will never die from electricity, but he will become even stronger, because he was created from electricity ... Yes, you guessed it right. he is Frankenstein himself.",http://www.youtube.com/@a_s_mikael
2471,@hiimurfriend948,They really need to put you in the Rick and Morty videos because your good at acting I mean look at your self your cool,Ugxc-YyxlT4o5icVkEJ4AaABAg,,1,https://www.youtube.com/watch?v=lT3vGaOLWqE&lc=Ugxc-YyxlT4o5icVkEJ4AaABAg,8/22/2021 15:00,0,They really need to put you in the Rick and Morty videos because your good at acting I mean look at your self your cool,http://www.youtube.com/@hiimurfriend948
2472,@yootoo9281,I love you man,Ugxu9oj6GKRfK3HG_zV4AaABAg,,0,https://www.youtube.com/watch?v=lT3vGaOLWqE&lc=Ugxu9oj6GKRfK3HG_zV4AaABAg,8/22/2021 12:51,0,I love you man,http://www.youtube.com/@yootoo9281
2473,@andrewthevloggerishere,8:00 also lol,UgxFVPBIafsFba79_L14AaABAg,,1,https://www.youtube.com/watch?v=lT3vGaOLWqE&lc=UgxFVPBIafsFba79_L14AaABAg,8/21/2021 23:29,0,8:00 also lol,http://www.youtube.com/@andrewthevloggerishere
2474,@andrewthevloggerishere,0:06 lol,UgwBzzKjnq8pU-297oF4AaABAg,,0,https://www.youtube.com/watch?v=lT3vGaOLWqE&lc=UgwBzzKjnq8pU-297oF4AaABAg,8/21/2021 23:26,0,0:06 lol,http://www.youtube.com/@andrewthevloggerishere
2475,@onionknight2239,Omg. That was so funny ?§£ you\'re hilarious ???,Ugw8IUKtRE0dkjTNIA54AaABAg,,1,https://www.youtube.com/watch?v=lT3vGaOLWqE&lc=Ugw8IUKtRE0dkjTNIA54AaABAg,8/21/2021 21:50,0,Omg. That was so funny ?§£ you\'re hilarious ???,http://www.youtube.com/@onionknight2239
2476,@bh9420,"Even easier way, just use two MWOT\'s first 1KV out to drive the second input, for a stepped up output, enough to drive a Jacob\'s Ladder, in my case I had 220V transformers, also I use a chicken stick, never use your bare hands, that is death waiting right there!!",UgzEK6zAHEJ3EixW_Zl4AaABAg,,0,https://www.youtube.com/watch?v=lT3vGaOLWqE&lc=UgzEK6zAHEJ3EixW_Zl4AaABAg,8/21/2021 20:25,0,"Even easier way, just use two MWOT\'s first 1KV out to drive the second input, for a stepped up output, enough to drive a Jacob\'s Ladder, in my case I had 220V transformers, also I use a chicken stick, never use your bare hands, that is death waiting right there!!",http://www.youtube.com/@bh9420
2477,@Freemelly203,How do you still have your eyebrows??,UgwNejwFQO2wYb-Ybal4AaABAg,,0,https://www.youtube.com/watch?v=lT3vGaOLWqE&lc=UgwNejwFQO2wYb-Ybal4AaABAg,8/21/2021 15:55,0,How do you still have your eyebrows??,http://www.youtube.com/@Freemelly203
2478,@VhsFrank,8:00,Ugx1Ikq6jAH6wcAMCXF4AaABAg,,1,https://www.youtube.com/watch?v=lT3vGaOLWqE&lc=Ugx1Ikq6jAH6wcAMCXF4AaABAg,8/21/2021 14:22,0,8:00,http://www.youtube.com/@VhsFrank
2479,@jieouyang8131,Always be careful using the staff be careful using it because it is dangerous,UgxhB3ZK9_vxM-lfcE94AaABAg,,0,https://www.youtube.com/watch?v=lT3vGaOLWqE&lc=UgxhB3ZK9_vxM-lfcE94AaABAg,8/21/2021 12:51,0,Always be careful using the staff be careful using it because it is dangerous,http://www.youtube.com/@jieouyang8131
2480,@kingkush1489,I wish I\'d seen this years ago this reminds me of many of my birthday parties,Ugy5VN1YXO9pUCPqrpx4AaABAg,,1,https://www.youtube.com/watch?v=lT3vGaOLWqE&lc=Ugy5VN1YXO9pUCPqrpx4AaABAg,8/21/2021 7:59,0,I wish I\'d seen this years ago this reminds me of many of my birthday parties,http://www.youtube.com/@kingkush1489
2481,@phamquoctrung2207,lol,UgzjWvuRjxZ6J47djm54AaABAg,,0,https://www.youtube.com/watch?v=lT3vGaOLWqE&lc=UgzjWvuRjxZ6J47djm54AaABAg,8/21/2021 7:23,0,lol,http://www.youtube.com/@phamquoctrung2207
2482,@tinomuse3901,Nice video. I love your jokes.,UgwAOL2YxY7MSfz1wGZ4AaABAg,,0,https://www.youtube.com/watch?v=lT3vGaOLWqE&lc=UgwAOL2YxY7MSfz1wGZ4AaABAg,8/20/2021 16:48,0,Nice video. I love your jokes.,http://www.youtube.com/@tinomuse3901
2483,@EllusionZ,8:00 ?§£?§£?§£?§£??≠??≠??≠??≠,UgzUnXvXALzIWFGf5SB4AaABAg,,1,https://www.youtube.com/watch?v=lT3vGaOLWqE&lc=UgzUnXvXALzIWFGf5SB4AaABAg,8/20/2021 12:00,0,8:00 ?§£?§£?§£?§£??≠??≠??≠??≠,http://www.youtube.com/@EllusionZ
2484,@woeisme3018,Isaac reference???5,UgyWmw_i-8YZ9CDndxF4AaABAg,,0,https://www.youtube.com/watch?v=lT3vGaOLWqE&lc=UgyWmw_i-8YZ9CDndxF4AaABAg,8/20/2021 8:57,0,Isaac reference???5,http://www.youtube.com/@woeisme3018
2485,@ezra967,Is it wrong that I started laughing so hard that I started to cry?§£,UgxHC1u7MOpTxSMp6ex4AaABAg,,0,https://www.youtube.com/watch?v=lT3vGaOLWqE&lc=UgxHC1u7MOpTxSMp6ex4AaABAg,8/20/2021 5:58,0,Is it wrong that I started laughing so hard that I started to cry?§£,http://www.youtube.com/@ezra967
2486,@ryanxz_quit-5041,S,UgyHJ1HI41vcNvExFpB4AaABAg,,0,https://www.youtube.com/watch?v=lT3vGaOLWqE&lc=UgyHJ1HI41vcNvExFpB4AaABAg,8/20/2021 4:29,0,S,http://www.youtube.com/@ryanxz_quit-5041
2487,@Rxibfrsv,and thats how to make elecric body,UgxJeKWUl63b2WZkcdN4AaABAg,,0,https://www.youtube.com/watch?v=lT3vGaOLWqE&lc=UgxJeKWUl63b2WZkcdN4AaABAg,8/19/2021 20:27,0,and thats how to make elecric body,http://www.youtube.com/@Rxibfrsv
2488,@notharry9328,cool,Ugz4z7ApxBMjFN61X6Z4AaABAg,,0,https://www.youtube.com/watch?v=lT3vGaOLWqE&lc=Ugz4z7ApxBMjFN61X6Z4AaABAg,8/19/2021 14:35,0,cool,http://www.youtube.com/@notharry9328
2489,@spencerlee8086,I do say I would have crapped my pants,UgwEVcdz8Uec6GU8PIB4AaABAg,,0,https://www.youtube.com/watch?v=lT3vGaOLWqE&lc=UgwEVcdz8Uec6GU8PIB4AaABAg,8/19/2021 12:29,0,I do say I would have crapped my pants,http://www.youtube.com/@spencerlee8086
2490,@utfgamingyt8294,7:42 that 60hz arcs?,Ugw69TG1JnbxeAl8gQB4AaABAg,,26,https://www.youtube.com/watch?v=lT3vGaOLWqE&lc=Ugw69TG1JnbxeAl8gQB4AaABAg,8/18/2021 20:45,1,7:42 that 60hz arcs?,http://www.youtube.com/@utfgamingyt8294
2491,@Engineer_Anton,No sh! It is,Ugw69TG1JnbxeAl8gQB4AaABAg.9RCcwlOFDsuA-mFScSvI9j,@utfgamingyt8294,0,https://www.youtube.com/watch?v=lT3vGaOLWqE&lc=Ugw69TG1JnbxeAl8gQB4AaABAg.9RCcwlOFDsuA-mFScSvI9j,2/13/2024 19:53,0,No sh! It is,http://www.youtube.com/@Engineer_Anton
2492,@gorgetodorov1380,?§£?§£?§£?§£?§£?§£?§£?§£?§£?§£?§£?§£?§£?§£?§£?§£?§£?§£?§£?§£?§£?§£?§£?§£?§£?§£?§£?§£?§£?§£,UgxnI-3mbS9Ji57Xu0B4AaABAg,,1,https://www.youtube.com/watch?v=lT3vGaOLWqE&lc=UgxnI-3mbS9Ji57Xu0B4AaABAg,8/18/2021 17:23,0,?§£?§£?§£?§£?§£?§£?§£?§£?§£?§£?§£?§£?§£?§£?§£?§£?§£?§£?§£?§£?§£?§£?§£?§£?§£?§£?§£?§£?§£?§£,http://www.youtube.com/@gorgetodorov1380
2493,@utfgamingyt8294,7:41 or 7:42,Ugymbl6SpYS7BBlpL2B4AaABAg,,0,https://www.youtube.com/watch?v=lT3vGaOLWqE&lc=Ugymbl6SpYS7BBlpL2B4AaABAg,8/18/2021 10:36,0,7:41 or 7:42,http://www.youtube.com/@utfgamingyt8294
2494,@cheesysammy82,7:57 I can‚??t stop laughing ???????????????,UgzyAWrF2vMuBT22HAF4AaABAg,,1,https://www.youtube.com/watch?v=lT3vGaOLWqE&lc=UgzyAWrF2vMuBT22HAF4AaABAg,8/18/2021 4:04,0,7:57 I can‚??t stop laughing ???????????????,http://www.youtube.com/@cheesysammy82
2495,@pepelopezlopez8940,Que peligro,UgzBH7ELByaflU7chRF4AaABAg,,0,https://www.youtube.com/watch?v=lT3vGaOLWqE&lc=UgzBH7ELByaflU7chRF4AaABAg,8/15/2021 21:43,0,Que peligro,http://www.youtube.com/@pepelopezlopez8940
2496,@TheRetroShed,Microwave transformers = lethal! How are you still alive?!! Love it. I suppose it‚??s pointless to say ‚??stay safe man!‚?ù :),Ugz4uBMka21tUGP58kd4AaABAg,,1,https://www.youtube.com/watch?v=lT3vGaOLWqE&lc=Ugz4uBMka21tUGP58kd4AaABAg,8/15/2021 3:03,0,Microwave transformers = lethal! How are you still alive?!! Love it. I suppose it‚??s pointless to say ‚??stay safe man!‚?ù :),http://www.youtube.com/@TheRetroShed
2497,@giovannimaiello7529,This guy is completely bonkers ??????,UgwMLh1OZzQ0wFs3UWt4AaABAg,,0,https://www.youtube.com/watch?v=lT3vGaOLWqE&lc=UgwMLh1OZzQ0wFs3UWt4AaABAg,8/14/2021 17:01,0,This guy is completely bonkers ??????,http://www.youtube.com/@giovannimaiello7529
2498,@timpeute9324,hi,UgzTOzMMeY2yikJ1Ce94AaABAg,,0,https://www.youtube.com/watch?v=lT3vGaOLWqE&lc=UgzTOzMMeY2yikJ1Ce94AaABAg,8/14/2021 5:48,0,hi,http://www.youtube.com/@timpeute9324
2499,@darraghdanny420,7:57 moments before disaster,Ugw09aLQMGb2UOa6kpl4AaABAg,,1,https://www.youtube.com/watch?v=lT3vGaOLWqE&lc=Ugw09aLQMGb2UOa6kpl4AaABAg,8/13/2021 12:05,0,7:57 moments before disaster,http://www.youtube.com/@darraghdanny420
2500,@Orincaby,"""of all people fell on top of me"" hmm if only it fell on somebody else",UgxHuSbfSwerWJfwta54AaABAg,,0,https://www.youtube.com/watch?v=lT3vGaOLWqE&lc=UgxHuSbfSwerWJfwta54AaABAg,8/13/2021 9:17,0,"""of all people fell on top of me"" hmm if only it fell on somebody else",http://www.youtube.com/@Orincaby
